case_id,source_language,status,bytes,format,executed,exit_code,diagnostic
2a94d180bf3f6ba76914b887db091d9f4da89a69649a49d6c2989eb2fa4c2bbb,kotlin,FAIL,0,PE32+,false,,"native function y: native unresolved binding ""in"" node=10"
ed8dcb72eb6d5f05571966c407eab1dee5ef809b8bca709ea36058873b9444ba,kotlin,FAIL,0,PE32+,false,,"native unresolved binding ""when"" node=1"
9fbbf8a123241387efaa79425f4cce271f8cf1f3ef3d06f045a08267be43ffde,kotlin,FAIL,0,PE32+,false,,UNIMPLEMENTED_NATIVE_GAP function binding node=2
1877b5d9c257f5b506b5597a278604bbd15c9a7d2e5b3b848938041e675b6f1d,kotlin,FAIL,0,PE32+,false,,UNIMPLEMENTED_NATIVE_GAP function binding node=2
4f05fdeac5042261368616b0fbb19fa866408ed0beda38f6826f095ff8be9981,kotlin,FAIL,0,PE32+,false,,UNIMPLEMENTED_NATIVE_GAP function binding node=2
fb3b0d84bf85e342510c47b92b2b380555529f511a61e39e520463a8cbbf86d0,kotlin,FAIL,0,PE32+,false,,UNIMPLEMENTED_NATIVE_GAP function binding node=2
0f7a681b866b7b0ad3187d57059de85ed085213d00695a5155a9bea339c32b40,kotlin,FAIL,0,PE32+,false,,"native unresolved binding ""overrides.find"" node=1"
6e37a8a8c20c0f147870e10dd5187e1538d3973a8e4c4bf74216e88cda25bd35,kotlin,FAIL,0,PE32+,false,,"native literal representation ""string"" unavailable"
a5380861363d2a568f8297fcec8c9b248e4cc44b23937fbc152613f12169310b,kotlin,FAIL,0,PE32+,false,,"native call ""expect"" requires linked implementation"
7b18447c1982a52e31be0af748e5fdd4b2ed8140684fa257aa37222391c58c1f,kotlin,FAIL,0,PE32+,false,,"native call ""expect"" requires linked implementation"
1974125c1eede7567b526af84804e71c27f977db2b16d8e38ca84b2c30960571,kotlin,FAIL,0,PE32+,false,,UNIMPLEMENTED_NATIVE_GAP function binding node=1
e45763b4d08605cffa31cb61c26071274cda2b87a23a9f9b0a6e7a80ca540e33,kotlin,FAIL,0,PE32+,false,,"native unresolved binding ""foo"" node=1"
75e339bacb0eceff12c6469b5f47ef7329050e4d93a0b6547e1f655f8bf00d59,kotlin,FAIL,0,PE32+,false,,"native unresolved binding ""a"" node=2"
58155ece3d0e91a7a808fd6c58c48c4805e5ffc8c2c9698e6ce1c7ff6091dadb,kotlin,FAIL,0,PE32+,false,,native node 1 missing operand [expression]
849b6ad50aa14dc773915d193c4f166b0c09154997ceac11f0df7175d42f9770,kotlin,FAIL,0,PE32+,false,,UNIMPLEMENTED_NATIVE_GAP function binding node=1
6bf1af3150a9dea2727503f70dca70d41c81e0e48be6f9b1d7c215707d376274,kotlin,FAIL,0,PE32+,false,,UNIMPLEMENTED_NATIVE_GAP function binding node=4
08265025a1136e5a181a823ba8c66e865c52c5323bb2aada2468957873711254,kotlin,FAIL,0,PE32+,false,,UNIMPLEMENTED_NATIVE_GAP function binding node=1
9c6b79a64cd50ec69f8b32c2e3f9ff312e358b0e24b30549909ff4784fff8385,kotlin,FAIL,0,PE32+,false,,UNIMPLEMENTED_NATIVE_GAP function binding node=2
4cf2d3d662dcfbd6a204f3b8d28d90d703565e1cc889c696eea0bc62172a9e8b,kotlin,FAIL,0,PE32+,false,,UNIMPLEMENTED_NATIVE_GAP function binding node=12
c89c03f1ddb7cd841fa6fcd252d9c195140e6a85a969048f0862f9c6ce680408,kotlin,PASS,2048,PE32+,false,,
f9b74a9a2f1e4d87685fea3d25ae6eccd1a978e2c4259834a2c61899ed4af564,kotlin,FAIL,0,PE32+,false,,"native call ""foo"" requires linked implementation"
46c5958c977b0f6a99ee5c41835d68bd28f0ff893aa73509114d251ba1014504,kotlin,FAIL,0,PE32+,false,,UNIMPLEMENTED_NATIVE_GAP function binding node=1
cb27a4a21ee68f3291d558ac403d64dc21af6d2a1f6e901414a681e5f27ad86d,kotlin,FAIL,0,PE32+,false,,"native unresolved binding ""cond1"" node=1"
fb73af903f1dcecbe067db6d5555600978090d65344acc00004f0a2462cc37bd,kotlin,FAIL,0,PE32+,false,,"native unresolved binding ""true"" node=1"
efb42b2f67ff8c8316998c2aa0b572a05b9732c7f5a78358be727ae49d3c9ed1,kotlin,FAIL,0,PE32+,false,,"native unresolved binding ""a"" node=1"
0f8bfed18d573326a90ea430fd7c951029579d9ce0ceae76ce0a0bd41bab2d25,kotlin,FAIL,0,PE32+,false,,"native unresolved binding ""a"" node=1"
ad80fb9db309fe228cb05f0458dfd3c2961aa680784bc441b6dbd95e763970ae,kotlin,FAIL,0,PE32+,false,,"native unresolved binding ""a"" node=1"
9145907324a0cd69f7d94bf43c5114f005afa3d7de83707588b54c824150c546,kotlin,PASS,2048,PE32+,false,,
f8d3e5901653fc752dc1a7fafaefca9f8e03f365783be40ab4de76d945ca8a45,kotlin,PASS,2048,PE32+,false,,
ca2d9ceb8eb0817f08742661e651dfee43b05173ad1cdcedb4778dcbe7bb3f23,kotlin,PASS,2048,PE32+,false,,
7768df3f82e7cfc57a5814d4e8bb927bb8b7f752013ded15460dc9a8d9691067,kotlin,PASS,2048,PE32+,false,,
eb7c9044da19554ff976b1289812f3e93c6e97844ec0a9676fa2c74cbab7ebb1,kotlin,PASS,2048,PE32+,false,,
98ae75215327f8d092495d30f48c51ce61c0e59edfbdda9ce3090d2167d11318,kotlin,PASS,2048,PE32+,false,,
848e10827e45df959bc83af6d36729578f12a4665d752091bd7a789a0e04972e,kotlin,PASS,2048,PE32+,false,,
5babebfc6a9e6b53bc6f856f5889b22384dce7cc9e340924727beb851d99c2fc,kotlin,FAIL,0,PE32+,false,,UNIMPLEMENTED_NATIVE_GAP node=4 kind=index operation=
96b9711167254512b5ce692d442c60c6f30885e437c27f40f50c51f8a1b32aaf,kotlin,FAIL,0,PE32+,false,,UNIMPLEMENTED_NATIVE_GAP node=3 kind=index operation=
15f8a15f97c775baeef720e3ad4b58054edf1f38a2f40f3ee16eb5748e44a51e,kotlin,FAIL,0,PE32+,false,,UNIMPLEMENTED_NATIVE_GAP function binding node=2
789e87e634cebae31d12e8ef8517bc5c73c80f16ca4251c66ae76fa84277ecea,kotlin,FAIL,0,PE32+,false,,UNIMPLEMENTED_NATIVE_GAP function binding node=2
86aa83164372813ec8a01936687bbae2b32fadd18c47a52f42822798471ec72a,kotlin,FAIL,0,PE32+,false,,UNIMPLEMENTED_NATIVE_GAP function binding node=2
ce1f813231053cb5638fda3a4cb29787d4cb8eb1de0c98b67e7f40dc5c41307e,kotlin,FAIL,0,PE32+,false,,UNIMPLEMENTED_NATIVE_GAP function binding node=2
2f264ce2e17bc5e841b7c210b2930e1975d596b118c11944bbfeda48fba8a87a,kotlin,FAIL,0,PE32+,false,,UNIMPLEMENTED_NATIVE_GAP function binding node=2
4f1b01404e85f7c722723832ba56207d992f487a782cf3cc640885213989fb83,kotlin,FAIL,0,PE32+,false,,UNIMPLEMENTED_NATIVE_GAP function binding node=2
32d5694af992964e44f87739d353d31ad22ebdda3dfd3d48a08caa6bd04d5b04,kotlin,FAIL,0,PE32+,false,,UNIMPLEMENTED_NATIVE_GAP node=1 kind=module operation=
740c77458bf0fd588cb1835ebac72649e0b0409b1c9f8b5820844067b5a2affc,kotlin,FAIL,0,PE32+,false,,UNIMPLEMENTED_NATIVE_GAP function binding node=1
5020beb6873b5c0c76559fb807b9cc7cf93ee75ec6ba14fa73874f50a437834f,kotlin,FAIL,0,PE32+,false,,UNIMPLEMENTED_NATIVE_GAP function binding node=3
38714a35852d4e118b06a1e31e0afd7a8ab480dcd3d3513e57868c1f2c361a31,kotlin,FAIL,0,PE32+,false,,UNIMPLEMENTED_NATIVE_GAP function binding node=2
e326eec2300015adea41429a012fcd174e6a01b4aede2f93be8024d94184404e,kotlin,FAIL,0,PE32+,false,,UNIMPLEMENTED_NATIVE_GAP function binding node=1
a3752c352ddd3508a2760826de6669693864aa278e9cdee1378845a4ac63906e,kotlin,FAIL,0,PE32+,false,,UNIMPLEMENTED_NATIVE_GAP function binding node=3
8c88c78f61094d503c51a24e362a2bb3da75a415dff409e53103569d8e398b6a,kotlin,PASS,2048,PE32+,false,,
64e4959f4c06c0abf7886465f8c0e2dda1b603eccf607cdb57991579b19727ed,kotlin,FAIL,0,PE32+,false,,UNIMPLEMENTED_NATIVE_GAP function binding node=1
