quotient_id,signature,affected_cases,affected_languages,failure_count
Q0001,BINARY_LIFT|UNKNOWN_FAILURE|binary_lift_assembly,07bcec9ed834548b4d485fd335a55de9af77eb105a69cb1082be47a94a5ab696;56465747026917db861fc3b3e3e9f556cb6786f61c79672115cc55e9735d9567;dc520e057860919c7da578923ae88a361a4556b6519dd18b1591fa0f32a8f223;f0e5139df2508dfddb61a33f4f13f2aed57a233978eefe21970fe09bb5976f2a,cpp;rust,4
Q0002,BINARY_LIFT|UNKNOWN_FAILURE|binary_lift_executable,07bcec9ed834548b4d485fd335a55de9af77eb105a69cb1082be47a94a5ab696;56465747026917db861fc3b3e3e9f556cb6786f61c79672115cc55e9735d9567;dc520e057860919c7da578923ae88a361a4556b6519dd18b1591fa0f32a8f223;f0e5139df2508dfddb61a33f4f13f2aed57a233978eefe21970fe09bb5976f2a,cpp;rust,4
Q0003,BINARY_LIFT|UNKNOWN_FAILURE|binary_lift_machine_code,07bcec9ed834548b4d485fd335a55de9af77eb105a69cb1082be47a94a5ab696;56465747026917db861fc3b3e3e9f556cb6786f61c79672115cc55e9735d9567;dc520e057860919c7da578923ae88a361a4556b6519dd18b1591fa0f32a8f223;f0e5139df2508dfddb61a33f4f13f2aed57a233978eefe21970fe09bb5976f2a,cpp;rust,4
Q0004,BINARY_LIFT|UNKNOWN_FAILURE|binary_lift_object,07bcec9ed834548b4d485fd335a55de9af77eb105a69cb1082be47a94a5ab696;56465747026917db861fc3b3e3e9f556cb6786f61c79672115cc55e9735d9567;dc520e057860919c7da578923ae88a361a4556b6519dd18b1591fa0f32a8f223;f0e5139df2508dfddb61a33f4f13f2aed57a233978eefe21970fe09bb5976f2a,cpp;rust,4
Q0005,N0_SOURCE_PARSE|FRONTEND|native,04963a27fcb254e9c27d3ed7d84b1eadcfbfe825174ad3eb058e51093d61d9f9;3b232fc1f6c9d72d73e45784cb23811b268048d280347501ee7dfb3ff03de49f;90fee04da854d16e0032f3e5d1b33981072d86f083f12998d370f7adfafcb8d5;fbca5f1042ffaad3b9d56962d648cf8a923ba729a282d53d5347904aa148b2f7,cpp;rust,4
Q0006,NATIVE|UNKNOWN_FAILURE|assembly,03c80735103fdaa563b39a7ce96e63707a0cbb88b7a380ee5e6e0117a6a721fe;074b477adae6dce53d3f3c01c3fe8cdeae34bc4ec39766667647adbebb4b724d;0bb24b62c353d075cf2f4846234569f18eb3fdab28102617d798b47e4a125afe;0c1b8755c6618cd9f579ae754b808d328902e82cf5b8a6251ddcddae98782f0f;130a15e72ff795b5e3497cc3567f4271db846fc098114dd222f168d1d8acc451;166c6f59283de4f9a93946a06c47cfcdd3db7cc0cd28f1351885a0ccb00f222d;1a1b7ae5df067f3b087effa578c3429b5da5f0c51e27e426f7fe7a9890a8ad92;2e493220339f30d45f6d07805f8c1bc084d2bb9de9500c75cfe83717b667430f;33a64d4e8e393a13c8265a21e0ea1006a2eafa947985c78d8f6331577c484b65;34be35991e260e9e30fc546ba594e4656ccdcbb8e04d732bd6bdc75b02d23801;4dfa4626d2ee905212e81bf8440e1ab2afa072083697a8af0cd3411678079236;629c5549a37626ce4673add3b76a9503aadb3873d78015b33dd323cb36018a2d;67642cddc710ca3f6c8dc0227d775210ce57d6b870f8fc4725563c26e5530904;6e5de94e8d95410cc2c0ea7d2d76e96ebe4ee3cd66eb98905be7a059c23ad5eb;721a686ec5fd17967c79bd9b214e4db5cf7dadb0f6c1ac6b168467c5199ba2b4;7430cb0ac7d85500e4d516717bc6450fc8969aee0fdda003512943d2e8b1ba07;78d5cf05bff29402a11d86b6f15831b1f97ecbb0704a88da98149916780e3723;78d7c78e9e34be8bf63c11321567fa282dc831144ed83566cf7d9901617c03a0;7be1e43d0b211a8a09208ab034150e58b419a4b4048ebcd8a3423f1193d9f34b;832c601ef6f8ef61ab9e88a8d9510bbdc02be2f4ca67ac5045dd787679ca0bb3;83a9c9a81494f812720a08b3c339faea346aef26bac8e9755123490f98a65567;87f9a04da69afeae76c814c048454014ac28057f1904665388aa5613cf678449;9521d747c555af7a0d9fd4608f995ec66e4931ba7e6f202b6a8876260e7dd384;99800e207bb314e52cbff067398ad97558c7e33b7b64973ac6903bd63896a018;9cb13e5758fa52584a1397cc278f4d8ebcf865a1ed14d08d730b675bfc60d26a;a47ff80fdb18d0224914c6686dd4e2cefda36f29f6f4fb3b57604dc5a418ddf9;a68594a657677001df5c31c55b453464db9c4a9586700eb3e38ab876c8dc601f;a6fa062e19ba86097f8d2100ef096a22ed3920d4d645f9daf8cbe322c417e73a;ad4931a1fb5f584b2f37d78ab507148918d8ea0cb39dc31ba273f625bf2a82f8;ae6c2e89fe4d85199f22ca0806f734b5261a3dad751316f0ed5ab1e51bd65c41;af57fd65c358d7ec661ebb4ba74896f80fe6fe5bf3332b83416e3ae2b34a74a3;ba949c0a657cc689894beb726f7fbed27125a4d41ceff2f22b88754e447b303d;c3f9021c76e02c6e50205a7efbf69860d5021b05c74bd0de73635daa04eb87ee;d34a6a9f5a0bc348f1f4b73c64a777bcc9a8e87701e0ddb42b88185bb057959f;d63684c27bbe0a75d50a758b3f575f5b050c20db7465421495bac6efd64ee32c;d930f1f04c71b97aad9501a0ff98eb4d5d6a336521accbc9b50279dae386518a;da6947bb4c93e135dcaf9785db70684921877c541bc6197942d5fdec437f0949;e6fd9cbf72f21cab04e607cfb71ed554b050277c2c9027a3e4183b217febc040;ea9b4aad7ee9ae7b5e2382db3e5fb61f55de2f4b667ffb01a0c2f44285f3d666;eeb353db4eb66f2df1a16a34b492011a29c114b0b4dd2602790b9a0c4641fe01;f05d31625b2b7465a5952e8d13f20eb1d3ab69d645e3992af236f5d21bd0a0f9;feb0389dbafd5070404396e082590ca8ec64cd2f6b63ed88442fa65b8ea62b9c,cpp;rust,42
Q0007,NATIVE|UNKNOWN_FAILURE|executable,03c80735103fdaa563b39a7ce96e63707a0cbb88b7a380ee5e6e0117a6a721fe;074b477adae6dce53d3f3c01c3fe8cdeae34bc4ec39766667647adbebb4b724d;0bb24b62c353d075cf2f4846234569f18eb3fdab28102617d798b47e4a125afe;0c1b8755c6618cd9f579ae754b808d328902e82cf5b8a6251ddcddae98782f0f;130a15e72ff795b5e3497cc3567f4271db846fc098114dd222f168d1d8acc451;166c6f59283de4f9a93946a06c47cfcdd3db7cc0cd28f1351885a0ccb00f222d;1a1b7ae5df067f3b087effa578c3429b5da5f0c51e27e426f7fe7a9890a8ad92;2e493220339f30d45f6d07805f8c1bc084d2bb9de9500c75cfe83717b667430f;33a64d4e8e393a13c8265a21e0ea1006a2eafa947985c78d8f6331577c484b65;34be35991e260e9e30fc546ba594e4656ccdcbb8e04d732bd6bdc75b02d23801;4dfa4626d2ee905212e81bf8440e1ab2afa072083697a8af0cd3411678079236;629c5549a37626ce4673add3b76a9503aadb3873d78015b33dd323cb36018a2d;67642cddc710ca3f6c8dc0227d775210ce57d6b870f8fc4725563c26e5530904;6e5de94e8d95410cc2c0ea7d2d76e96ebe4ee3cd66eb98905be7a059c23ad5eb;721a686ec5fd17967c79bd9b214e4db5cf7dadb0f6c1ac6b168467c5199ba2b4;7430cb0ac7d85500e4d516717bc6450fc8969aee0fdda003512943d2e8b1ba07;78d5cf05bff29402a11d86b6f15831b1f97ecbb0704a88da98149916780e3723;78d7c78e9e34be8bf63c11321567fa282dc831144ed83566cf7d9901617c03a0;7be1e43d0b211a8a09208ab034150e58b419a4b4048ebcd8a3423f1193d9f34b;832c601ef6f8ef61ab9e88a8d9510bbdc02be2f4ca67ac5045dd787679ca0bb3;83a9c9a81494f812720a08b3c339faea346aef26bac8e9755123490f98a65567;87f9a04da69afeae76c814c048454014ac28057f1904665388aa5613cf678449;9521d747c555af7a0d9fd4608f995ec66e4931ba7e6f202b6a8876260e7dd384;99800e207bb314e52cbff067398ad97558c7e33b7b64973ac6903bd63896a018;9cb13e5758fa52584a1397cc278f4d8ebcf865a1ed14d08d730b675bfc60d26a;a47ff80fdb18d0224914c6686dd4e2cefda36f29f6f4fb3b57604dc5a418ddf9;a68594a657677001df5c31c55b453464db9c4a9586700eb3e38ab876c8dc601f;a6fa062e19ba86097f8d2100ef096a22ed3920d4d645f9daf8cbe322c417e73a;ad4931a1fb5f584b2f37d78ab507148918d8ea0cb39dc31ba273f625bf2a82f8;ae6c2e89fe4d85199f22ca0806f734b5261a3dad751316f0ed5ab1e51bd65c41;af57fd65c358d7ec661ebb4ba74896f80fe6fe5bf3332b83416e3ae2b34a74a3;ba949c0a657cc689894beb726f7fbed27125a4d41ceff2f22b88754e447b303d;c3f9021c76e02c6e50205a7efbf69860d5021b05c74bd0de73635daa04eb87ee;d34a6a9f5a0bc348f1f4b73c64a777bcc9a8e87701e0ddb42b88185bb057959f;d63684c27bbe0a75d50a758b3f575f5b050c20db7465421495bac6efd64ee32c;d930f1f04c71b97aad9501a0ff98eb4d5d6a336521accbc9b50279dae386518a;da6947bb4c93e135dcaf9785db70684921877c541bc6197942d5fdec437f0949;e6fd9cbf72f21cab04e607cfb71ed554b050277c2c9027a3e4183b217febc040;ea9b4aad7ee9ae7b5e2382db3e5fb61f55de2f4b667ffb01a0c2f44285f3d666;eeb353db4eb66f2df1a16a34b492011a29c114b0b4dd2602790b9a0c4641fe01;f05d31625b2b7465a5952e8d13f20eb1d3ab69d645e3992af236f5d21bd0a0f9;feb0389dbafd5070404396e082590ca8ec64cd2f6b63ed88442fa65b8ea62b9c,cpp;rust,42
Q0008,NATIVE|UNKNOWN_FAILURE|machine_code,03c80735103fdaa563b39a7ce96e63707a0cbb88b7a380ee5e6e0117a6a721fe;074b477adae6dce53d3f3c01c3fe8cdeae34bc4ec39766667647adbebb4b724d;0bb24b62c353d075cf2f4846234569f18eb3fdab28102617d798b47e4a125afe;0c1b8755c6618cd9f579ae754b808d328902e82cf5b8a6251ddcddae98782f0f;130a15e72ff795b5e3497cc3567f4271db846fc098114dd222f168d1d8acc451;166c6f59283de4f9a93946a06c47cfcdd3db7cc0cd28f1351885a0ccb00f222d;1a1b7ae5df067f3b087effa578c3429b5da5f0c51e27e426f7fe7a9890a8ad92;2e493220339f30d45f6d07805f8c1bc084d2bb9de9500c75cfe83717b667430f;33a64d4e8e393a13c8265a21e0ea1006a2eafa947985c78d8f6331577c484b65;34be35991e260e9e30fc546ba594e4656ccdcbb8e04d732bd6bdc75b02d23801;4dfa4626d2ee905212e81bf8440e1ab2afa072083697a8af0cd3411678079236;629c5549a37626ce4673add3b76a9503aadb3873d78015b33dd323cb36018a2d;67642cddc710ca3f6c8dc0227d775210ce57d6b870f8fc4725563c26e5530904;6e5de94e8d95410cc2c0ea7d2d76e96ebe4ee3cd66eb98905be7a059c23ad5eb;721a686ec5fd17967c79bd9b214e4db5cf7dadb0f6c1ac6b168467c5199ba2b4;7430cb0ac7d85500e4d516717bc6450fc8969aee0fdda003512943d2e8b1ba07;78d5cf05bff29402a11d86b6f15831b1f97ecbb0704a88da98149916780e3723;78d7c78e9e34be8bf63c11321567fa282dc831144ed83566cf7d9901617c03a0;7be1e43d0b211a8a09208ab034150e58b419a4b4048ebcd8a3423f1193d9f34b;832c601ef6f8ef61ab9e88a8d9510bbdc02be2f4ca67ac5045dd787679ca0bb3;83a9c9a81494f812720a08b3c339faea346aef26bac8e9755123490f98a65567;87f9a04da69afeae76c814c048454014ac28057f1904665388aa5613cf678449;9521d747c555af7a0d9fd4608f995ec66e4931ba7e6f202b6a8876260e7dd384;99800e207bb314e52cbff067398ad97558c7e33b7b64973ac6903bd63896a018;9cb13e5758fa52584a1397cc278f4d8ebcf865a1ed14d08d730b675bfc60d26a;a47ff80fdb18d0224914c6686dd4e2cefda36f29f6f4fb3b57604dc5a418ddf9;a68594a657677001df5c31c55b453464db9c4a9586700eb3e38ab876c8dc601f;a6fa062e19ba86097f8d2100ef096a22ed3920d4d645f9daf8cbe322c417e73a;ad4931a1fb5f584b2f37d78ab507148918d8ea0cb39dc31ba273f625bf2a82f8;ae6c2e89fe4d85199f22ca0806f734b5261a3dad751316f0ed5ab1e51bd65c41;af57fd65c358d7ec661ebb4ba74896f80fe6fe5bf3332b83416e3ae2b34a74a3;ba949c0a657cc689894beb726f7fbed27125a4d41ceff2f22b88754e447b303d;c3f9021c76e02c6e50205a7efbf69860d5021b05c74bd0de73635daa04eb87ee;d34a6a9f5a0bc348f1f4b73c64a777bcc9a8e87701e0ddb42b88185bb057959f;d63684c27bbe0a75d50a758b3f575f5b050c20db7465421495bac6efd64ee32c;d930f1f04c71b97aad9501a0ff98eb4d5d6a336521accbc9b50279dae386518a;da6947bb4c93e135dcaf9785db70684921877c541bc6197942d5fdec437f0949;e6fd9cbf72f21cab04e607cfb71ed554b050277c2c9027a3e4183b217febc040;ea9b4aad7ee9ae7b5e2382db3e5fb61f55de2f4b667ffb01a0c2f44285f3d666;eeb353db4eb66f2df1a16a34b492011a29c114b0b4dd2602790b9a0c4641fe01;f05d31625b2b7465a5952e8d13f20eb1d3ab69d645e3992af236f5d21bd0a0f9;feb0389dbafd5070404396e082590ca8ec64cd2f6b63ed88442fa65b8ea62b9c,cpp;rust,42
Q0009,NATIVE|UNKNOWN_FAILURE|object,03c80735103fdaa563b39a7ce96e63707a0cbb88b7a380ee5e6e0117a6a721fe;074b477adae6dce53d3f3c01c3fe8cdeae34bc4ec39766667647adbebb4b724d;0bb24b62c353d075cf2f4846234569f18eb3fdab28102617d798b47e4a125afe;0c1b8755c6618cd9f579ae754b808d328902e82cf5b8a6251ddcddae98782f0f;130a15e72ff795b5e3497cc3567f4271db846fc098114dd222f168d1d8acc451;166c6f59283de4f9a93946a06c47cfcdd3db7cc0cd28f1351885a0ccb00f222d;1a1b7ae5df067f3b087effa578c3429b5da5f0c51e27e426f7fe7a9890a8ad92;2e493220339f30d45f6d07805f8c1bc084d2bb9de9500c75cfe83717b667430f;33a64d4e8e393a13c8265a21e0ea1006a2eafa947985c78d8f6331577c484b65;34be35991e260e9e30fc546ba594e4656ccdcbb8e04d732bd6bdc75b02d23801;4dfa4626d2ee905212e81bf8440e1ab2afa072083697a8af0cd3411678079236;629c5549a37626ce4673add3b76a9503aadb3873d78015b33dd323cb36018a2d;67642cddc710ca3f6c8dc0227d775210ce57d6b870f8fc4725563c26e5530904;6e5de94e8d95410cc2c0ea7d2d76e96ebe4ee3cd66eb98905be7a059c23ad5eb;721a686ec5fd17967c79bd9b214e4db5cf7dadb0f6c1ac6b168467c5199ba2b4;7430cb0ac7d85500e4d516717bc6450fc8969aee0fdda003512943d2e8b1ba07;78d5cf05bff29402a11d86b6f15831b1f97ecbb0704a88da98149916780e3723;78d7c78e9e34be8bf63c11321567fa282dc831144ed83566cf7d9901617c03a0;7be1e43d0b211a8a09208ab034150e58b419a4b4048ebcd8a3423f1193d9f34b;832c601ef6f8ef61ab9e88a8d9510bbdc02be2f4ca67ac5045dd787679ca0bb3;83a9c9a81494f812720a08b3c339faea346aef26bac8e9755123490f98a65567;87f9a04da69afeae76c814c048454014ac28057f1904665388aa5613cf678449;9521d747c555af7a0d9fd4608f995ec66e4931ba7e6f202b6a8876260e7dd384;99800e207bb314e52cbff067398ad97558c7e33b7b64973ac6903bd63896a018;9cb13e5758fa52584a1397cc278f4d8ebcf865a1ed14d08d730b675bfc60d26a;a47ff80fdb18d0224914c6686dd4e2cefda36f29f6f4fb3b57604dc5a418ddf9;a68594a657677001df5c31c55b453464db9c4a9586700eb3e38ab876c8dc601f;a6fa062e19ba86097f8d2100ef096a22ed3920d4d645f9daf8cbe322c417e73a;ad4931a1fb5f584b2f37d78ab507148918d8ea0cb39dc31ba273f625bf2a82f8;ae6c2e89fe4d85199f22ca0806f734b5261a3dad751316f0ed5ab1e51bd65c41;af57fd65c358d7ec661ebb4ba74896f80fe6fe5bf3332b83416e3ae2b34a74a3;ba949c0a657cc689894beb726f7fbed27125a4d41ceff2f22b88754e447b303d;c3f9021c76e02c6e50205a7efbf69860d5021b05c74bd0de73635daa04eb87ee;d34a6a9f5a0bc348f1f4b73c64a777bcc9a8e87701e0ddb42b88185bb057959f;d63684c27bbe0a75d50a758b3f575f5b050c20db7465421495bac6efd64ee32c;d930f1f04c71b97aad9501a0ff98eb4d5d6a336521accbc9b50279dae386518a;da6947bb4c93e135dcaf9785db70684921877c541bc6197942d5fdec437f0949;e6fd9cbf72f21cab04e607cfb71ed554b050277c2c9027a3e4183b217febc040;ea9b4aad7ee9ae7b5e2382db3e5fb61f55de2f4b667ffb01a0c2f44285f3d666;eeb353db4eb66f2df1a16a34b492011a29c114b0b4dd2602790b9a0c4641fe01;f05d31625b2b7465a5952e8d13f20eb1d3ab69d645e3992af236f5d21bd0a0f9;feb0389dbafd5070404396e082590ca8ec64cd2f6b63ed88442fa65b8ea62b9c,cpp;rust,42
