failure_id,case_id,source_language,target_language,output_kind,validation_stage,diagnostic_class,diagnostic
453ec99a1605d521ada513b97cfa8bed5a205e6b96c4409a22f95f203e7c8446,44103fdcb4beda4b5ccd98ae434d37038b2cd194c37ec586ef67afea0c61f226,cpp,go,source_target,V4_NATIVE_EMISSION,BACKEND,"DIRECT_NATIVE_UNAVAILABLE: target go emitted invalid syntax (other: C:\Users\tarek\AppData\Local\Temp\codetranspiler-syntax-986876184\program.go:10:22: expected ')', found 'const')"
793291aea969e450f4f2e4933a0118b8ae5bf412e544f0f017b4f96a61f372fb,44103fdcb4beda4b5ccd98ae434d37038b2cd194c37ec586ef67afea0c61f226,cpp,rust,source_target,V4_NATIVE_EMISSION,BACKEND,"DIRECT_NATIVE_UNAVAILABLE: target rust emitted invalid syntax (other: error: expected identifier, found keyword `const` --> C:\Users\tarek\AppData\Local\Temp\codetranspiler-syntax-3578278454\program.rs:3:26 | 3 | let mut A = |A: f64, const:"
bc6e97f439144f3ef9472aa966555f2333e0d638da17b578d825b62f421eea82,44103fdcb4beda4b5ccd98ae434d37038b2cd194c37ec586ef67afea0c61f226,cpp,cpp,source_target,V4_NATIVE_EMISSION,BACKEND,DIRECT_NATIVE_UNAVAILABLE: target cpp emitted invalid syntax (other: C:\Users\tarek\AppData\Local\Temp\codetranspiler-syntax-1865850985\program.cpp: In function 'int main()': C:\Users\tarek\AppData\Local\Temp\codetranspiler-syntax-186585098
abad7e323b0cd5c9bf50373a10af187ed8a10cdf7c466846aba117e15abbd3a3,44103fdcb4beda4b5ccd98ae434d37038b2cd194c37ec586ef67afea0c61f226,cpp,c,source_target,V4_NATIVE_EMISSION,BACKEND,"DIRECT_NATIVE_UNAVAILABLE: target c emitted invalid syntax (other: C:\Users\tarek\AppData\Local\Temp\codetranspiler-syntax-841649092\program.c:5:48: error: redefinition of parameter 'A' 5 | static double A(double A, double const, double A, "
1e4f150124364ad783a5b4cb45d3de207b27f10ab7d5498ae7bb0fb4463fbb91,44103fdcb4beda4b5ccd98ae434d37038b2cd194c37ec586ef67afea0c61f226,cpp,python,source_target,V4_NATIVE_EMISSION,BACKEND,"DIRECT_NATIVE_UNAVAILABLE: target python emitted invalid syntax (other: Sorry: IndentationError: expected an indented block after function definition on line 2 (program.py, line 2))"
b83b82bf596a1fb60898e574cd811a0067bf68c93d3945908859448f1c355381,44103fdcb4beda4b5ccd98ae434d37038b2cd194c37ec586ef67afea0c61f226,cpp,java,source_target,V4_NATIVE_EMISSION,BACKEND,"DIRECT_NATIVE_UNAVAILABLE: target java emitted invalid syntax (other: C:\Users\tarek\AppData\Local\Temp\codetranspiler-syntax-2764354041\Main.java:5: Fehler: ')' erwartet java.util.function.Function<Double, Double> A = (A, const, A, const) "
68e4c452da64311c901a6a58aae4fe22067230cf6a7eedce240aa6e72f90a6da,d40655e844511e1769968d1123a44a9f3f9718aa9c096e1c7706faf574be1b2b,cpp,r,source_target,V4_NATIVE_EMISSION,BACKEND,"execution primitive ""call"": CALL_ARGUMENT: node 10 argument 9 has no structured value contract"
e843d9a55ba783c2400c623b611753fbec3ef2a8b5b4f3b5c0f6f105a7e1ac5d,d40655e844511e1769968d1123a44a9f3f9718aa9c096e1c7706faf574be1b2b,cpp,go,source_target,V4_NATIVE_EMISSION,BACKEND,"execution primitive ""call"": CALL_ARGUMENT: node 10 argument 9 has no structured value contract"
ea881b3dc1bcad7e3991d70cabe4c829ba37d846466804e04f3a35f8bdc40c24,d40655e844511e1769968d1123a44a9f3f9718aa9c096e1c7706faf574be1b2b,cpp,rust,source_target,V4_NATIVE_EMISSION,BACKEND,"execution primitive ""call"": CALL_ARGUMENT: node 10 argument 9 has no structured value contract"
3692edd3262e30c82869716eca644c09bd0672dedc0696a0722cf31756ff4704,d40655e844511e1769968d1123a44a9f3f9718aa9c096e1c7706faf574be1b2b,cpp,cpp,source_target,V4_NATIVE_EMISSION,BACKEND,"execution primitive ""call"": CALL_ARGUMENT: node 10 argument 9 has no structured value contract"
2c7da2147656cc07df7edd5793f86eb7658831376d81a59181e9b58642937aa2,d40655e844511e1769968d1123a44a9f3f9718aa9c096e1c7706faf574be1b2b,cpp,c,source_target,V4_NATIVE_EMISSION,BACKEND,"execution primitive ""call"": CALL_ARGUMENT: node 10 argument 9 has no structured value contract"
e926dca131a4afa81d315260c621d12024e1c5924e952727439b3b9569e1050d,d40655e844511e1769968d1123a44a9f3f9718aa9c096e1c7706faf574be1b2b,cpp,python,source_target,V4_NATIVE_EMISSION,BACKEND,"execution primitive ""call"": CALL_ARGUMENT: node 10 argument 9 has no structured value contract"
b91c5a46a4592282d00c3771a28a2d1d7247ac239b17319d72e7d1a250a929fa,d40655e844511e1769968d1123a44a9f3f9718aa9c096e1c7706faf574be1b2b,cpp,zig,source_target,V4_NATIVE_EMISSION,BACKEND,"execution primitive ""call"": CALL_ARGUMENT: node 10 argument 9 has no structured value contract"
264b1e53f4f99917f295855992e842e08fae6667b9fd4afd174c26dbeb4c8c2c,d40655e844511e1769968d1123a44a9f3f9718aa9c096e1c7706faf574be1b2b,cpp,julia,source_target,V4_NATIVE_EMISSION,BACKEND,"execution primitive ""call"": CALL_ARGUMENT: node 10 argument 9 has no structured value contract"
2e8fde695fccb57413ed38a7a531e3ad75ec3fbf468a0e97ba52b2165623f243,d40655e844511e1769968d1123a44a9f3f9718aa9c096e1c7706faf574be1b2b,cpp,nim,source_target,V4_NATIVE_EMISSION,BACKEND,"execution primitive ""call"": CALL_ARGUMENT: node 10 argument 9 has no structured value contract"
4c7428ba78911952e2d69692c7b0b41fe0515d0966cd8844248f0c0f56a7a8cd,d40655e844511e1769968d1123a44a9f3f9718aa9c096e1c7706faf574be1b2b,cpp,csharp,source_target,V4_NATIVE_EMISSION,BACKEND,"execution primitive ""call"": CALL_ARGUMENT: node 10 argument 9 has no structured value contract"
cdfa96c3e75a616a34784012c9d57139ed55cbd00f70b7c65fc398b97df7f56d,d40655e844511e1769968d1123a44a9f3f9718aa9c096e1c7706faf574be1b2b,cpp,java,source_target,V4_NATIVE_EMISSION,BACKEND,"execution primitive ""call"": CALL_ARGUMENT: node 10 argument 9 has no structured value contract"
8f6d5dad356192b91ed854788267224854ad749f2ff82c4195ae63979e2acf52,d40655e844511e1769968d1123a44a9f3f9718aa9c096e1c7706faf574be1b2b,cpp,kotlin,source_target,V4_NATIVE_EMISSION,BACKEND,"execution primitive ""call"": CALL_ARGUMENT: node 10 argument 9 has no structured value contract"
2ad4b31460e16341f517e01f3e655413c3e5b7df425861493efb4fd6d9330d65,d40655e844511e1769968d1123a44a9f3f9718aa9c096e1c7706faf574be1b2b,cpp,swift,source_target,V4_NATIVE_EMISSION,BACKEND,"execution primitive ""call"": CALL_ARGUMENT: node 10 argument 9 has no structured value contract"
291f4017d4f83f6d959d8159dc2bf1d90ad14b73b54c024267585f5ceceda0ac,a667fb5d314608095a1cefac41709780633e7d1ed658fbfea6286d64e811b494,cpp,r,source_target,V4_NATIVE_EMISSION,BACKEND,"universal node 4 lacks required ""expression"" child"
9e24e17c8b62a18bfb40560b2a777874358943ddcd11d42b02c92a08ac553540,1b60d56bee9be3f84190e339bb1cdf1518434fea26524b2531dcde971684ed94,cpp,python,source_target,V4_NATIVE_EMISSION,BACKEND,"DIRECT_NATIVE_UNAVAILABLE: target python emitted invalid syntax (other: Sorry: IndentationError: expected an indented block after function definition on line 2 (program.py, line 2))"
f72248d32fbc081981b06a0673f5309fc1c74b6090319339bb77c129ad511b67,1b60d56bee9be3f84190e339bb1cdf1518434fea26524b2531dcde971684ed94,cpp,java,source_target,V4_NATIVE_EMISSION,BACKEND,DIRECT_NATIVE_UNAVAILABLE: target java emitted invalid syntax (other: C:\Users\tarek\AppData\Local\Temp\codetranspiler-syntax-2640999\Main.java:5: Fehler: Variable A ist bereits in Methode main(String[]) definiert java.util.function.Functio
e1172be98065a89353ff0b60985c0de5dde5c57acf47de8138c9e271eebc445f,a50ea09e1edcdf6ec012978512c20128b7209399c8707da48b8fce34b23a09e7,cpp,rust,source_target,V4_NATIVE_EMISSION,BACKEND,DIRECT_NATIVE_UNAVAILABLE: target rust emitted invalid syntax (other: error[E0425]: cannot find value `U` in this scope --> C:\Users\tarek\AppData\Local\Temp\codetranspiler-syntax-2461808630\program.rs:4:7 | 4 | ((U.clone() < V.clone()) > v
facad7da5ea5336b2e129de973eb2c8f4fded83c408d3e79055858ca80e6dc2f,a50ea09e1edcdf6ec012978512c20128b7209399c8707da48b8fce34b23a09e7,cpp,cpp,source_target,V4_NATIVE_EMISSION,BACKEND,DIRECT_NATIVE_UNAVAILABLE: target cpp emitted invalid syntax (other: C:\Users\tarek\AppData\Local\Temp\codetranspiler-syntax-4149703637\program.cpp: In function 'int main()': C:\Users\tarek\AppData\Local\Temp\codetranspiler-syntax-414970363
584ef1d0a897a838aedeee0343f5dcee3cd6a05267d9b83c22cbfe2e9f396d4e,a50ea09e1edcdf6ec012978512c20128b7209399c8707da48b8fce34b23a09e7,cpp,c,source_target,V4_NATIVE_EMISSION,BACKEND,DIRECT_NATIVE_UNAVAILABLE: target c emitted invalid syntax (expected expression: C:\Users\tarek\AppData\Local\Temp\codetranspiler-syntax-2177161385\program.c: In function 'main': C:\Users\tarek\AppData\Local\Temp\codetranspiler-syntax-21771
e8e95141872abe781db5372e8c297f5dbdf3ccdc01d6dbca548024088ff1f302,a50ea09e1edcdf6ec012978512c20128b7209399c8707da48b8fce34b23a09e7,cpp,java,source_target,V4_NATIVE_EMISSION,BACKEND,DIRECT_NATIVE_UNAVAILABLE: target java emitted invalid syntax (other: C:\Users\tarek\AppData\Local\Temp\codetranspiler-syntax-3097359065\Main.java:6: Fehler: Keine Anweisung ((U < V) > new double[]{0}); ^ C:\Users\tarek\AppData\Local\Temp\c
ddffaa11382dd5ee5df2ccd69289411a727de116e748355933489e71cd0191ce,47f9d949b13fa5df49e3e15f7af059e70afe3cd406ec9d48e762099310037661,cpp,r,source_target,V4_NATIVE_EMISSION,BACKEND,"execution primitive ""call"": CALL_ARGUMENT: node 12 argument 11 has no structured value contract"
a1b1060e3085750393e87bd6e4a097303db37f11cc529dd49aeb887910172611,47f9d949b13fa5df49e3e15f7af059e70afe3cd406ec9d48e762099310037661,cpp,go,source_target,V4_NATIVE_EMISSION,BACKEND,"execution primitive ""call"": CALL_ARGUMENT: node 12 argument 11 has no structured value contract"
d8994f666943aef4c784c869e342ffa68f38bf28a399adaa2d2869080f6ccce1,47f9d949b13fa5df49e3e15f7af059e70afe3cd406ec9d48e762099310037661,cpp,rust,source_target,V4_NATIVE_EMISSION,BACKEND,"execution primitive ""call"": CALL_ARGUMENT: node 12 argument 11 has no structured value contract"
9bd5ecdac4c98ad01fe4379440d6c23e3effed1d92f258e94fdc118dc0e13808,47f9d949b13fa5df49e3e15f7af059e70afe3cd406ec9d48e762099310037661,cpp,cpp,source_target,V4_NATIVE_EMISSION,BACKEND,"execution primitive ""call"": CALL_ARGUMENT: node 12 argument 11 has no structured value contract"
a8c95ffa7aa2b999f5801456e6e2dc2fb010e9d268a51e4739df262dfbe9f41d,47f9d949b13fa5df49e3e15f7af059e70afe3cd406ec9d48e762099310037661,cpp,c,source_target,V4_NATIVE_EMISSION,BACKEND,"execution primitive ""call"": CALL_ARGUMENT: node 12 argument 11 has no structured value contract"
d43c842fb4b4e8bc2fc9075dfb8637a5b0c7d6afa491c32fe8daf38e562292b7,47f9d949b13fa5df49e3e15f7af059e70afe3cd406ec9d48e762099310037661,cpp,python,source_target,V4_NATIVE_EMISSION,BACKEND,"execution primitive ""call"": CALL_ARGUMENT: node 12 argument 11 has no structured value contract"
edc94a5203ba8286456d1a66880de21ae3a8dc4df68c1c881cb5c8516e0e727b,47f9d949b13fa5df49e3e15f7af059e70afe3cd406ec9d48e762099310037661,cpp,zig,source_target,V4_NATIVE_EMISSION,BACKEND,"execution primitive ""call"": CALL_ARGUMENT: node 12 argument 11 has no structured value contract"
4afe5d76c52b498ddcf4e526243a39caac3accc2986c33781b6e53514dbc0ad8,47f9d949b13fa5df49e3e15f7af059e70afe3cd406ec9d48e762099310037661,cpp,julia,source_target,V4_NATIVE_EMISSION,BACKEND,"execution primitive ""call"": CALL_ARGUMENT: node 12 argument 11 has no structured value contract"
530b241b8c1007e38cfd8289cc924aa164c8036b24171b78c9e20c9211d313af,47f9d949b13fa5df49e3e15f7af059e70afe3cd406ec9d48e762099310037661,cpp,nim,source_target,V4_NATIVE_EMISSION,BACKEND,"execution primitive ""call"": CALL_ARGUMENT: node 12 argument 11 has no structured value contract"
4564593de3052cf29bc6dd2924a73ac01acb70affbba77a9ad8b1f6581fb2158,47f9d949b13fa5df49e3e15f7af059e70afe3cd406ec9d48e762099310037661,cpp,csharp,source_target,V4_NATIVE_EMISSION,BACKEND,"execution primitive ""call"": CALL_ARGUMENT: node 12 argument 11 has no structured value contract"
dccb21a9e1e288015822f50131c16732fc9766719282882918c240215ae92d64,47f9d949b13fa5df49e3e15f7af059e70afe3cd406ec9d48e762099310037661,cpp,java,source_target,V4_NATIVE_EMISSION,BACKEND,"execution primitive ""call"": CALL_ARGUMENT: node 12 argument 11 has no structured value contract"
2746d9bb61ff3355c446944193fd3ef7723489a5f9a4a80b4a1e6335488b26ca,47f9d949b13fa5df49e3e15f7af059e70afe3cd406ec9d48e762099310037661,cpp,kotlin,source_target,V4_NATIVE_EMISSION,BACKEND,"execution primitive ""call"": CALL_ARGUMENT: node 12 argument 11 has no structured value contract"
ada3f72534619fcd32089dfd90b4c2a5faac4872017e64911ae6927095db653c,47f9d949b13fa5df49e3e15f7af059e70afe3cd406ec9d48e762099310037661,cpp,swift,source_target,V4_NATIVE_EMISSION,BACKEND,"execution primitive ""call"": CALL_ARGUMENT: node 12 argument 11 has no structured value contract"
d8a4ff62feee3e57bbd84250ea10e338aab7d216c936c390e5e7549360ab6018,a50b13a3f7344b193567c350bff1764d4887ccabf3a8813c5147eaedc23ecf57,cpp,r,source_target,V4_NATIVE_EMISSION,BACKEND,"universal node 15 lacks required ""expression"" child"
9d1b445b5b82bd96a79aa172e0e34595c503785ce0e80d5b95970fbe06ad0211,a50b13a3f7344b193567c350bff1764d4887ccabf3a8813c5147eaedc23ecf57,cpp,go,source_target,V4_NATIVE_EMISSION,BACKEND,DIRECT_NATIVE_UNAVAILABLE: unsupported UAST node OperationExpr/15
8452ae9b55b33a833652783d12d903b5b9897d3e43fa2f42ea3974cfecc367b7,a50b13a3f7344b193567c350bff1764d4887ccabf3a8813c5147eaedc23ecf57,cpp,rust,source_target,V4_NATIVE_EMISSION,BACKEND,DIRECT_NATIVE_UNAVAILABLE: unsupported UAST node OperationExpr/15
a366f7f729f6941fbe0bc6620e25c60649aa25f804f4f8589c13f62e11f2b66b,a50b13a3f7344b193567c350bff1764d4887ccabf3a8813c5147eaedc23ecf57,cpp,cpp,source_target,V4_NATIVE_EMISSION,BACKEND,DIRECT_NATIVE_UNAVAILABLE: unsupported UAST node OperationExpr/15
8e5d837703337b3eeee61b7c427f2c67df68c04d46f6d4fc44a174b7833bf0af,a50b13a3f7344b193567c350bff1764d4887ccabf3a8813c5147eaedc23ecf57,cpp,c,source_target,V4_NATIVE_EMISSION,BACKEND,DIRECT_NATIVE_UNAVAILABLE: target c closure captures require runtime
01ff1293aec987f25bd18ef424ae7e3a393da48a928994826f6f087c88d63722,a50b13a3f7344b193567c350bff1764d4887ccabf3a8813c5147eaedc23ecf57,cpp,python,source_target,V4_NATIVE_EMISSION,BACKEND,DIRECT_NATIVE_UNAVAILABLE: unsupported UAST node OperationExpr/15
7b4b357b2b2fd5fd6df0cdbcbbcdfb9b52cc26fce203464711925cc223f2fcd3,a50b13a3f7344b193567c350bff1764d4887ccabf3a8813c5147eaedc23ecf57,cpp,zig,source_target,V4_NATIVE_EMISSION,BACKEND,DIRECT_NATIVE_UNAVAILABLE: unsupported UAST node OperationExpr/15
1aed5cb82d581c943c83e556e57a169a0402b35d38095e047ed8a5a33faab347,a50b13a3f7344b193567c350bff1764d4887ccabf3a8813c5147eaedc23ecf57,cpp,julia,source_target,V4_NATIVE_EMISSION,BACKEND,DIRECT_NATIVE_UNAVAILABLE: unsupported UAST node OperationExpr/15
d67b370ca0bd460249cca773f7a92b31c649ddfb0845fb5e60827519f3b6a969,a50b13a3f7344b193567c350bff1764d4887ccabf3a8813c5147eaedc23ecf57,cpp,nim,source_target,V4_NATIVE_EMISSION,BACKEND,DIRECT_NATIVE_UNAVAILABLE: unsupported UAST node OperationExpr/15
1f010384f2118a99b3d17e0059f51b99f54ce7153592c68a88c1c76b7cb7ad2d,a50b13a3f7344b193567c350bff1764d4887ccabf3a8813c5147eaedc23ecf57,cpp,csharp,source_target,V4_NATIVE_EMISSION,BACKEND,DIRECT_NATIVE_UNAVAILABLE: unsupported UAST node OperationExpr/15
e2c1710af8804548d6ddec7f473b6d47d6ba97ca3468e8d9c3b98e67c57e034e,a50b13a3f7344b193567c350bff1764d4887ccabf3a8813c5147eaedc23ecf57,cpp,java,source_target,V4_NATIVE_EMISSION,BACKEND,DIRECT_NATIVE_UNAVAILABLE: unsupported UAST node OperationExpr/15
c27edb983a7d0657051116da27a70fecc0d512705ab1c9dac98bad8e23e70aa8,a50b13a3f7344b193567c350bff1764d4887ccabf3a8813c5147eaedc23ecf57,cpp,kotlin,source_target,V4_NATIVE_EMISSION,BACKEND,DIRECT_NATIVE_UNAVAILABLE: unsupported UAST node OperationExpr/15
781bdcfe2cada27702f3804ce79d6039350b050144d94a3fa152e8c6e0d0b276,a50b13a3f7344b193567c350bff1764d4887ccabf3a8813c5147eaedc23ecf57,cpp,swift,source_target,V4_NATIVE_EMISSION,BACKEND,DIRECT_NATIVE_UNAVAILABLE: unsupported UAST node OperationExpr/15
e0c10666c11c0852d4d82f260f2a3e781a82be471a08771142dd388c0c7ec787,09bb732d6ef01984860f431b94df374842c6c2ee026a435530d21daaeca8f7fd,cpp,go,source_target,V4_NATIVE_EMISSION,BACKEND,"DIRECT_NATIVE_UNAVAILABLE: call ""a"" has no native contract for target ""go"" (arguments: )"
b7732bef55c4b3c124ac007be9097973e8e066834e6bf0e5613c7118349eb957,09bb732d6ef01984860f431b94df374842c6c2ee026a435530d21daaeca8f7fd,cpp,rust,source_target,V4_NATIVE_EMISSION,BACKEND,"DIRECT_NATIVE_UNAVAILABLE: call ""a"" has no native contract for target ""rust"" (arguments: )"
1ad455521b94e5aafef98f961123d8ebaa8bab72e1273fbc2977237f5db18b45,09bb732d6ef01984860f431b94df374842c6c2ee026a435530d21daaeca8f7fd,cpp,cpp,source_target,V4_NATIVE_EMISSION,BACKEND,"DIRECT_NATIVE_UNAVAILABLE: call ""a"" has no native contract for target ""cpp"" (arguments: )"
cbf9192aad4de6e915424c04f5c610b9504729df2ce5bda7971de1c3750f2716,09bb732d6ef01984860f431b94df374842c6c2ee026a435530d21daaeca8f7fd,cpp,c,source_target,V4_NATIVE_EMISSION,BACKEND,"DIRECT_NATIVE_UNAVAILABLE: call ""a"" has no native contract for target ""c"" (arguments: )"
81ab9320eb0e0ffb0795968a02018d4e834eb4a1eca7f1af1dce001c419aa93a,09bb732d6ef01984860f431b94df374842c6c2ee026a435530d21daaeca8f7fd,cpp,python,source_target,V4_NATIVE_EMISSION,BACKEND,"DIRECT_NATIVE_UNAVAILABLE: call ""a"" has no native contract for target ""python"" (arguments: )"
2ef0636e05e5bd4d36df6c09f3196b5f7b1dd35da7325afc67c225ea4f7ef1e8,09bb732d6ef01984860f431b94df374842c6c2ee026a435530d21daaeca8f7fd,cpp,zig,source_target,V4_NATIVE_EMISSION,BACKEND,"DIRECT_NATIVE_UNAVAILABLE: call ""a"" has no native contract for target ""zig"" (arguments: )"
4cf225533ef76e64b57c831fed088d8258e62243fc87e7a407b42b107e5a2d80,09bb732d6ef01984860f431b94df374842c6c2ee026a435530d21daaeca8f7fd,cpp,julia,source_target,V4_NATIVE_EMISSION,BACKEND,"DIRECT_NATIVE_UNAVAILABLE: call ""a"" has no native contract for target ""julia"" (arguments: )"
f91674afd30305ccf1a0aca32ed1395e29598de437cc04d7dc06e638ea0ceab4,09bb732d6ef01984860f431b94df374842c6c2ee026a435530d21daaeca8f7fd,cpp,nim,source_target,V4_NATIVE_EMISSION,BACKEND,"DIRECT_NATIVE_UNAVAILABLE: call ""a"" has no native contract for target ""nim"" (arguments: )"
7e1912ce8deed64e66b2ead4c5e75c274575c8f154740474c802eeb49be7193f,09bb732d6ef01984860f431b94df374842c6c2ee026a435530d21daaeca8f7fd,cpp,csharp,source_target,V4_NATIVE_EMISSION,BACKEND,"DIRECT_NATIVE_UNAVAILABLE: call ""a"" has no native contract for target ""csharp"" (arguments: )"
33666edbe0b8149ba5873ad88ce6853033935de4e5e0a02b09d658f49098f923,09bb732d6ef01984860f431b94df374842c6c2ee026a435530d21daaeca8f7fd,cpp,java,source_target,V4_NATIVE_EMISSION,BACKEND,"DIRECT_NATIVE_UNAVAILABLE: call ""a"" has no native contract for target ""java"" (arguments: )"
1063144af7bfbfd78d9a3638ccc28e64554f1dc4a3e41a5771c3760d799bc378,09bb732d6ef01984860f431b94df374842c6c2ee026a435530d21daaeca8f7fd,cpp,kotlin,source_target,V4_NATIVE_EMISSION,BACKEND,"DIRECT_NATIVE_UNAVAILABLE: call ""a"" has no native contract for target ""kotlin"" (arguments: )"
514b2c998cc4b8d2579e37d8f96a54eb1f05f042f6f29135698b303a0e0f5802,09bb732d6ef01984860f431b94df374842c6c2ee026a435530d21daaeca8f7fd,cpp,swift,source_target,V4_NATIVE_EMISSION,BACKEND,"DIRECT_NATIVE_UNAVAILABLE: call ""a"" has no native contract for target ""swift"" (arguments: )"
a29f9d50469c6ecedd80dd17d6a87759c297b3eaefee05b10e6feedddc4c9af4,69d77cdb0340e43eb79da2ddc43f16e58b4af6a6c10a232b058817f12b558e6d,cpp,rust,source_target,V4_NATIVE_EMISSION,BACKEND,DIRECT_NATIVE_UNAVAILABLE: target rust emitted invalid syntax (other: error[E0425]: cannot find value `nullptr` in this scope --> C:\Users\tarek\AppData\Local\Temp\codetranspiler-syntax-136265460\program.rs:3:17 | 3 | let mut x = nullptr.cl
acc06df9a1385a69c43b03b64347d65a213ca6d06855087a0652e2fbf4012479,69d77cdb0340e43eb79da2ddc43f16e58b4af6a6c10a232b058817f12b558e6d,cpp,c,source_target,V4_NATIVE_EMISSION,BACKEND,DIRECT_NATIVE_UNAVAILABLE: target c emitted invalid syntax (other: C:\Users\tarek\AppData\Local\Temp\codetranspiler-syntax-1374729559\program.c: In function 'main': C:\Users\tarek\AppData\Local\Temp\codetranspiler-syntax-1374729559\program.
3f0281977190f5f9d74a43d2f8ff32e89cf741bba93fd217b87105a0e7afa483,69d77cdb0340e43eb79da2ddc43f16e58b4af6a6c10a232b058817f12b558e6d,cpp,java,source_target,V4_NATIVE_EMISSION,BACKEND,DIRECT_NATIVE_UNAVAILABLE: target java emitted invalid syntax (other: C:\Users\tarek\AppData\Local\Temp\codetranspiler-syntax-4116165031\Main.java:5: Fehler: Symbol nicht gefunden var x = nullptr; ^ Symbol: Variable nullptr Ort: Klasse Main
86352c57e832a8824f22e47a707994ed349c3ad19030355f23d25947023a034f,5ffee1010ad57fa9f9acad4b4f90a9a1ff1e104e7f0f6e6054b9eb4e1984a583,cpp,rust,source_target,V4_NATIVE_EMISSION,BACKEND,DIRECT_NATIVE_UNAVAILABLE: target rust emitted invalid syntax (other: error[E0425]: cannot find value `R` in this scope --> C:\Users\tarek\AppData\Local\Temp\codetranspiler-syntax-768418863\program.rs:3:18 | 3 | let mut s1 = R.clone(); | ^ 
6cb27b8b89b666bbb7025aad5e5f52c41313cf2c4194e6efc2034a59d538cb22,5ffee1010ad57fa9f9acad4b4f90a9a1ff1e104e7f0f6e6054b9eb4e1984a583,cpp,cpp,source_target,V4_NATIVE_EMISSION,BACKEND,DIRECT_NATIVE_UNAVAILABLE: target cpp emitted invalid syntax (other: C:\Users\tarek\AppData\Local\Temp\codetranspiler-syntax-1625362301\program.cpp: In function 'int main()': C:\Users\tarek\AppData\Local\Temp\codetranspiler-syntax-162536230
595803c360a1dae95ac4b42e0fc232724227f9170cf0cd44d59850e8bb030b1f,5ffee1010ad57fa9f9acad4b4f90a9a1ff1e104e7f0f6e6054b9eb4e1984a583,cpp,c,source_target,V4_NATIVE_EMISSION,BACKEND,DIRECT_NATIVE_UNAVAILABLE: target c emitted invalid syntax (other: C:\Users\tarek\AppData\Local\Temp\codetranspiler-syntax-1550451978\program.c: In function 'main': C:\Users\tarek\AppData\Local\Temp\codetranspiler-syntax-1550451978\program.
708116d9131f7de9628d89955c6ee3c22e9d07fec152d8e844f94821f194a16c,5ffee1010ad57fa9f9acad4b4f90a9a1ff1e104e7f0f6e6054b9eb4e1984a583,cpp,java,source_target,V4_NATIVE_EMISSION,BACKEND,DIRECT_NATIVE_UNAVAILABLE: target java emitted invalid syntax (other: C:\Users\tarek\AppData\Local\Temp\codetranspiler-syntax-2265804887\Main.java:5: Fehler: Symbol nicht gefunden var s1 = R; ^ Symbol: Variable R Ort: Klasse Main C:\Users\t
1ee03fa7c83b6ed466f6854b94cd0131e85bfae4703601507b69fd7d5792ac51,8c2d4828dfaad687ef171815928363ba8a09e65719117035414fe823ef03a1a7,cpp,r,source_target,V4_NATIVE_EMISSION,BACKEND,"universal node 2 lacks required ""expression"" child"
0d09d8fa5a2d0b3604ad971c6b18686a7bd1908ff1a52041b13d220bf02523a8,8c2d4828dfaad687ef171815928363ba8a09e65719117035414fe823ef03a1a7,cpp,go,source_target,V4_NATIVE_EMISSION,BACKEND,DIRECT_NATIVE_UNAVAILABLE: unsupported UAST node OperationExpr/2
f90badbf75afcaa7913905da9950b78493cf17793a29d222c2d7e64be7a6c6aa,8c2d4828dfaad687ef171815928363ba8a09e65719117035414fe823ef03a1a7,cpp,rust,source_target,V4_NATIVE_EMISSION,BACKEND,DIRECT_NATIVE_UNAVAILABLE: unsupported UAST node OperationExpr/2
2df22e4c25d0069737daca2879dc34d3d8496d68373a0464623cf46326aef14c,8c2d4828dfaad687ef171815928363ba8a09e65719117035414fe823ef03a1a7,cpp,cpp,source_target,V4_NATIVE_EMISSION,BACKEND,DIRECT_NATIVE_UNAVAILABLE: unsupported UAST node OperationExpr/2
da7c3cf76aaa7efd5d48abec65de543d68ffbd0c5d8782377fac9e55d79426ad,8c2d4828dfaad687ef171815928363ba8a09e65719117035414fe823ef03a1a7,cpp,c,source_target,V4_NATIVE_EMISSION,BACKEND,DIRECT_NATIVE_UNAVAILABLE: unsupported UAST node OperationExpr/2
d63c72af0ee50b48e0a8ec100544cfe995691450497a309e38ca602ee84e6660,8c2d4828dfaad687ef171815928363ba8a09e65719117035414fe823ef03a1a7,cpp,python,source_target,V4_NATIVE_EMISSION,BACKEND,DIRECT_NATIVE_UNAVAILABLE: unsupported UAST node OperationExpr/2
f3341bd67c1275af68e04ec789fcd5e8c479fa430e44f2c614c35002c952055a,8c2d4828dfaad687ef171815928363ba8a09e65719117035414fe823ef03a1a7,cpp,zig,source_target,V4_NATIVE_EMISSION,BACKEND,DIRECT_NATIVE_UNAVAILABLE: unsupported UAST node OperationExpr/2
826cd8037351a34729845f72593cd96c878c9e53b5fe45cfe54c321553c807b6,8c2d4828dfaad687ef171815928363ba8a09e65719117035414fe823ef03a1a7,cpp,julia,source_target,V4_NATIVE_EMISSION,BACKEND,DIRECT_NATIVE_UNAVAILABLE: unsupported UAST node OperationExpr/2
126e11dca4cff592cb44e5f18bdcf4cfb4e7b8dffefeb2c4bb6e74931349c8f7,8c2d4828dfaad687ef171815928363ba8a09e65719117035414fe823ef03a1a7,cpp,nim,source_target,V4_NATIVE_EMISSION,BACKEND,DIRECT_NATIVE_UNAVAILABLE: unsupported UAST node OperationExpr/2
46654d3ab1cec6879e3b3508148f61c5d56be45cb40d5017db6e283e13424fad,8c2d4828dfaad687ef171815928363ba8a09e65719117035414fe823ef03a1a7,cpp,csharp,source_target,V4_NATIVE_EMISSION,BACKEND,DIRECT_NATIVE_UNAVAILABLE: unsupported UAST node OperationExpr/2
673029578a478511ab3b32ee0baa58de90b6dce1e4d9ba629faadaa225dd083c,8c2d4828dfaad687ef171815928363ba8a09e65719117035414fe823ef03a1a7,cpp,java,source_target,V4_NATIVE_EMISSION,BACKEND,DIRECT_NATIVE_UNAVAILABLE: unsupported UAST node OperationExpr/2
087c797db757f31cb65d52009bb26d356772578f079c70ae2b1b4c1d70c94364,8c2d4828dfaad687ef171815928363ba8a09e65719117035414fe823ef03a1a7,cpp,kotlin,source_target,V4_NATIVE_EMISSION,BACKEND,DIRECT_NATIVE_UNAVAILABLE: unsupported UAST node OperationExpr/2
d82550329f5209918af3f8574c275643176ad30efec7b98e0fe58eefab8b9ec1,8c2d4828dfaad687ef171815928363ba8a09e65719117035414fe823ef03a1a7,cpp,swift,source_target,V4_NATIVE_EMISSION,BACKEND,DIRECT_NATIVE_UNAVAILABLE: unsupported UAST node OperationExpr/2
6afc8c4bbd67aece75e9a44009fc1d0178d4ca7a8436a9b68ddb54cdccf775b4,a51e897f553f56f5018285ca8771c6d563fd23faf7e01e883b68926255c6d6e4,cpp,r,source_target,V4_NATIVE_EMISSION,BACKEND,"execution primitive ""call"": CALL_ARGUMENT: node 11 argument 10 has no structured value contract"
bc5be0526c8ca2343330761384b807708b1636c7ffe9eb5c3f3aa6019fa863ff,a51e897f553f56f5018285ca8771c6d563fd23faf7e01e883b68926255c6d6e4,cpp,go,source_target,V4_NATIVE_EMISSION,BACKEND,"execution primitive ""call"": CALL_ARGUMENT: node 11 argument 10 has no structured value contract"
0b2d212852a91762ed1b7aa8804667d36521bdf6122f1d8c4738cb53a6f51135,a51e897f553f56f5018285ca8771c6d563fd23faf7e01e883b68926255c6d6e4,cpp,rust,source_target,V4_NATIVE_EMISSION,BACKEND,"execution primitive ""call"": CALL_ARGUMENT: node 11 argument 10 has no structured value contract"
adb4c5bb81dd238f805191f91586eadc77eeb10397829859a58d26fb44f3d6ff,a51e897f553f56f5018285ca8771c6d563fd23faf7e01e883b68926255c6d6e4,cpp,cpp,source_target,V4_NATIVE_EMISSION,BACKEND,"execution primitive ""call"": CALL_ARGUMENT: node 11 argument 10 has no structured value contract"
363e71ecafd481dac2d17957f109868d75ddc923f5e547f4b5b4b4fad9e085bc,a51e897f553f56f5018285ca8771c6d563fd23faf7e01e883b68926255c6d6e4,cpp,c,source_target,V4_NATIVE_EMISSION,BACKEND,"execution primitive ""call"": CALL_ARGUMENT: node 11 argument 10 has no structured value contract"
83d55a6412667cb987f2791636dc05e08d9701f7d9c42f072366eac4bc355bb4,a51e897f553f56f5018285ca8771c6d563fd23faf7e01e883b68926255c6d6e4,cpp,python,source_target,V4_NATIVE_EMISSION,BACKEND,"execution primitive ""call"": CALL_ARGUMENT: node 11 argument 10 has no structured value contract"
b4f313798f976f397d41a3390eed2b49ca7caf9374d6bd05fddde7c4f90a165b,a51e897f553f56f5018285ca8771c6d563fd23faf7e01e883b68926255c6d6e4,cpp,zig,source_target,V4_NATIVE_EMISSION,BACKEND,"execution primitive ""call"": CALL_ARGUMENT: node 11 argument 10 has no structured value contract"
6664165e6cd600adfaf18654c4a5449ea2f4d272ea927a38d407df56685df753,a51e897f553f56f5018285ca8771c6d563fd23faf7e01e883b68926255c6d6e4,cpp,julia,source_target,V4_NATIVE_EMISSION,BACKEND,"execution primitive ""call"": CALL_ARGUMENT: node 11 argument 10 has no structured value contract"
78c928576f449259700dbf9c575f5ca3e8d41b42fdfa73f4f46bf6787e858e54,a51e897f553f56f5018285ca8771c6d563fd23faf7e01e883b68926255c6d6e4,cpp,nim,source_target,V4_NATIVE_EMISSION,BACKEND,"execution primitive ""call"": CALL_ARGUMENT: node 11 argument 10 has no structured value contract"
bdc7d159b96db1236bff31ef1f7dea58eaaed363b5e6aa46c9f0514fc07ecb2e,a51e897f553f56f5018285ca8771c6d563fd23faf7e01e883b68926255c6d6e4,cpp,csharp,source_target,V4_NATIVE_EMISSION,BACKEND,"execution primitive ""call"": CALL_ARGUMENT: node 11 argument 10 has no structured value contract"
223cd70552586d1c31bdc3223d7cc9685a166ccd352d7fa886462e33d7771609,a51e897f553f56f5018285ca8771c6d563fd23faf7e01e883b68926255c6d6e4,cpp,java,source_target,V4_NATIVE_EMISSION,BACKEND,"execution primitive ""call"": CALL_ARGUMENT: node 11 argument 10 has no structured value contract"
03598d41e0c50f68b7e0245d8646194f768708740ef131f3277f13fd8217509a,a51e897f553f56f5018285ca8771c6d563fd23faf7e01e883b68926255c6d6e4,cpp,kotlin,source_target,V4_NATIVE_EMISSION,BACKEND,"execution primitive ""call"": CALL_ARGUMENT: node 11 argument 10 has no structured value contract"
bbc0163e846e74848e924a282feff98e3b53a07d99550a26e8c6c3be7e64a159,a51e897f553f56f5018285ca8771c6d563fd23faf7e01e883b68926255c6d6e4,cpp,swift,source_target,V4_NATIVE_EMISSION,BACKEND,"execution primitive ""call"": CALL_ARGUMENT: node 11 argument 10 has no structured value contract"
2388e2460e5b2ad1ef7d3717df7411faf7ebc0a633e1b2099075af93cc9752a0,83e6dabba5cf4ba0b63e092890acde13703465f1084d8bb80f39bf299f737085,cpp,go,source_target,V4_NATIVE_EMISSION,BACKEND,"DIRECT_NATIVE_UNAVAILABLE: call ""int"" has no native contract for target ""go"" (arguments: 1)"
a3cdb6544e235c93800543cc73d2da70e6aa146f4d2b5374e208e916f5231c71,83e6dabba5cf4ba0b63e092890acde13703465f1084d8bb80f39bf299f737085,cpp,rust,source_target,V4_NATIVE_EMISSION,BACKEND,"DIRECT_NATIVE_UNAVAILABLE: call ""int"" has no native contract for target ""rust"" (arguments: 1.0)"
2b7dc9b5fb0379ad45dbc1242c1300d3f3d198cf13fe51980eef6776754699ec,83e6dabba5cf4ba0b63e092890acde13703465f1084d8bb80f39bf299f737085,cpp,cpp,source_target,V4_NATIVE_EMISSION,BACKEND,"DIRECT_NATIVE_UNAVAILABLE: call ""int"" has no native contract for target ""cpp"" (arguments: 1)"
bdb05434488393aa52cf79fc53d16a12cac8ed56760594592a33b7941af7bb3b,83e6dabba5cf4ba0b63e092890acde13703465f1084d8bb80f39bf299f737085,cpp,c,source_target,V4_NATIVE_EMISSION,BACKEND,"DIRECT_NATIVE_UNAVAILABLE: call ""int"" has no native contract for target ""c"" (arguments: 1)"
f1977335ef01d0a73acd7a85a361f0c2ed8f6fbf2caa4cda82c57fb26f318ec6,83e6dabba5cf4ba0b63e092890acde13703465f1084d8bb80f39bf299f737085,cpp,python,source_target,V4_NATIVE_EMISSION,BACKEND,"DIRECT_NATIVE_UNAVAILABLE: call ""int"" has no native contract for target ""python"" (arguments: 1)"
729a066dacd2274484c5c10e5fb6e52693a013ecb1cf8122faf9ce25d615ec6b,83e6dabba5cf4ba0b63e092890acde13703465f1084d8bb80f39bf299f737085,cpp,zig,source_target,V4_NATIVE_EMISSION,BACKEND,"DIRECT_NATIVE_UNAVAILABLE: call ""int"" has no native contract for target ""zig"" (arguments: 1)"
19720916e64920fe9cc1a3ab435fddfb200301a523e4d64fbb67726169fe10a0,83e6dabba5cf4ba0b63e092890acde13703465f1084d8bb80f39bf299f737085,cpp,julia,source_target,V4_NATIVE_EMISSION,BACKEND,"DIRECT_NATIVE_UNAVAILABLE: call ""int"" has no native contract for target ""julia"" (arguments: 1)"
67c99dbff01b451a22edc7bf93343b149533d79a8b1005d25505d561ba6d13ea,83e6dabba5cf4ba0b63e092890acde13703465f1084d8bb80f39bf299f737085,cpp,nim,source_target,V4_NATIVE_EMISSION,BACKEND,"DIRECT_NATIVE_UNAVAILABLE: call ""int"" has no native contract for target ""nim"" (arguments: 1)"
c4e5100292253fa70d8f0617a41947741c56ed394aa73753c4dd4b0a4beed266,83e6dabba5cf4ba0b63e092890acde13703465f1084d8bb80f39bf299f737085,cpp,csharp,source_target,V4_NATIVE_EMISSION,BACKEND,"DIRECT_NATIVE_UNAVAILABLE: call ""int"" has no native contract for target ""csharp"" (arguments: 1)"
a37c66e9040887aabd9200ef00b0de557f88c6ea7798554be9149c088cabda27,83e6dabba5cf4ba0b63e092890acde13703465f1084d8bb80f39bf299f737085,cpp,java,source_target,V4_NATIVE_EMISSION,BACKEND,"DIRECT_NATIVE_UNAVAILABLE: call ""int"" has no native contract for target ""java"" (arguments: 1)"
6c4ab8563a95d3699697c224c3ddc377dcee8282bafb1681d68a46bbc943e373,83e6dabba5cf4ba0b63e092890acde13703465f1084d8bb80f39bf299f737085,cpp,kotlin,source_target,V4_NATIVE_EMISSION,BACKEND,"DIRECT_NATIVE_UNAVAILABLE: call ""int"" has no native contract for target ""kotlin"" (arguments: 1.0)"
6ebb255664220490a4e8cbe33a50f311a28d76be3d7758da83cc0d001f36d8ce,83e6dabba5cf4ba0b63e092890acde13703465f1084d8bb80f39bf299f737085,cpp,swift,source_target,V4_NATIVE_EMISSION,BACKEND,"DIRECT_NATIVE_UNAVAILABLE: call ""int"" has no native contract for target ""swift"" (arguments: 1)"
ce1cbcb9db2572ff5594792b159ee115aa1b44d3dae379306e6f0c81795b57b6,6b9be1f94e4a5794f67660a82ba43ef8998a39317515aed3d73c4873bf57f04c,cpp,rust,source_target,V4_NATIVE_EMISSION,BACKEND,DIRECT_NATIVE_UNAVAILABLE: target rust emitted invalid syntax (other: error[E0425]: cannot find value `s` in this scope --> C:\Users\tarek\AppData\Local\Temp\codetranspiler-syntax-405742226\program.rs:3:5 | 3 | s.clone()[i.clone() as usize 
ae258ed228dc840be5eaec518a27d9547eb13d6f355c75084d5e0b33cc494012,6b9be1f94e4a5794f67660a82ba43ef8998a39317515aed3d73c4873bf57f04c,cpp,cpp,source_target,V4_NATIVE_EMISSION,BACKEND,DIRECT_NATIVE_UNAVAILABLE: target cpp emitted invalid syntax (other: C:\Users\tarek\AppData\Local\Temp\codetranspiler-syntax-378556846\program.cpp: In function 'int main()': C:\Users\tarek\AppData\Local\Temp\codetranspiler-syntax-378556846\
4d6d598f06c72f6a2703735f4a4f3c7b60fbb5b9e132db16dd730a87763d6055,6b9be1f94e4a5794f67660a82ba43ef8998a39317515aed3d73c4873bf57f04c,cpp,c,source_target,V4_NATIVE_EMISSION,BACKEND,DIRECT_NATIVE_UNAVAILABLE: target c emitted invalid syntax (other: C:\Users\tarek\AppData\Local\Temp\codetranspiler-syntax-72474937\program.c: In function 'main': C:\Users\tarek\AppData\Local\Temp\codetranspiler-syntax-72474937\program.c:7:
e7bb8e21b461abb54e346a93f8ac8d6685228e0465089789b3062ac908624eaa,6b9be1f94e4a5794f67660a82ba43ef8998a39317515aed3d73c4873bf57f04c,cpp,java,source_target,V4_NATIVE_EMISSION,BACKEND,DIRECT_NATIVE_UNAVAILABLE: target java emitted invalid syntax (other: C:\Users\tarek\AppData\Local\Temp\codetranspiler-syntax-1084746649\Main.java:5: Fehler: Keine Anweisung s[(int)(i - 1)]; ^ C:\Users\tarek\AppData\Local\Temp\codetranspile
ffd61dae5a0f46dd0bee51c3df57bab9e03fd5c7e0fbac1695b8f15a35589d17,ae626ffae9982fabfeec6038ae1aef76d418dd4d441894928bb6fcfdd557edb6,cpp,r,source_target,V4_NATIVE_EMISSION,BACKEND,"universal node 1 lacks required ""expression"" child"
4e7f3185f3abde3949ccc72f4fb8c2833843ee88ecde199f6da77eb024d09752,ae626ffae9982fabfeec6038ae1aef76d418dd4d441894928bb6fcfdd557edb6,cpp,go,source_target,V4_NATIVE_EMISSION,BACKEND,DIRECT_NATIVE_UNAVAILABLE: unsupported UAST node OperationExpr/1
1a0d6397e0e039acaa284a6e8c975cac1dfc1b41838770471acb77b7d5481f3c,ae626ffae9982fabfeec6038ae1aef76d418dd4d441894928bb6fcfdd557edb6,cpp,rust,source_target,V4_NATIVE_EMISSION,BACKEND,DIRECT_NATIVE_UNAVAILABLE: unsupported UAST node OperationExpr/1
0f42e59bff76d6794d750abfccd928694395c88abe71826d6e38a2c4b7959981,ae626ffae9982fabfeec6038ae1aef76d418dd4d441894928bb6fcfdd557edb6,cpp,cpp,source_target,V4_NATIVE_EMISSION,BACKEND,DIRECT_NATIVE_UNAVAILABLE: unsupported UAST node OperationExpr/1
c4730306fc082648d6d4a4574e33417c1f48a26f92d9a29ebbc477a100dcf971,ae626ffae9982fabfeec6038ae1aef76d418dd4d441894928bb6fcfdd557edb6,cpp,c,source_target,V4_NATIVE_EMISSION,BACKEND,DIRECT_NATIVE_UNAVAILABLE: unsupported UAST node OperationExpr/1
25b70182a36e8c7f2a5e00170dd5dc82acdc9bd6a19789b03aebe992f3f6c937,ae626ffae9982fabfeec6038ae1aef76d418dd4d441894928bb6fcfdd557edb6,cpp,python,source_target,V4_NATIVE_EMISSION,BACKEND,DIRECT_NATIVE_UNAVAILABLE: unsupported UAST node OperationExpr/1
217ae050585190b926a658426b73f8e9d391996bc8ffd781526c33018b3b6de7,ae626ffae9982fabfeec6038ae1aef76d418dd4d441894928bb6fcfdd557edb6,cpp,zig,source_target,V4_NATIVE_EMISSION,BACKEND,DIRECT_NATIVE_UNAVAILABLE: unsupported UAST node OperationExpr/1
0ac3f388a2303f9fefa36fa57cab15db2db772e6fbd529d05303bbf8dd5e9c06,ae626ffae9982fabfeec6038ae1aef76d418dd4d441894928bb6fcfdd557edb6,cpp,julia,source_target,V4_NATIVE_EMISSION,BACKEND,DIRECT_NATIVE_UNAVAILABLE: unsupported UAST node OperationExpr/1
bafd9e7578624d5e9845f1c2a80bee356192e7f58f0d9b6c7920225e30f315d6,ae626ffae9982fabfeec6038ae1aef76d418dd4d441894928bb6fcfdd557edb6,cpp,nim,source_target,V4_NATIVE_EMISSION,BACKEND,DIRECT_NATIVE_UNAVAILABLE: unsupported UAST node OperationExpr/1
3d0d68b1756c66d8313460ca45f44769b7d525990194c9982743ad3b08610eb3,ae626ffae9982fabfeec6038ae1aef76d418dd4d441894928bb6fcfdd557edb6,cpp,csharp,source_target,V4_NATIVE_EMISSION,BACKEND,DIRECT_NATIVE_UNAVAILABLE: unsupported UAST node OperationExpr/1
0182bee66299a6b29836029a224c08271b92a31816eb39e5a8e46c9617d74ddf,ae626ffae9982fabfeec6038ae1aef76d418dd4d441894928bb6fcfdd557edb6,cpp,java,source_target,V4_NATIVE_EMISSION,BACKEND,DIRECT_NATIVE_UNAVAILABLE: unsupported UAST node OperationExpr/1
d7844eea4a8c28d73ce0fcfb49363360d229978a665f4f523f7db56e3d2a8f0c,ae626ffae9982fabfeec6038ae1aef76d418dd4d441894928bb6fcfdd557edb6,cpp,kotlin,source_target,V4_NATIVE_EMISSION,BACKEND,DIRECT_NATIVE_UNAVAILABLE: unsupported UAST node OperationExpr/1
cf212672c85e952aba6328ec2862071aadeae6473114bf1bbc2a507c11e7a0c9,ae626ffae9982fabfeec6038ae1aef76d418dd4d441894928bb6fcfdd557edb6,cpp,swift,source_target,V4_NATIVE_EMISSION,BACKEND,DIRECT_NATIVE_UNAVAILABLE: unsupported UAST node OperationExpr/1
da43736ff55d325aab1988ba8a952a1b5f4e49c87bef1141f6005659ac969304,446325800f54393180fcb2e137d786b2453a8acd337e4edee7efc2562142b047,cpp,r,source_target,V4_NATIVE_EMISSION,BACKEND,"universal node 1 lacks required ""expression"" child"
c3c7facd6760b81ce213493bd623a34644ab61fc016f0fb78ccf862436e384b7,446325800f54393180fcb2e137d786b2453a8acd337e4edee7efc2562142b047,cpp,go,source_target,V4_NATIVE_EMISSION,BACKEND,DIRECT_NATIVE_UNAVAILABLE: unsupported UAST node OperationExpr/1
678687995603699088cd4592b9ab4f5234ee5a5e2a04e9649fcecfebb93ee9b6,446325800f54393180fcb2e137d786b2453a8acd337e4edee7efc2562142b047,cpp,rust,source_target,V4_NATIVE_EMISSION,BACKEND,DIRECT_NATIVE_UNAVAILABLE: unsupported UAST node OperationExpr/1
27b50013ca9c90ca2dd34030567124c4cad0b41a70c8b3b382c90009614105e7,446325800f54393180fcb2e137d786b2453a8acd337e4edee7efc2562142b047,cpp,cpp,source_target,V4_NATIVE_EMISSION,BACKEND,DIRECT_NATIVE_UNAVAILABLE: unsupported UAST node OperationExpr/1
0f335d4b696705184800528e318d449152154a145423463e13b8bed82df21ac3,446325800f54393180fcb2e137d786b2453a8acd337e4edee7efc2562142b047,cpp,c,source_target,V4_NATIVE_EMISSION,BACKEND,DIRECT_NATIVE_UNAVAILABLE: unsupported UAST node OperationExpr/1
dabe1cdf1abbbce5a73b3b9ccb0c0962396ca5237b6b71d4f1b08eceadd04322,446325800f54393180fcb2e137d786b2453a8acd337e4edee7efc2562142b047,cpp,python,source_target,V4_NATIVE_EMISSION,BACKEND,DIRECT_NATIVE_UNAVAILABLE: unsupported UAST node OperationExpr/1
25b509131c91991d16b7ef80132c1389a0de464ea9832bd869578a792f80a916,446325800f54393180fcb2e137d786b2453a8acd337e4edee7efc2562142b047,cpp,zig,source_target,V4_NATIVE_EMISSION,BACKEND,DIRECT_NATIVE_UNAVAILABLE: unsupported UAST node OperationExpr/1
b87814091056c8aef52d9f7cb232ddda5bc6be99266f671cf82c37ce3d512bc8,446325800f54393180fcb2e137d786b2453a8acd337e4edee7efc2562142b047,cpp,julia,source_target,V4_NATIVE_EMISSION,BACKEND,DIRECT_NATIVE_UNAVAILABLE: unsupported UAST node OperationExpr/1
5297ad3f4879fb565c27519f22fd7909d3d778c6be1fc1d40c6d79a249eb47ff,446325800f54393180fcb2e137d786b2453a8acd337e4edee7efc2562142b047,cpp,nim,source_target,V4_NATIVE_EMISSION,BACKEND,DIRECT_NATIVE_UNAVAILABLE: unsupported UAST node OperationExpr/1
876ea4806304740d5389f3ae8f652afb66169b97de49565252877fa19544a0a5,446325800f54393180fcb2e137d786b2453a8acd337e4edee7efc2562142b047,cpp,csharp,source_target,V4_NATIVE_EMISSION,BACKEND,DIRECT_NATIVE_UNAVAILABLE: unsupported UAST node OperationExpr/1
9700815f699968f0d1681c31c3dbfd2cd134c867f993089d1bcf2f3392d78c5c,446325800f54393180fcb2e137d786b2453a8acd337e4edee7efc2562142b047,cpp,java,source_target,V4_NATIVE_EMISSION,BACKEND,DIRECT_NATIVE_UNAVAILABLE: unsupported UAST node OperationExpr/1
cc9709e33f396f6c09a54b99aae47d7db59908741a967805edde2e5e6c8d3b7c,446325800f54393180fcb2e137d786b2453a8acd337e4edee7efc2562142b047,cpp,kotlin,source_target,V4_NATIVE_EMISSION,BACKEND,DIRECT_NATIVE_UNAVAILABLE: unsupported UAST node OperationExpr/1
5550f9ceec4612cddefeb11d73462c6667395b17e323e46a6caf6474f44da500,446325800f54393180fcb2e137d786b2453a8acd337e4edee7efc2562142b047,cpp,swift,source_target,V4_NATIVE_EMISSION,BACKEND,DIRECT_NATIVE_UNAVAILABLE: unsupported UAST node OperationExpr/1
7404ac7427003136a7d5120c2b7a77af343c9d274c0cb31d3c947dba43fe1ba0,5628653de1c6a39793d07781e92acda866f63a9655cc4eaf1d68e3d395de525d,cpp,rust,source_target,V4_NATIVE_EMISSION,BACKEND,DIRECT_NATIVE_UNAVAILABLE: target rust emitted invalid syntax (other: error[E0425]: cannot find value `not` in this scope --> C:\Users\tarek\AppData\Local\Temp\codetranspiler-syntax-3136830032\program.rs:3:9 | 3 | if (not.clone()) { | ^^^ n
fc8345309d8d65533d7b18a8f4ebb00347c9c4dc25c37da5a41155c1ab848654,5628653de1c6a39793d07781e92acda866f63a9655cc4eaf1d68e3d395de525d,cpp,cpp,source_target,V4_NATIVE_EMISSION,BACKEND,DIRECT_NATIVE_UNAVAILABLE: target cpp emitted invalid syntax (other: C:\Users\tarek\AppData\Local\Temp\codetranspiler-syntax-716712938\program.cpp: In function 'int main()': C:\Users\tarek\AppData\Local\Temp\codetranspiler-syntax-716712938\
433e06a9ac9959f38a360ef1919f9844026995a094ba95ae1d4d9766b20102b9,5628653de1c6a39793d07781e92acda866f63a9655cc4eaf1d68e3d395de525d,cpp,c,source_target,V4_NATIVE_EMISSION,BACKEND,DIRECT_NATIVE_UNAVAILABLE: target c emitted invalid syntax (other: C:\Users\tarek\AppData\Local\Temp\codetranspiler-syntax-3810545181\program.c: In function 'main': C:\Users\tarek\AppData\Local\Temp\codetranspiler-syntax-3810545181\program.
5597a196dbcebb06652940b63113daf39a6620038fa8748b321cb2e4ca621d60,5628653de1c6a39793d07781e92acda866f63a9655cc4eaf1d68e3d395de525d,cpp,python,source_target,V4_NATIVE_EMISSION,BACKEND,"DIRECT_NATIVE_UNAVAILABLE: target python emitted invalid syntax (other: File ""C:\Users\tarek\AppData\Local\Temp\codetranspiler-syntax-3842428486\program.py"", line 2 if not: ^ SyntaxError: invalid syntax)"
852d1ac6bd0e1dc1cbc43e3a25af323b0ba8ebef5a143266a9b043f735033422,5628653de1c6a39793d07781e92acda866f63a9655cc4eaf1d68e3d395de525d,cpp,java,source_target,V4_NATIVE_EMISSION,BACKEND,DIRECT_NATIVE_UNAVAILABLE: target java emitted invalid syntax (other: C:\Users\tarek\AppData\Local\Temp\codetranspiler-syntax-1535935016\Main.java:5: Fehler: Symbol nicht gefunden if (not) { ^ Symbol: Variable not Ort: Klasse Main 1 Fehler)
3be1b4ed962eb6df04436677aadf039241a85a4933ac46642818b72f31a9d00b,3a98309cf48df399b8d38b0110cfea3a299a660b5c0fa724b5b99a0aa50cf302,cpp,go,source_target,V4_NATIVE_EMISSION,BACKEND,DIRECT_NATIVE_UNAVAILABLE: index arity
79d52c7464a2117d46c6192341289ab6571afb6414700015ebe1046ed65b4591,3a98309cf48df399b8d38b0110cfea3a299a660b5c0fa724b5b99a0aa50cf302,cpp,rust,source_target,V4_NATIVE_EMISSION,BACKEND,DIRECT_NATIVE_UNAVAILABLE: index arity
26e75adc94c708d5b1225083b72c03bd271e3c30df70e8e360f29eeb0253032c,3a98309cf48df399b8d38b0110cfea3a299a660b5c0fa724b5b99a0aa50cf302,cpp,cpp,source_target,V4_NATIVE_EMISSION,BACKEND,DIRECT_NATIVE_UNAVAILABLE: index arity
b22b580d9abd167d726f6f2ad8680467ef68e26178cdc4ad5c7ab2b5f4d0f8cb,3a98309cf48df399b8d38b0110cfea3a299a660b5c0fa724b5b99a0aa50cf302,cpp,c,source_target,V4_NATIVE_EMISSION,BACKEND,DIRECT_NATIVE_UNAVAILABLE: index arity
69b6344a1db7d033a82ecf0772eec6adfdd96d63b227c6e801e0cb4d397337ff,3a98309cf48df399b8d38b0110cfea3a299a660b5c0fa724b5b99a0aa50cf302,cpp,python,source_target,V4_NATIVE_EMISSION,BACKEND,DIRECT_NATIVE_UNAVAILABLE: index arity
7cc8746b6626172fd376455c510f8ab83ed1ee0c293f4c7ecebb99699e9cc09e,3a98309cf48df399b8d38b0110cfea3a299a660b5c0fa724b5b99a0aa50cf302,cpp,zig,source_target,V4_NATIVE_EMISSION,BACKEND,DIRECT_NATIVE_UNAVAILABLE: index arity
275b56b87f8e4f5da77f8466baeacb07cb5f922327eb625dee3d8f06d5c1d160,3a98309cf48df399b8d38b0110cfea3a299a660b5c0fa724b5b99a0aa50cf302,cpp,julia,source_target,V4_NATIVE_EMISSION,BACKEND,DIRECT_NATIVE_UNAVAILABLE: index arity
441579b5a452b43abd3e561c3e2e0978f1c537549dd5a73792d121fa041d721f,3a98309cf48df399b8d38b0110cfea3a299a660b5c0fa724b5b99a0aa50cf302,cpp,nim,source_target,V4_NATIVE_EMISSION,BACKEND,DIRECT_NATIVE_UNAVAILABLE: index arity
68fd308d6adc24b0ea41226c626cf916c7345a90a4b728588e95d27f92b7182d,3a98309cf48df399b8d38b0110cfea3a299a660b5c0fa724b5b99a0aa50cf302,cpp,csharp,source_target,V4_NATIVE_EMISSION,BACKEND,DIRECT_NATIVE_UNAVAILABLE: index arity
f786978cf39909d65b305aabc091c88b1d86b8a4317fd390055afce6f5ace06a,3a98309cf48df399b8d38b0110cfea3a299a660b5c0fa724b5b99a0aa50cf302,cpp,java,source_target,V4_NATIVE_EMISSION,BACKEND,DIRECT_NATIVE_UNAVAILABLE: index arity
065d8e6954a5c6ea6780b69a364364ac6c1f705789d788c6b733627440f14b88,3a98309cf48df399b8d38b0110cfea3a299a660b5c0fa724b5b99a0aa50cf302,cpp,kotlin,source_target,V4_NATIVE_EMISSION,BACKEND,DIRECT_NATIVE_UNAVAILABLE: index arity
d91a90699c116cde019bb43a6de5025750be643f2d21f51fb214689f51be23e4,3a98309cf48df399b8d38b0110cfea3a299a660b5c0fa724b5b99a0aa50cf302,cpp,swift,source_target,V4_NATIVE_EMISSION,BACKEND,DIRECT_NATIVE_UNAVAILABLE: index arity
99a7c91279f8e35d4896e33c417ba947d36914aafdeb9d245e59df538a5964d2,256163dea3afdc031b7bd99277363e1006e0a93d7b1de8ce505593b6ee9516ee,cpp,r,source_target,V4_NATIVE_EMISSION,BACKEND,"universal node 16 lacks required ""expression"" child"
cf8971ad13d8c1f46243784a26658ef0f24b067d42576405ab028c624ed8af9d,26fda8825883e9d5da791ce290d08668463e2155cf0783ca3d5190f040f422ce,cpp,r,source_target,V4_NATIVE_EMISSION,BACKEND,"universal node 1 lacks required ""expression"" child"
de41b3e57b054ee6f371db2063bd61d48ea2158c812fe333ee600bb606d43508,26fda8825883e9d5da791ce290d08668463e2155cf0783ca3d5190f040f422ce,cpp,go,source_target,V4_NATIVE_EMISSION,BACKEND,DIRECT_NATIVE_UNAVAILABLE: unsupported UAST node OperationExpr/1
b6ff26a29399871c57c3be33faf97accb3db30c21b01518bf11c66efeed1fe62,26fda8825883e9d5da791ce290d08668463e2155cf0783ca3d5190f040f422ce,cpp,rust,source_target,V4_NATIVE_EMISSION,BACKEND,DIRECT_NATIVE_UNAVAILABLE: unsupported UAST node OperationExpr/1
bd89c2ebb374249eca40c0fd1f5e11a1b18eb58c9816eeda8bc7dafb99d5eb06,26fda8825883e9d5da791ce290d08668463e2155cf0783ca3d5190f040f422ce,cpp,cpp,source_target,V4_NATIVE_EMISSION,BACKEND,DIRECT_NATIVE_UNAVAILABLE: unsupported UAST node OperationExpr/1
b07cd010f9f9eb1871004329f8e0f3e50f945b3b051359490f0a8a3cb9c991ee,26fda8825883e9d5da791ce290d08668463e2155cf0783ca3d5190f040f422ce,cpp,c,source_target,V4_NATIVE_EMISSION,BACKEND,DIRECT_NATIVE_UNAVAILABLE: unsupported UAST node OperationExpr/1
5a9dd95c91afb1c93928fa1d709416374cef1a1c38f8bdc405cf677c1bdea51a,26fda8825883e9d5da791ce290d08668463e2155cf0783ca3d5190f040f422ce,cpp,python,source_target,V4_NATIVE_EMISSION,BACKEND,DIRECT_NATIVE_UNAVAILABLE: unsupported UAST node OperationExpr/1
9c1611fff14a5eabd0ddd31ef98264b151dd6833357a93f58c89a24a73dbb449,26fda8825883e9d5da791ce290d08668463e2155cf0783ca3d5190f040f422ce,cpp,zig,source_target,V4_NATIVE_EMISSION,BACKEND,DIRECT_NATIVE_UNAVAILABLE: unsupported UAST node OperationExpr/1
4c91b8ef0e5aecbb8fddffda8c324bc5b6ac4c61615c534f416e2e91a3ac518d,26fda8825883e9d5da791ce290d08668463e2155cf0783ca3d5190f040f422ce,cpp,julia,source_target,V4_NATIVE_EMISSION,BACKEND,DIRECT_NATIVE_UNAVAILABLE: unsupported UAST node OperationExpr/1
2e6a46af2c2034fc81c2b169bbe34941ed5566f5af3803bb0b9ad3ec0c9b3de8,26fda8825883e9d5da791ce290d08668463e2155cf0783ca3d5190f040f422ce,cpp,nim,source_target,V4_NATIVE_EMISSION,BACKEND,DIRECT_NATIVE_UNAVAILABLE: unsupported UAST node OperationExpr/1
67f11f16232782e6b8abb45a60c8d09017ad5075087d363254b887efa23f97d3,26fda8825883e9d5da791ce290d08668463e2155cf0783ca3d5190f040f422ce,cpp,csharp,source_target,V4_NATIVE_EMISSION,BACKEND,DIRECT_NATIVE_UNAVAILABLE: unsupported UAST node OperationExpr/1
2e03b9b192ddfbbfc8c28c055c525098217cdcc6e62a5d53e24525f35aeb5990,26fda8825883e9d5da791ce290d08668463e2155cf0783ca3d5190f040f422ce,cpp,java,source_target,V4_NATIVE_EMISSION,BACKEND,DIRECT_NATIVE_UNAVAILABLE: unsupported UAST node OperationExpr/1
5611cdf952043a1489ff1d5a49dcd08778c1294c6adb4c20e17fb151ade87a30,26fda8825883e9d5da791ce290d08668463e2155cf0783ca3d5190f040f422ce,cpp,kotlin,source_target,V4_NATIVE_EMISSION,BACKEND,DIRECT_NATIVE_UNAVAILABLE: unsupported UAST node OperationExpr/1
74123db2c2e6ed511d2c59ac03f42eb6a835f57818011a43103fbf086e734149,26fda8825883e9d5da791ce290d08668463e2155cf0783ca3d5190f040f422ce,cpp,swift,source_target,V4_NATIVE_EMISSION,BACKEND,DIRECT_NATIVE_UNAVAILABLE: unsupported UAST node OperationExpr/1
b76887a5ac8d4e9a0fa1da494eaa96a4bd13c597f2ea1b5e63f9576faa8876ff,380fca17fd1e1b18152731c68ae9af96c2745855e1464b628ebf842c55ff9dd7,cpp,r,source_target,V4_NATIVE_EMISSION,BACKEND,"universal node 2 lacks required ""expression"" child"
4ec664501f78ceb5f6e6a0bc98f80d1ad490a8455dd20e11fed983fc3ff254f1,380fca17fd1e1b18152731c68ae9af96c2745855e1464b628ebf842c55ff9dd7,cpp,go,source_target,V4_NATIVE_EMISSION,BACKEND,DIRECT_NATIVE_UNAVAILABLE: unsupported UAST node OperationExpr/2
bf76aa37b2c0c176a47a505bb824f92bf8ef35302cb5ff17f2c257a6049c04a1,380fca17fd1e1b18152731c68ae9af96c2745855e1464b628ebf842c55ff9dd7,cpp,rust,source_target,V4_NATIVE_EMISSION,BACKEND,DIRECT_NATIVE_UNAVAILABLE: unsupported UAST node OperationExpr/2
e62258cf78742cbe1cf0df80d53b746304ecd84d0c4a5d52cd2a4584d104a465,380fca17fd1e1b18152731c68ae9af96c2745855e1464b628ebf842c55ff9dd7,cpp,cpp,source_target,V4_NATIVE_EMISSION,BACKEND,DIRECT_NATIVE_UNAVAILABLE: unsupported UAST node OperationExpr/2
fc6145f6b4dace965512e24637a27ea6fa40e8391a0d563ef429c91622afde1f,380fca17fd1e1b18152731c68ae9af96c2745855e1464b628ebf842c55ff9dd7,cpp,c,source_target,V4_NATIVE_EMISSION,BACKEND,DIRECT_NATIVE_UNAVAILABLE: unsupported UAST node OperationExpr/2
02e80a64fa1b75df5ab1d37b8f9415842217213673886414e57f3519ecc52f42,380fca17fd1e1b18152731c68ae9af96c2745855e1464b628ebf842c55ff9dd7,cpp,python,source_target,V4_NATIVE_EMISSION,BACKEND,DIRECT_NATIVE_UNAVAILABLE: unsupported UAST node OperationExpr/2
f21bca463d098f9ee3a60418bcc3c1b43123780e527a9a3f053f9e25e2f757c5,380fca17fd1e1b18152731c68ae9af96c2745855e1464b628ebf842c55ff9dd7,cpp,zig,source_target,V4_NATIVE_EMISSION,BACKEND,DIRECT_NATIVE_UNAVAILABLE: unsupported UAST node OperationExpr/2
2e60842e1160fc878165991f5d81d60c592b61e22bc24aab121e449dec926b8d,380fca17fd1e1b18152731c68ae9af96c2745855e1464b628ebf842c55ff9dd7,cpp,julia,source_target,V4_NATIVE_EMISSION,BACKEND,DIRECT_NATIVE_UNAVAILABLE: unsupported UAST node OperationExpr/2
b4b2790bea45efb70c799d027e2d6eef9fe76c8037306feac7dbd0cd409e8e3d,380fca17fd1e1b18152731c68ae9af96c2745855e1464b628ebf842c55ff9dd7,cpp,nim,source_target,V4_NATIVE_EMISSION,BACKEND,DIRECT_NATIVE_UNAVAILABLE: unsupported UAST node OperationExpr/2
2996fb24b234af540a25015b76eeee15922d27c3ba17012deb0bca4a0e4a301b,380fca17fd1e1b18152731c68ae9af96c2745855e1464b628ebf842c55ff9dd7,cpp,csharp,source_target,V4_NATIVE_EMISSION,BACKEND,DIRECT_NATIVE_UNAVAILABLE: unsupported UAST node OperationExpr/2
6f1e551dfcd7cc29948f2daf1cd596e3a81c55851e0c3c0a11b3b9a3aee20538,380fca17fd1e1b18152731c68ae9af96c2745855e1464b628ebf842c55ff9dd7,cpp,java,source_target,V4_NATIVE_EMISSION,BACKEND,DIRECT_NATIVE_UNAVAILABLE: unsupported UAST node OperationExpr/2
84387788ce6f5146601b50b33b82ead96d8b700b8513dfa6334d026524ddf56c,380fca17fd1e1b18152731c68ae9af96c2745855e1464b628ebf842c55ff9dd7,cpp,kotlin,source_target,V4_NATIVE_EMISSION,BACKEND,DIRECT_NATIVE_UNAVAILABLE: unsupported UAST node OperationExpr/2
4833a9cda5bbe3125e9e52a097302dc8127c68dca3f5a601d6f5933a606420b7,380fca17fd1e1b18152731c68ae9af96c2745855e1464b628ebf842c55ff9dd7,cpp,swift,source_target,V4_NATIVE_EMISSION,BACKEND,DIRECT_NATIVE_UNAVAILABLE: unsupported UAST node OperationExpr/2
f31133de627c5f1d5f5f16c82a2a0bedce27a7c7d763044ccb870867f23c6823,429c82aca1402b844713a933f48068ee1967cb44ceaa0b003fc4613b9c0952c3,cpp,r,source_target,V4_NATIVE_EMISSION,BACKEND,"universal node 4 lacks required ""expression"" child"
00ba18fab6d53f075bd33f84b971213b5acfcd0da545d18a146d932fc2494967,d01e3f03bb0c4ecb4e3b88db2b83ceca3ecf9f20b559561db2cb3e67f398307a,cpp,r,source_target,V0_SOURCE_PARSE,FRONTEND,expected expression
5eecbac866859ff3a25c6225e461a292bcdd0bbc5e006458317838d5f5812967,d01e3f03bb0c4ecb4e3b88db2b83ceca3ecf9f20b559561db2cb3e67f398307a,cpp,go,source_target,V0_SOURCE_PARSE,FRONTEND,expected expression
4cfe577e3c1764b1aac6780b84f6d967e439e8853d66be81173582d3df6655f2,d01e3f03bb0c4ecb4e3b88db2b83ceca3ecf9f20b559561db2cb3e67f398307a,cpp,rust,source_target,V0_SOURCE_PARSE,FRONTEND,expected expression
289eb82da1f85605f9ad06fa354ed34073771f881cf721ffcbb8a9b8c58d8d1d,d01e3f03bb0c4ecb4e3b88db2b83ceca3ecf9f20b559561db2cb3e67f398307a,cpp,cpp,source_target,V0_SOURCE_PARSE,FRONTEND,expected expression
cf8dfc5632fad72dbff59c75cee4ac2575613cebdcf3fcc9bc79b9b93a63d671,d01e3f03bb0c4ecb4e3b88db2b83ceca3ecf9f20b559561db2cb3e67f398307a,cpp,c,source_target,V0_SOURCE_PARSE,FRONTEND,expected expression
b3073e020e51b8cbf6ea961ee662195929534c9363c8ac344d280d2a0ee65700,d01e3f03bb0c4ecb4e3b88db2b83ceca3ecf9f20b559561db2cb3e67f398307a,cpp,python,source_target,V0_SOURCE_PARSE,FRONTEND,expected expression
5fee4df16996b13aa1d7ae03359b83abbf8618ab23c1eb79e9da5081784c319c,d01e3f03bb0c4ecb4e3b88db2b83ceca3ecf9f20b559561db2cb3e67f398307a,cpp,zig,source_target,V0_SOURCE_PARSE,FRONTEND,expected expression
ee496ccc11a0a459577ec07ca3cd3a2a34daf4c11c041693665a1de128b9eb25,d01e3f03bb0c4ecb4e3b88db2b83ceca3ecf9f20b559561db2cb3e67f398307a,cpp,julia,source_target,V0_SOURCE_PARSE,FRONTEND,expected expression
086d18cef84326834cec9c0a679390bfa4e3a41b28cc0de378c05c2c22d14d8c,d01e3f03bb0c4ecb4e3b88db2b83ceca3ecf9f20b559561db2cb3e67f398307a,cpp,nim,source_target,V0_SOURCE_PARSE,FRONTEND,expected expression
7eda9a39359ba500e22d743ebc93167704762c4588bda4a929a988a2410a8ec2,d01e3f03bb0c4ecb4e3b88db2b83ceca3ecf9f20b559561db2cb3e67f398307a,cpp,csharp,source_target,V0_SOURCE_PARSE,FRONTEND,expected expression
9ce2e95dcd22bd36eae406678b4feedede9532c9540106da8eb42f194638fa84,d01e3f03bb0c4ecb4e3b88db2b83ceca3ecf9f20b559561db2cb3e67f398307a,cpp,java,source_target,V0_SOURCE_PARSE,FRONTEND,expected expression
3c980e02a50fde5ba5baba06db8f8f842f7915e017f9effd8189e3adfb0b9ea2,d01e3f03bb0c4ecb4e3b88db2b83ceca3ecf9f20b559561db2cb3e67f398307a,cpp,kotlin,source_target,V0_SOURCE_PARSE,FRONTEND,expected expression
fcdf347f1ca5642de99f394d941d9817b574a4babc9bfe19c7bab3cc6f98497a,d01e3f03bb0c4ecb4e3b88db2b83ceca3ecf9f20b559561db2cb3e67f398307a,cpp,swift,source_target,V0_SOURCE_PARSE,FRONTEND,expected expression
