feature,nullability_flow,types_inference_generics,declarations_objects,calls_resolution,control_patterns,closures_inline,exceptions_cleanup,coroutines_concurrency,multiplatform_interop,memory_abi,compiletime_contracts,ir_backends,collections_iteration,core_runtime_effects
abi_calling_convention,0,0,0,1,0,0,0,0,0,0,0,0,0,0
allocation,0,0,0,0,0,0,0,0,0,0,0,0,0,1
array_list,0,0,0,0,0,0,0,0,0,0,0,0,1,0
array_type,0,1,0,0,0,0,0,0,0,0,0,0,0,0
assignment,0,0,0,0,0,0,0,0,0,0,0,0,0,1
atomic,0,0,0,0,0,0,0,1,0,0,0,0,0,0
attribute_annotation,0,0,1,0,0,0,0,0,0,0,0,0,0,0
await,0,0,0,0,0,0,0,1,0,0,0,0,0,0
binary_op,0,0,0,0,0,0,0,0,0,0,0,0,0,1
break,0,0,0,0,1,0,0,0,0,0,0,0,0,0
bytecode_vm,0,0,0,0,0,0,0,0,0,0,1,0,0,0
call,0,0,0,1,0,0,0,0,0,0,0,0,0,0
capture,0,0,0,0,0,1,0,0,0,0,0,0,0,0
cast_conversion,0,0,0,0,0,0,0,0,0,0,0,0,0,1
channel,0,0,0,0,0,0,0,1,0,0,0,0,0,0
class,0,0,1,0,0,0,0,0,0,0,0,0,0,0
closure_lambda,0,0,0,0,0,1,0,0,0,0,0,0,0,0
code_generation,0,0,0,0,0,0,0,0,0,0,1,0,0,0
compile_time_eval,0,0,0,0,0,0,0,0,0,0,1,0,0,0
comprehension,0,0,0,0,0,0,0,0,0,0,0,0,0,1
constant,0,0,0,0,0,0,0,0,0,0,0,0,0,1
continue,0,0,0,0,1,0,0,0,0,0,0,0,0,0
defer_cleanup,0,0,0,0,0,0,1,0,0,0,0,0,0,0
dynamic_dispatch,0,0,0,1,0,0,0,0,0,0,0,0,0,0
enum,0,0,1,0,0,0,0,0,0,0,0,0,0,0
exception_try,0,0,0,0,0,0,1,0,0,0,0,0,0,0
ffi,0,0,0,0,0,0,0,0,0,1,0,0,0,0
filesystem,0,0,0,0,0,0,0,0,0,0,0,0,0,1
for,0,0,0,0,1,0,0,0,0,0,0,0,0,0
foreach_iteration,0,0,0,0,1,0,0,0,0,0,0,0,0,0
function,0,0,0,0,0,1,0,0,0,0,0,0,0,0
function_type,0,1,0,0,0,0,0,0,0,0,0,0,0,0
gc,0,0,0,0,0,0,0,0,0,1,0,0,0,0
generic,0,1,0,0,0,0,0,0,0,0,0,0,0,0
generic_constraint,0,1,0,0,0,0,0,0,0,0,0,0,0,0
global_state,0,0,0,0,0,0,0,0,0,0,0,0,0,1
goto_label,0,0,0,0,1,0,0,0,0,0,0,0,0,0
identifier,0,0,0,0,1,0,0,0,0,0,0,0,0,0
if,0,0,0,0,1,0,0,0,0,0,0,0,0,0
import,0,0,1,0,0,0,0,0,0,0,0,0,0,0
index,0,0,0,0,0,0,0,0,0,0,0,0,1,0
interface_trait,0,0,1,0,0,0,0,0,0,0,0,0,0,0
io,0,0,0,0,0,0,0,0,0,0,0,0,0,1
ir,0,0,0,0,0,0,0,0,0,0,1,0,0,0
layout_alignment,0,0,0,0,0,0,0,0,0,1,0,0,0,0
lifetime,0,0,0,0,1,0,0,0,0,0,0,0,0,0
literal_boolean,0,0,0,0,0,0,0,0,0,0,0,0,0,1
literal_null,1,0,0,0,0,0,0,0,0,0,0,0,0,0
literal_numeric,0,0,0,0,0,0,0,0,0,0,0,0,0,1
literal_string,0,0,0,0,0,0,0,0,0,0,0,0,0,1
lock_mutex,0,0,0,0,0,0,0,1,0,0,0,0,0,0
macro,0,0,0,0,0,0,0,0,0,0,1,0,0,0
manual_memory,0,0,0,0,0,0,0,0,0,1,0,0,0,0
map_dict,0,0,0,0,0,0,0,0,0,0,0,0,1,0
map_type,0,1,0,0,0,0,0,0,0,0,0,0,0,0
member_access,0,0,0,1,0,0,0,0,0,0,0,0,0,0
memory_model,0,0,0,0,0,0,0,1,0,0,0,0,0,0
module,0,0,1,0,0,0,0,0,0,0,0,0,0,0
mutation,0,0,0,0,0,0,0,0,0,0,0,0,0,1
name_resolution,0,0,0,1,0,0,0,0,0,0,0,0,0,0
network,0,0,0,0,0,0,0,0,0,0,0,0,0,1
optimizer,0,0,0,0,0,0,0,0,0,0,1,0,0,0
optional_nullable,1,0,0,0,0,0,0,0,0,0,0,0,0,0
overload_resolution,0,1,0,0,0,0,0,0,0,0,0,0,0,0
ownership,0,0,0,0,0,0,0,0,0,1,0,0,0,0
parameter,0,0,0,1,0,0,0,0,0,0,0,0,0,0
pattern,0,0,0,0,1,0,0,0,0,0,0,0,0,0
pointer,0,1,0,0,0,0,0,0,0,0,0,0,0,0
primitive_bool,0,1,0,0,0,0,0,0,0,0,0,0,0,0
primitive_float,0,1,0,0,0,0,0,0,0,0,0,0,0,0
primitive_integer,0,1,0,0,0,0,0,0,0,0,0,0,0,0
primitive_string,0,1,0,0,0,0,0,0,0,0,0,0,0,0
random,0,0,0,0,0,0,0,0,0,0,0,0,0,1
reference,0,1,0,0,0,0,0,0,0,0,0,0,0,0
reflection,0,0,0,1,0,0,0,0,0,0,0,0,0,0
return,0,0,0,0,1,0,0,0,0,0,0,0,0,0
scope,0,0,0,0,0,0,0,0,0,0,0,0,0,1
set,0,0,0,0,0,0,0,0,0,0,0,0,1,0
shadowing,0,0,0,0,0,0,0,0,0,0,0,0,0,1
slice,0,0,0,0,0,0,0,0,0,0,0,0,1,0
struct,0,0,1,0,0,0,0,0,0,0,0,0,0,0
subtyping,0,1,0,0,0,0,0,0,0,0,0,0,0,0
switch_match,0,0,0,0,1,0,0,0,0,0,0,0,0,0
symbol_table,0,0,0,0,0,0,0,0,0,0,0,0,0,1
task_async,0,0,0,0,0,0,0,1,0,0,0,0,0,0
thread,0,0,0,0,0,0,0,1,0,0,0,0,0,0
throw_raise,0,0,0,0,0,0,1,0,0,0,0,0,0,0
time,0,0,0,0,0,0,0,0,0,0,0,0,0,1
tuple,0,0,0,0,0,0,0,0,0,0,0,0,1,0
tuple_type,0,1,0,0,0,0,0,0,0,0,0,0,0,0
type_inference,0,1,0,0,0,0,0,0,0,0,0,0,0,0
unary_op,0,0,0,0,0,0,0,0,0,0,0,0,0,1
union_sum,0,1,0,0,0,0,0,0,0,0,0,0,0,0
unsafe,0,0,0,0,0,0,0,0,0,1,0,0,0,0
variable,0,0,0,0,0,0,0,0,0,0,0,0,0,1
visibility,0,0,1,0,0,0,0,0,0,0,0,0,0,0
while,0,0,0,0,1,0,0,0,0,0,0,0,0,0
yield,0,0,0,0,1,0,0,0,0,0,0,0,0,0
kotlin.nullable_type,1,0,0,0,0,0,0,0,0,0,0,0,0,0
kotlin.null_safety_flow,1,0,0,0,0,0,0,0,0,0,0,0,0,0
kotlin.safe_call,1,0,0,0,0,0,0,0,0,0,0,0,0,0
kotlin.elvis_operator,1,0,0,0,0,0,0,0,0,0,0,0,0,0
kotlin.non_null_assertion,1,0,0,0,0,0,0,0,0,0,0,0,0,0
kotlin.smart_cast,1,0,0,0,0,0,0,0,0,0,0,0,0,0
kotlin.platform_flexible_type,1,0,0,0,0,0,0,0,0,0,0,0,0,0
kotlin.definitely_non_null_type,1,0,0,0,0,0,0,0,0,0,0,0,0,0
kotlin.intersection_type,0,1,0,0,0,0,0,0,0,0,0,0,0,0
kotlin.captured_type,0,1,0,0,0,0,0,0,0,0,0,0,0,0
kotlin.type_alias,0,1,0,0,0,0,0,0,0,0,0,0,0,0
kotlin.variance_in_out,0,1,0,0,0,0,0,0,0,0,0,0,0,0
kotlin.star_projection,0,1,0,0,0,0,0,0,0,0,0,0,0,0
kotlin.generic_where_constraints,0,1,0,0,0,0,0,0,0,0,0,0,0,0
kotlin.type_inference_constraint_system,0,1,0,0,0,0,0,0,0,0,0,0,0,0
kotlin.builder_inference,0,1,0,0,0,0,0,0,0,0,0,0,0,0
kotlin.reified_type_parameter,0,1,0,0,0,0,0,0,0,0,0,0,0,0
kotlin.function_type,0,1,0,0,0,0,0,0,0,0,0,0,0,0
kotlin.receiver_function_type,0,1,0,0,0,0,0,0,0,0,0,0,0,0
kotlin.suspend_function_type,0,1,0,0,0,0,0,0,0,0,0,0,0,0
kotlin.unit_type,0,1,0,0,0,0,0,0,0,0,0,0,0,0
kotlin.nothing_type,0,1,0,0,0,0,0,0,0,0,0,0,0,0
kotlin.unsigned_integer_types,0,1,0,0,0,0,0,0,0,0,0,0,0,0
kotlin.value_class,0,0,1,0,0,0,0,0,0,0,0,0,0,0
kotlin.data_class,0,0,1,0,0,0,0,0,0,0,0,0,0,0
kotlin.sealed_class_interface,0,0,1,0,0,0,0,0,0,0,0,0,0,0
kotlin.enum_entry_semantics,0,0,1,0,0,0,0,0,0,0,0,0,0,0
kotlin.object_singleton,0,0,1,0,0,0,0,0,0,0,0,0,0,0
kotlin.companion_object,0,0,1,0,0,0,0,0,0,0,0,0,0,0
kotlin.extension_function_property,0,0,1,0,0,0,0,0,0,0,0,0,0,0
kotlin.delegated_property,0,0,1,0,0,0,0,0,0,0,0,0,0,0
kotlin.backing_field_accessor,0,0,1,0,0,0,0,0,0,0,0,0,0,0
kotlin.constructor_init_order,0,0,1,0,0,0,0,0,0,0,0,0,0,0
kotlin.internal_visibility,0,0,1,0,0,0,0,0,0,0,0,0,0,0
kotlin.annotation_use_site,0,0,1,0,0,0,0,0,0,0,0,0,0,0
kotlin.context_receivers_parameters,0,0,1,0,0,0,0,0,0,0,0,0,0,0
kotlin.operator_overloading,0,0,0,1,0,0,0,0,0,0,0,0,0,0
kotlin.infix_function,0,0,0,1,0,0,0,0,0,0,0,0,0,0
kotlin.named_arguments,0,0,0,1,0,0,0,0,0,0,0,0,0,0
kotlin.default_arguments,0,0,0,1,0,0,0,0,0,0,0,0,0,0
kotlin.vararg_spread,0,0,0,1,0,0,0,0,0,0,0,0,0,0
kotlin.trailing_lambda,0,0,0,1,0,0,0,0,0,0,0,0,0,0
kotlin.implicit_receiver_tower,0,0,0,1,0,0,0,0,0,0,0,0,0,0
kotlin.overload_resolution,0,0,0,1,0,0,0,0,0,0,0,0,0,0
kotlin.member_extension_resolution,0,0,0,1,0,0,0,0,0,0,0,0,0,0
kotlin.sam_conversion,0,0,0,1,0,0,0,0,0,0,0,0,0,0
kotlin.callable_reference,0,0,0,1,0,0,0,0,0,0,0,0,0,0
kotlin.reflection_kclass,0,0,0,1,0,0,0,0,0,0,0,0,0,0
kotlin.destructuring_component,0,0,0,1,0,0,0,0,0,0,0,0,0,0
kotlin.when_expression,0,0,0,0,1,0,0,0,0,0,0,0,0,0
kotlin.when_exhaustiveness,0,0,0,0,1,0,0,0,0,0,0,0,0,0
kotlin.range_progression_iteration,0,0,0,0,0,0,0,0,0,0,0,0,1,0
kotlin.labeled_control_flow,0,0,0,0,1,0,0,0,0,0,0,0,0,0
kotlin.nonlocal_return,0,0,0,0,0,1,0,0,0,0,0,0,0,0
kotlin.try_expression,0,0,0,0,0,0,1,0,0,0,0,0,0,0
kotlin.exception_throw_catch_finally,0,0,0,0,0,0,1,0,0,0,0,0,0,0
kotlin.inline_function,0,0,0,0,0,1,0,0,0,0,0,0,0,0
kotlin.crossinline_noinline,0,0,0,0,0,1,0,0,0,0,0,0,0,0
kotlin.contracts_dsl,0,0,0,0,0,0,0,0,0,0,1,0,0,0
kotlin.calls_in_place_effect,0,0,0,0,0,0,0,0,0,0,1,0,0,0
kotlin.returns_implies_effect,0,0,0,0,0,0,0,0,0,0,1,0,0,0
kotlin.suspend_resume,0,0,0,0,0,0,0,1,0,0,0,0,0,0
kotlin.continuation_state_machine,0,0,0,0,0,0,0,1,0,0,0,0,0,0
kotlin.coroutine_suspension_points,0,0,0,0,0,0,0,1,0,0,0,0,0,0
kotlin.suspend_lambda,0,0,0,0,0,0,0,1,0,0,0,0,0,0
kotlin.expect_actual,0,0,0,0,0,0,0,0,1,0,0,0,0,0
kotlin.jvm_boxing_unboxing,0,0,0,0,0,0,0,0,0,1,0,0,0,0
kotlin.java_nullability_enhancement,0,0,0,0,0,0,0,0,1,0,0,0,0,0
kotlin.jvm_signature_mangling,0,0,0,0,0,0,0,0,0,1,0,0,0,0
kotlin.js_dynamic_external,0,0,0,0,0,0,0,0,1,0,0,0,0,0
kotlin.native_c_objc_interop,0,0,0,0,0,0,0,0,1,0,0,0,0,0
kotlin.klib_metadata,0,0,0,0,0,0,0,0,1,0,0,0,0,0
kotlin.fir_semantic_resolution,0,0,0,0,0,0,0,0,0,0,0,1,0,0
kotlin.fir_data_flow,0,0,0,0,0,0,0,0,0,0,0,1,0,0
kotlin.fir_to_ir,0,0,0,0,0,0,0,0,0,0,0,1,0,0
kotlin.ir_semantics,0,0,0,0,0,0,0,0,0,0,0,1,0,0
kotlin.jvm_backend_lowering,0,0,0,0,0,0,0,0,0,0,0,1,0,0
kotlin.js_backend_lowering,0,0,0,0,0,0,0,0,0,0,0,1,0,0
kotlin.native_backend_lowering,0,0,0,0,0,0,0,0,0,0,0,1,0,0
kotlin.wasm_backend_lowering,0,0,0,0,0,0,0,0,0,0,0,1,0,0
kotlin.compiler_plugin_extension_points,0,0,0,0,0,0,0,0,0,0,0,1,0,0
kotlin.const_evaluation,0,0,0,0,0,0,0,0,0,0,1,0,0,0
