language_id,canonical_semantic_id,basis_ones,corroborated_basis_ones,corroborated_basis_ids,state
c,UASF_0001,3,1,BASIS_001,CORROBORATED_PARTIAL
c,UASF_0006,2,2,BASIS_001;BASIS_009,CORROBORATED_PARTIAL
c,UASF_0016,3,2,BASIS_001;BASIS_023,CORROBORATED_PARTIAL
c,UASF_0022,5,3,BASIS_001;BASIS_023;BASIS_045,CORROBORATED_PARTIAL
c,UASF_0023,5,3,BASIS_001;BASIS_023;BASIS_045,CORROBORATED_PARTIAL
c,UASF_0024,5,2,BASIS_001;BASIS_023,CORROBORATED_PARTIAL
c,UASF_0025,5,2,BASIS_001;BASIS_023,CORROBORATED_PARTIAL
c,UASF_0026,5,2,BASIS_001;BASIS_023,CORROBORATED_PARTIAL
c,UASF_0031,3,2,BASIS_001;BASIS_042,CORROBORATED_PARTIAL
c,UASF_0032,3,3,BASIS_001;BASIS_036;BASIS_042,CORROBORATED_PARTIAL
c,UASF_0034,3,1,BASIS_043,CORROBORATED_PARTIAL
c,UASF_0035,3,2,BASIS_023;BASIS_042,CORROBORATED_PARTIAL
c,UASF_0036,2,1,BASIS_029,CORROBORATED_PARTIAL
c,UASF_0037,3,1,BASIS_036,CORROBORATED_PARTIAL
c,UASF_0038,3,1,BASIS_042,CORROBORATED_PARTIAL
c,UASF_0039,3,2,BASIS_036;BASIS_042,CORROBORATED_PARTIAL
c,UASF_0040,2,1,BASIS_042,CORROBORATED_PARTIAL
c,UASF_0047,4,1,BASIS_037,CORROBORATED_PARTIAL
c,UASF_0048,5,1,BASIS_037,CORROBORATED_PARTIAL
c,UASF_0049,5,2,BASIS_037;BASIS_066,CORROBORATED_PARTIAL
c,UASF_0050,5,1,BASIS_037,CORROBORATED_PARTIAL
c,UASF_0084,3,1,BASIS_043,CORROBORATED_PARTIAL
c,UASF_0087,3,1,BASIS_037,CORROBORATED_PARTIAL
c,UASF_0091,3,0,,NO_INDEPENDENT_AXIS_SUPPORT
c,UASF_0106,3,1,BASIS_042,CORROBORATED_PARTIAL
c,UASF_0107,3,1,BASIS_006,CORROBORATED_PARTIAL
c,UASF_0108,3,1,BASIS_043,CORROBORATED_PARTIAL
c,UASF_0118,5,1,BASIS_006,CORROBORATED_PARTIAL
c,UASF_0119,5,1,BASIS_006,CORROBORATED_PARTIAL
c,UASF_0120,5,1,BASIS_006,CORROBORATED_PARTIAL
c,UASF_0121,5,1,BASIS_006,CORROBORATED_PARTIAL
c,UASF_0122,4,1,BASIS_006,CORROBORATED_PARTIAL
c,UASF_0133,3,1,BASIS_006,CORROBORATED_PARTIAL
c,UASF_0134,3,2,BASIS_006;BASIS_042,CORROBORATED_PARTIAL
c,UASF_0135,2,2,BASIS_006;BASIS_034,CORROBORATED_PARTIAL
c,UASF_0137,3,2,BASIS_006;BASIS_042,CORROBORATED_PARTIAL
c,UASF_0150,3,3,BASIS_007;BASIS_024;BASIS_039,CORROBORATED_PARTIAL
c,UASF_0151,5,5,BASIS_007;BASIS_024;BASIS_039;BASIS_051;BASIS_054,CORROBORATED_PARTIAL
c,UASF_0152,6,4,BASIS_007;BASIS_024;BASIS_039;BASIS_051,CORROBORATED_PARTIAL
c,UASF_0153,5,4,BASIS_007;BASIS_024;BASIS_039;BASIS_051,CORROBORATED_PARTIAL
c,UASF_0154,6,4,BASIS_007;BASIS_024;BASIS_039;BASIS_051,CORROBORATED_PARTIAL
c,UASF_0155,5,4,BASIS_007;BASIS_024;BASIS_039;BASIS_051,CORROBORATED_PARTIAL
c,UASF_0156,2,1,BASIS_007,CORROBORATED_PARTIAL
c,UASF_0158,3,2,BASIS_008;BASIS_029,CORROBORATED_PARTIAL
c,UASF_0159,3,1,BASIS_008,CORROBORATED_PARTIAL
c,UASF_0160,3,1,BASIS_008,CORROBORATED_PARTIAL
c,UASF_0178,6,4,BASIS_008;BASIS_014;BASIS_015;BASIS_054,CORROBORATED_PARTIAL
c,UASF_0183,5,4,BASIS_008;BASIS_014;BASIS_015;BASIS_054,CORROBORATED_PARTIAL
c,UASF_0193,3,2,BASIS_009;BASIS_044,CORROBORATED_PARTIAL
c,UASF_0194,2,1,BASIS_009,CORROBORATED_PARTIAL
c,UASF_0198,3,2,BASIS_009;BASIS_042,CORROBORATED_PARTIAL
c,UASF_0199,3,2,BASIS_009;BASIS_042,CORROBORATED_PARTIAL
c,UASF_0200,2,2,BASIS_009;BASIS_033,CORROBORATED_PARTIAL
c,UASF_0203,5,2,BASIS_009;BASIS_042,CORROBORATED_PARTIAL
c,UASF_0204,5,2,BASIS_009;BASIS_042,CORROBORATED_PARTIAL
c,UASF_0205,5,2,BASIS_009;BASIS_042,CORROBORATED_PARTIAL
c,UASF_0206,5,2,BASIS_009;BASIS_042,CORROBORATED_PARTIAL
c,UASF_0207,5,2,BASIS_009;BASIS_042,CORROBORATED_PARTIAL
c,UASF_0208,4,2,BASIS_009;BASIS_042,CORROBORATED_PARTIAL
c,UASF_0210,3,1,BASIS_015,CORROBORATED_PARTIAL
c,UASF_0222,7,3,BASIS_015;BASIS_051;BASIS_054,CORROBORATED_PARTIAL
c,UASF_0223,6,2,BASIS_015;BASIS_054,CORROBORATED_PARTIAL
c,UASF_0226,6,1,BASIS_015,CORROBORATED_PARTIAL
c,UASF_0246,3,2,BASIS_023;BASIS_029,CORROBORATED_PARTIAL
c,UASF_0249,3,2,BASIS_023;BASIS_042,CORROBORATED_PARTIAL
c,UASF_0254,5,1,BASIS_036,CORROBORATED_PARTIAL
c,UASF_0255,5,1,BASIS_036,CORROBORATED_PARTIAL
c,UASF_0256,5,1,BASIS_036,CORROBORATED_PARTIAL
c,UASF_0257,4,1,BASIS_036,CORROBORATED_PARTIAL
c,UASF_0258,5,1,BASIS_036,CORROBORATED_PARTIAL
c,UASF_0259,5,1,BASIS_036,CORROBORATED_PARTIAL
c,UASF_0261,3,2,BASIS_014;BASIS_029,CORROBORATED_PARTIAL
c,UASF_0262,3,2,BASIS_014;BASIS_036,CORROBORATED_PARTIAL
c,UASF_0263,2,2,BASIS_015;BASIS_020,CORROBORATED_PARTIAL
c,UASF_0264,3,3,BASIS_015;BASIS_029;BASIS_042,CORROBORATED_PARTIAL
c,UASF_0265,3,2,BASIS_036;BASIS_043,CORROBORATED_PARTIAL
c,UASF_0266,2,0,,NO_INDEPENDENT_AXIS_SUPPORT
c,UASF_0267,2,1,BASIS_029,CORROBORATED_PARTIAL
c,UASF_0268,3,1,BASIS_036,CORROBORATED_PARTIAL
c,UASF_0269,2,1,BASIS_036,CORROBORATED_PARTIAL
c,UASF_0270,2,1,BASIS_042,CORROBORATED_PARTIAL
c,UASF_0271,3,3,BASIS_019;BASIS_023;BASIS_033,CORROBORATED_PARTIAL
c,UASF_0272,3,3,BASIS_019;BASIS_029;BASIS_042,CORROBORATED_PARTIAL
c,UASF_0273,3,2,BASIS_019;BASIS_036,CORROBORATED_PARTIAL
c,UASF_0274,3,3,BASIS_019;BASIS_036;BASIS_043,CORROBORATED_PARTIAL
c,UASF_0275,3,0,,NO_INDEPENDENT_AXIS_SUPPORT
c,UASF_0276,2,1,BASIS_037,CORROBORATED_PARTIAL
c,UASF_0282,3,3,BASIS_023;BASIS_029;BASIS_033,CORROBORATED_PARTIAL
c,UASF_0284,3,2,BASIS_023;BASIS_033,CORROBORATED_PARTIAL
c,UASF_0290,2,1,BASIS_034,CORROBORATED_PARTIAL
c,UASF_0292,3,1,BASIS_037,CORROBORATED_PARTIAL
c,UASF_0293,3,2,BASIS_037;BASIS_043,CORROBORATED_PARTIAL
c,UASF_0296,3,1,BASIS_042,CORROBORATED_PARTIAL
c,UASF_0301,4,2,BASIS_037;BASIS_042,CORROBORATED_PARTIAL
c,UASF_0302,5,2,BASIS_037;BASIS_042,CORROBORATED_PARTIAL
c,UASF_0303,6,2,BASIS_037;BASIS_042,CORROBORATED_PARTIAL
c,UASF_0305,5,2,BASIS_037;BASIS_042,CORROBORATED_PARTIAL
c,UASF_0306,7,4,BASIS_037;BASIS_042;BASIS_054;BASIS_065,CORROBORATED_PARTIAL
c,UASF_0307,6,3,BASIS_037;BASIS_042;BASIS_065,CORROBORATED_PARTIAL
c,UASF_0308,6,3,BASIS_037;BASIS_042;BASIS_065,CORROBORATED_PARTIAL
c,UASF_0309,5,2,BASIS_037;BASIS_042,CORROBORATED_PARTIAL
c,UASF_0310,4,3,BASIS_037;BASIS_042;BASIS_065,CORROBORATED_PARTIAL
c,UASF_0311,5,3,BASIS_037;BASIS_042;BASIS_065,CORROBORATED_PARTIAL
c,UASF_0313,2,1,BASIS_029,CORROBORATED_PARTIAL
c,UASF_0316,3,0,,NO_INDEPENDENT_AXIS_SUPPORT
c,UASF_0317,2,0,,NO_INDEPENDENT_AXIS_SUPPORT
c,UASF_0318,3,1,BASIS_029,CORROBORATED_PARTIAL
c,UASF_0319,3,2,BASIS_029;BASIS_044,CORROBORATED_PARTIAL
c,UASF_0320,2,1,BASIS_029,CORROBORATED_PARTIAL
c,UASF_0321,2,2,BASIS_029;BASIS_044,CORROBORATED_PARTIAL
c,UASF_0322,2,0,,NO_INDEPENDENT_AXIS_SUPPORT
c,UASF_0328,2,0,,NO_INDEPENDENT_AXIS_SUPPORT
c,UASF_0329,3,0,,NO_INDEPENDENT_AXIS_SUPPORT
c,UASF_0332,3,2,BASIS_037;BASIS_043,CORROBORATED_PARTIAL
c,UASF_0333,2,1,BASIS_042,CORROBORATED_PARTIAL
cpp,UASF_0001,3,1,BASIS_001,CORROBORATED_PARTIAL
cpp,UASF_0006,2,2,BASIS_001;BASIS_009,CORROBORATED_PARTIAL
cpp,UASF_0016,3,2,BASIS_001;BASIS_023,CORROBORATED_PARTIAL
cpp,UASF_0022,5,4,BASIS_001;BASIS_023;BASIS_032;BASIS_045,CORROBORATED_PARTIAL
cpp,UASF_0023,5,5,BASIS_001;BASIS_023;BASIS_032;BASIS_045;BASIS_067,CORROBORATED_PARTIAL
cpp,UASF_0024,5,3,BASIS_001;BASIS_023;BASIS_032,CORROBORATED_PARTIAL
cpp,UASF_0025,5,4,BASIS_001;BASIS_023;BASIS_032;BASIS_067,CORROBORATED_PARTIAL
cpp,UASF_0026,5,3,BASIS_001;BASIS_023;BASIS_032,CORROBORATED_PARTIAL
cpp,UASF_0031,3,3,BASIS_001;BASIS_030;BASIS_042,CORROBORATED_PARTIAL
cpp,UASF_0032,3,3,BASIS_001;BASIS_036;BASIS_042,CORROBORATED_PARTIAL
cpp,UASF_0034,3,1,BASIS_043,CORROBORATED_PARTIAL
cpp,UASF_0035,3,2,BASIS_023;BASIS_042,CORROBORATED_PARTIAL
cpp,UASF_0036,2,1,BASIS_029,CORROBORATED_PARTIAL
cpp,UASF_0037,3,2,BASIS_030;BASIS_036,CORROBORATED_PARTIAL
cpp,UASF_0038,3,2,BASIS_030;BASIS_042,CORROBORATED_PARTIAL
cpp,UASF_0039,3,2,BASIS_036;BASIS_042,CORROBORATED_PARTIAL
cpp,UASF_0040,2,1,BASIS_042,CORROBORATED_PARTIAL
cpp,UASF_0047,4,4,BASIS_003;BASIS_004;BASIS_037;BASIS_047,CORROBORATED_PARTIAL
cpp,UASF_0048,5,5,BASIS_003;BASIS_004;BASIS_037;BASIS_047;BASIS_049,CORROBORATED_PARTIAL
cpp,UASF_0049,5,5,BASIS_003;BASIS_004;BASIS_037;BASIS_047;BASIS_066,CORROBORATED_PARTIAL
cpp,UASF_0050,5,3,BASIS_003;BASIS_004;BASIS_037,CORROBORATED_PARTIAL
cpp,UASF_0051,4,4,BASIS_003;BASIS_004;BASIS_037;BASIS_066,CORROBORATED_PARTIAL
cpp,UASF_0084,3,2,BASIS_003;BASIS_043,CORROBORATED_PARTIAL
cpp,UASF_0087,3,2,BASIS_003;BASIS_037,CORROBORATED_PARTIAL
cpp,UASF_0091,3,2,BASIS_003;BASIS_041,CORROBORATED_PARTIAL
cpp,UASF_0106,3,3,BASIS_004;BASIS_032;BASIS_042,CORROBORATED_PARTIAL
cpp,UASF_0107,3,2,BASIS_006;BASIS_030,CORROBORATED_PARTIAL
cpp,UASF_0108,3,1,BASIS_043,CORROBORATED_PARTIAL
cpp,UASF_0118,5,2,BASIS_006;BASIS_050,CORROBORATED_PARTIAL
cpp,UASF_0119,5,2,BASIS_006;BASIS_050,CORROBORATED_PARTIAL
cpp,UASF_0120,5,1,BASIS_006,CORROBORATED_PARTIAL
cpp,UASF_0121,5,1,BASIS_006,CORROBORATED_PARTIAL
cpp,UASF_0122,4,1,BASIS_006,CORROBORATED_PARTIAL
cpp,UASF_0133,3,3,BASIS_006;BASIS_031;BASIS_040,CORROBORATED_PARTIAL
cpp,UASF_0134,3,3,BASIS_006;BASIS_031;BASIS_042,CORROBORATED_PARTIAL
cpp,UASF_0135,2,2,BASIS_006;BASIS_034,CORROBORATED_PARTIAL
cpp,UASF_0137,3,3,BASIS_006;BASIS_040;BASIS_042,CORROBORATED_PARTIAL
cpp,UASF_0150,3,3,BASIS_007;BASIS_024;BASIS_039,CORROBORATED_PARTIAL
cpp,UASF_0151,5,5,BASIS_007;BASIS_024;BASIS_039;BASIS_051;BASIS_054,CORROBORATED_PARTIAL
cpp,UASF_0152,6,4,BASIS_007;BASIS_024;BASIS_039;BASIS_051,CORROBORATED_PARTIAL
cpp,UASF_0153,5,4,BASIS_007;BASIS_024;BASIS_039;BASIS_051,CORROBORATED_PARTIAL
cpp,UASF_0154,6,4,BASIS_007;BASIS_024;BASIS_039;BASIS_051,CORROBORATED_PARTIAL
cpp,UASF_0155,5,4,BASIS_007;BASIS_024;BASIS_039;BASIS_051,CORROBORATED_PARTIAL
cpp,UASF_0156,2,1,BASIS_007,CORROBORATED_PARTIAL
cpp,UASF_0158,3,3,BASIS_008;BASIS_010;BASIS_029,CORROBORATED_PARTIAL
cpp,UASF_0159,3,3,BASIS_008;BASIS_010;BASIS_030,CORROBORATED_PARTIAL
cpp,UASF_0160,3,1,BASIS_008,CORROBORATED_PARTIAL
cpp,UASF_0178,6,5,BASIS_008;BASIS_014;BASIS_015;BASIS_047;BASIS_054,CORROBORATED_PARTIAL
cpp,UASF_0179,7,5,BASIS_008;BASIS_014;BASIS_015;BASIS_047;BASIS_054,CORROBORATED_PARTIAL
cpp,UASF_0180,4,4,BASIS_008;BASIS_014;BASIS_015;BASIS_054,CORROBORATED_PARTIAL
cpp,UASF_0181,5,4,BASIS_008;BASIS_014;BASIS_015;BASIS_054,CORROBORATED_PARTIAL
cpp,UASF_0182,6,4,BASIS_008;BASIS_014;BASIS_015;BASIS_054,CORROBORATED_PARTIAL
cpp,UASF_0183,5,4,BASIS_008;BASIS_014;BASIS_015;BASIS_054,CORROBORATED_PARTIAL
cpp,UASF_0193,3,3,BASIS_009;BASIS_028;BASIS_044,CORROBORATED_PARTIAL
cpp,UASF_0194,2,2,BASIS_009;BASIS_030,CORROBORATED_PARTIAL
cpp,UASF_0198,3,3,BASIS_009;BASIS_030;BASIS_042,CORROBORATED_PARTIAL
cpp,UASF_0199,3,3,BASIS_009;BASIS_031;BASIS_042,CORROBORATED_PARTIAL
cpp,UASF_0200,2,2,BASIS_009;BASIS_033,CORROBORATED_PARTIAL
cpp,UASF_0203,5,5,BASIS_009;BASIS_041;BASIS_042;BASIS_052;BASIS_067,CORROBORATED_PARTIAL
cpp,UASF_0204,5,5,BASIS_009;BASIS_041;BASIS_042;BASIS_057;BASIS_067,CORROBORATED_PARTIAL
cpp,UASF_0205,5,4,BASIS_009;BASIS_041;BASIS_042;BASIS_067,CORROBORATED_PARTIAL
cpp,UASF_0206,5,4,BASIS_009;BASIS_041;BASIS_042;BASIS_067,CORROBORATED_PARTIAL
cpp,UASF_0207,5,4,BASIS_009;BASIS_041;BASIS_042;BASIS_067,CORROBORATED_PARTIAL
cpp,UASF_0208,4,4,BASIS_009;BASIS_041;BASIS_042;BASIS_067,CORROBORATED_PARTIAL
cpp,UASF_0210,3,3,BASIS_010;BASIS_015;BASIS_030,CORROBORATED_PARTIAL
cpp,UASF_0217,7,5,BASIS_015;BASIS_028;BASIS_030;BASIS_047;BASIS_049,CORROBORATED_PARTIAL
cpp,UASF_0219,6,4,BASIS_015;BASIS_028;BASIS_030;BASIS_047,CORROBORATED_PARTIAL
cpp,UASF_0220,7,4,BASIS_015;BASIS_028;BASIS_030;BASIS_047,CORROBORATED_PARTIAL
cpp,UASF_0221,7,3,BASIS_015;BASIS_028;BASIS_030,CORROBORATED_PARTIAL
cpp,UASF_0222,7,5,BASIS_015;BASIS_028;BASIS_030;BASIS_051;BASIS_054,CORROBORATED_PARTIAL
cpp,UASF_0223,6,4,BASIS_015;BASIS_028;BASIS_030;BASIS_054,CORROBORATED_PARTIAL
cpp,UASF_0224,5,3,BASIS_015;BASIS_028;BASIS_030,CORROBORATED_PARTIAL
cpp,UASF_0225,6,3,BASIS_015;BASIS_028;BASIS_030,CORROBORATED_PARTIAL
cpp,UASF_0226,6,4,BASIS_015;BASIS_028;BASIS_030;BASIS_067,CORROBORATED_PARTIAL
cpp,UASF_0246,3,2,BASIS_023;BASIS_029,CORROBORATED_PARTIAL
cpp,UASF_0249,3,2,BASIS_023;BASIS_042,CORROBORATED_PARTIAL
cpp,UASF_0254,5,2,BASIS_036;BASIS_047,CORROBORATED_PARTIAL
cpp,UASF_0255,5,1,BASIS_036,CORROBORATED_PARTIAL
cpp,UASF_0256,5,3,BASIS_036;BASIS_057;BASIS_067,CORROBORATED_PARTIAL
cpp,UASF_0257,4,1,BASIS_036,CORROBORATED_PARTIAL
cpp,UASF_0258,5,1,BASIS_036,CORROBORATED_PARTIAL
cpp,UASF_0259,5,2,BASIS_036;BASIS_067,CORROBORATED_PARTIAL
cpp,UASF_0261,3,3,BASIS_014;BASIS_016;BASIS_029,CORROBORATED_PARTIAL
cpp,UASF_0262,3,3,BASIS_014;BASIS_016;BASIS_036,CORROBORATED_PARTIAL
cpp,UASF_0263,2,2,BASIS_015;BASIS_020,CORROBORATED_PARTIAL
cpp,UASF_0264,3,3,BASIS_015;BASIS_029;BASIS_042,CORROBORATED_PARTIAL
cpp,UASF_0265,3,3,BASIS_016;BASIS_036;BASIS_043,CORROBORATED_PARTIAL
cpp,UASF_0266,2,1,BASIS_028,CORROBORATED_PARTIAL
cpp,UASF_0267,2,1,BASIS_029,CORROBORATED_PARTIAL
cpp,UASF_0268,3,1,BASIS_036,CORROBORATED_PARTIAL
cpp,UASF_0269,2,1,BASIS_036,CORROBORATED_PARTIAL
cpp,UASF_0270,2,1,BASIS_042,CORROBORATED_PARTIAL
cpp,UASF_0271,3,3,BASIS_019;BASIS_023;BASIS_033,CORROBORATED_PARTIAL
cpp,UASF_0272,3,3,BASIS_019;BASIS_029;BASIS_042,CORROBORATED_PARTIAL
cpp,UASF_0273,3,3,BASIS_019;BASIS_030;BASIS_036,CORROBORATED_PARTIAL
cpp,UASF_0274,3,3,BASIS_019;BASIS_036;BASIS_043,CORROBORATED_PARTIAL
cpp,UASF_0275,3,1,BASIS_025,CORROBORATED_PARTIAL
cpp,UASF_0276,2,1,BASIS_037,CORROBORATED_PARTIAL
cpp,UASF_0282,3,3,BASIS_023;BASIS_029;BASIS_033,CORROBORATED_PARTIAL
cpp,UASF_0284,3,3,BASIS_023;BASIS_030;BASIS_033,CORROBORATED_PARTIAL
cpp,UASF_0290,2,2,BASIS_025;BASIS_034,CORROBORATED_PARTIAL
cpp,UASF_0292,3,2,BASIS_031;BASIS_037,CORROBORATED_PARTIAL
cpp,UASF_0293,3,2,BASIS_037;BASIS_043,CORROBORATED_PARTIAL
cpp,UASF_0296,3,2,BASIS_028;BASIS_042,CORROBORATED_PARTIAL
cpp,UASF_0301,4,2,BASIS_037;BASIS_042,CORROBORATED_PARTIAL
cpp,UASF_0302,5,3,BASIS_037;BASIS_042;BASIS_047,CORROBORATED_PARTIAL
cpp,UASF_0303,6,3,BASIS_037;BASIS_042;BASIS_047,CORROBORATED_PARTIAL
cpp,UASF_0304,5,4,BASIS_037;BASIS_042;BASIS_047;BASIS_065,CORROBORATED_PARTIAL
cpp,UASF_0305,5,4,BASIS_037;BASIS_042;BASIS_047;BASIS_067,CORROBORATED_PARTIAL
cpp,UASF_0306,7,4,BASIS_037;BASIS_042;BASIS_054;BASIS_065,CORROBORATED_PARTIAL
cpp,UASF_0307,6,5,BASIS_037;BASIS_042;BASIS_057;BASIS_065;BASIS_067,CORROBORATED_PARTIAL
cpp,UASF_0308,6,4,BASIS_037;BASIS_042;BASIS_065;BASIS_067,CORROBORATED_PARTIAL
cpp,UASF_0309,5,3,BASIS_037;BASIS_042;BASIS_067,CORROBORATED_PARTIAL
cpp,UASF_0310,4,3,BASIS_037;BASIS_042;BASIS_065,CORROBORATED_PARTIAL
cpp,UASF_0311,5,4,BASIS_037;BASIS_042;BASIS_065;BASIS_067,CORROBORATED_PARTIAL
cpp,UASF_0313,2,2,BASIS_028;BASIS_029,CORROBORATED_PARTIAL
cpp,UASF_0316,3,3,BASIS_028;BASIS_030;BASIS_040,CORROBORATED_PARTIAL
cpp,UASF_0317,2,2,BASIS_028;BASIS_040,CORROBORATED_PARTIAL
cpp,UASF_0318,3,3,BASIS_029;BASIS_030;BASIS_032,CORROBORATED_PARTIAL
cpp,UASF_0319,3,3,BASIS_029;BASIS_032;BASIS_044,CORROBORATED_PARTIAL
cpp,UASF_0320,2,1,BASIS_029,CORROBORATED_PARTIAL
cpp,UASF_0321,2,2,BASIS_029;BASIS_044,CORROBORATED_PARTIAL
cpp,UASF_0322,2,2,BASIS_030;BASIS_031,CORROBORATED_PARTIAL
cpp,UASF_0328,2,2,BASIS_031;BASIS_040,CORROBORATED_PARTIAL
cpp,UASF_0329,3,3,BASIS_031;BASIS_040;BASIS_041,CORROBORATED_PARTIAL
cpp,UASF_0332,3,3,BASIS_037;BASIS_041;BASIS_043,CORROBORATED_PARTIAL
cpp,UASF_0333,2,2,BASIS_041;BASIS_042,CORROBORATED_PARTIAL
csharp,UASF_0018,3,2,BASIS_001;BASIS_036,CORROBORATED_PARTIAL
csharp,UASF_0020,3,3,BASIS_001;BASIS_023;BASIS_030,CORROBORATED_PARTIAL
csharp,UASF_0022,5,4,BASIS_001;BASIS_023;BASIS_032;BASIS_045,CORROBORATED_PARTIAL
csharp,UASF_0023,5,5,BASIS_001;BASIS_023;BASIS_032;BASIS_045;BASIS_067,CORROBORATED_PARTIAL
csharp,UASF_0024,5,3,BASIS_001;BASIS_023;BASIS_032,CORROBORATED_PARTIAL
csharp,UASF_0025,5,4,BASIS_001;BASIS_023;BASIS_032;BASIS_067,CORROBORATED_PARTIAL
csharp,UASF_0026,5,3,BASIS_001;BASIS_023;BASIS_032,CORROBORATED_PARTIAL
csharp,UASF_0045,3,2,BASIS_003;BASIS_004,CORROBORATED_PARTIAL
csharp,UASF_0047,4,4,BASIS_003;BASIS_004;BASIS_037;BASIS_047,CORROBORATED_PARTIAL
csharp,UASF_0048,5,5,BASIS_003;BASIS_004;BASIS_037;BASIS_047;BASIS_049,CORROBORATED_PARTIAL
csharp,UASF_0049,5,5,BASIS_003;BASIS_004;BASIS_037;BASIS_047;BASIS_066,CORROBORATED_PARTIAL
csharp,UASF_0050,5,3,BASIS_003;BASIS_004;BASIS_037,CORROBORATED_PARTIAL
csharp,UASF_0051,4,4,BASIS_003;BASIS_004;BASIS_037;BASIS_066,CORROBORATED_PARTIAL
csharp,UASF_0052,3,3,BASIS_003;BASIS_004;BASIS_041,CORROBORATED_PARTIAL
csharp,UASF_0060,3,3,BASIS_003;BASIS_008;BASIS_030,CORROBORATED_PARTIAL
csharp,UASF_0062,3,3,BASIS_003;BASIS_008;BASIS_037,CORROBORATED_PARTIAL
csharp,UASF_0063,3,3,BASIS_003;BASIS_008;BASIS_041,CORROBORATED_PARTIAL
csharp,UASF_0067,3,3,BASIS_003;BASIS_009;BASIS_030,CORROBORATED_PARTIAL
csharp,UASF_0068,3,3,BASIS_003;BASIS_009;BASIS_041,CORROBORATED_PARTIAL
csharp,UASF_0079,3,2,BASIS_003;BASIS_036,CORROBORATED_PARTIAL
csharp,UASF_0080,3,1,BASIS_003,CORROBORATED_PARTIAL
csharp,UASF_0082,2,2,BASIS_003;BASIS_015,CORROBORATED_PARTIAL
csharp,UASF_0088,2,1,BASIS_003,CORROBORATED_PARTIAL
csharp,UASF_0089,3,2,BASIS_003;BASIS_030,CORROBORATED_PARTIAL
csharp,UASF_0093,3,3,BASIS_003;BASIS_030;BASIS_036,CORROBORATED_PARTIAL
csharp,UASF_0094,3,3,BASIS_003;BASIS_030;BASIS_037,CORROBORATED_PARTIAL
csharp,UASF_0095,3,3,BASIS_003;BASIS_030;BASIS_042,CORROBORATED_PARTIAL
csharp,UASF_0097,2,2,BASIS_003;BASIS_036,CORROBORATED_PARTIAL
csharp,UASF_0098,3,3,BASIS_003;BASIS_036;BASIS_042,CORROBORATED_PARTIAL
csharp,UASF_0099,2,2,BASIS_003;BASIS_037,CORROBORATED_PARTIAL
csharp,UASF_0100,2,2,BASIS_003;BASIS_042,CORROBORATED_PARTIAL
csharp,UASF_0104,3,2,BASIS_004;BASIS_023,CORROBORATED_PARTIAL
csharp,UASF_0109,2,1,BASIS_008,CORROBORATED_PARTIAL
csharp,UASF_0114,2,1,BASIS_009,CORROBORATED_PARTIAL
csharp,UASF_0115,3,2,BASIS_011;BASIS_032,CORROBORATED_PARTIAL
csharp,UASF_0116,2,0,,NO_INDEPENDENT_AXIS_SUPPORT
csharp,UASF_0118,5,1,BASIS_055,CORROBORATED_PARTIAL
csharp,UASF_0119,5,0,,NO_INDEPENDENT_AXIS_SUPPORT
csharp,UASF_0120,5,0,,NO_INDEPENDENT_AXIS_SUPPORT
csharp,UASF_0121,5,0,,NO_INDEPENDENT_AXIS_SUPPORT
csharp,UASF_0122,4,0,,NO_INDEPENDENT_AXIS_SUPPORT
csharp,UASF_0128,2,0,,NO_INDEPENDENT_AXIS_SUPPORT
csharp,UASF_0129,3,1,BASIS_036,CORROBORATED_PARTIAL
csharp,UASF_0138,2,1,BASIS_041,CORROBORATED_PARTIAL
csharp,UASF_0151,5,5,BASIS_007;BASIS_024;BASIS_039;BASIS_051;BASIS_054,CORROBORATED_PARTIAL
csharp,UASF_0152,6,5,BASIS_007;BASIS_024;BASIS_039;BASIS_051;BASIS_055,CORROBORATED_PARTIAL
csharp,UASF_0153,5,4,BASIS_007;BASIS_024;BASIS_039;BASIS_051,CORROBORATED_PARTIAL
csharp,UASF_0154,6,4,BASIS_007;BASIS_024;BASIS_039;BASIS_051,CORROBORATED_PARTIAL
csharp,UASF_0167,3,3,BASIS_008;BASIS_011;BASIS_041,CORROBORATED_PARTIAL
csharp,UASF_0174,3,1,BASIS_008,CORROBORATED_PARTIAL
csharp,UASF_0175,3,2,BASIS_008;BASIS_030,CORROBORATED_PARTIAL
csharp,UASF_0176,3,2,BASIS_008;BASIS_036,CORROBORATED_PARTIAL
csharp,UASF_0178,6,6,BASIS_008;BASIS_014;BASIS_015;BASIS_047;BASIS_054;BASIS_055,CORROBORATED_PARTIAL
csharp,UASF_0179,7,6,BASIS_008;BASIS_014;BASIS_015;BASIS_047;BASIS_054;BASIS_055,CORROBORATED_PARTIAL
csharp,UASF_0180,4,4,BASIS_008;BASIS_014;BASIS_015;BASIS_054,CORROBORATED_PARTIAL
csharp,UASF_0181,5,5,BASIS_008;BASIS_014;BASIS_015;BASIS_054;BASIS_055,CORROBORATED_PARTIAL
csharp,UASF_0182,6,5,BASIS_008;BASIS_014;BASIS_015;BASIS_054;BASIS_055,CORROBORATED_PARTIAL
csharp,UASF_0183,5,4,BASIS_008;BASIS_014;BASIS_015;BASIS_054,CORROBORATED_PARTIAL
csharp,UASF_0187,3,3,BASIS_008;BASIS_015;BASIS_030,CORROBORATED_PARTIAL
csharp,UASF_0188,3,2,BASIS_008;BASIS_036,CORROBORATED_PARTIAL
csharp,UASF_0189,2,2,BASIS_008;BASIS_030,CORROBORATED_PARTIAL
csharp,UASF_0190,3,3,BASIS_008;BASIS_030;BASIS_042,CORROBORATED_PARTIAL
csharp,UASF_0194,2,2,BASIS_009;BASIS_030,CORROBORATED_PARTIAL
csharp,UASF_0196,3,3,BASIS_009;BASIS_030;BASIS_036,CORROBORATED_PARTIAL
csharp,UASF_0201,2,2,BASIS_009;BASIS_036,CORROBORATED_PARTIAL
csharp,UASF_0202,2,2,BASIS_009;BASIS_041,CORROBORATED_PARTIAL
csharp,UASF_0203,5,4,BASIS_009;BASIS_041;BASIS_042;BASIS_067,CORROBORATED_PARTIAL
csharp,UASF_0204,5,5,BASIS_009;BASIS_041;BASIS_042;BASIS_057;BASIS_067,CORROBORATED_PARTIAL
csharp,UASF_0205,5,4,BASIS_009;BASIS_041;BASIS_042;BASIS_067,CORROBORATED_PARTIAL
csharp,UASF_0206,5,4,BASIS_009;BASIS_041;BASIS_042;BASIS_067,CORROBORATED_PARTIAL
csharp,UASF_0207,5,4,BASIS_009;BASIS_041;BASIS_042;BASIS_067,CORROBORATED_PARTIAL
csharp,UASF_0208,4,4,BASIS_009;BASIS_041;BASIS_042;BASIS_067,CORROBORATED_PARTIAL
csharp,UASF_0209,2,2,BASIS_009;BASIS_042,CORROBORATED_PARTIAL
csharp,UASF_0217,7,6,BASIS_011;BASIS_015;BASIS_028;BASIS_030;BASIS_047;BASIS_049,CORROBORATED_PARTIAL
csharp,UASF_0218,7,7,BASIS_011;BASIS_015;BASIS_028;BASIS_030;BASIS_047;BASIS_054;BASIS_055,CORROBORATED_PARTIAL
csharp,UASF_0219,6,6,BASIS_011;BASIS_015;BASIS_028;BASIS_030;BASIS_047;BASIS_055,CORROBORATED_PARTIAL
csharp,UASF_0220,7,6,BASIS_011;BASIS_015;BASIS_028;BASIS_030;BASIS_047;BASIS_055,CORROBORATED_PARTIAL
csharp,UASF_0221,7,5,BASIS_011;BASIS_015;BASIS_028;BASIS_030;BASIS_055,CORROBORATED_PARTIAL
csharp,UASF_0222,7,6,BASIS_011;BASIS_015;BASIS_028;BASIS_030;BASIS_051;BASIS_054,CORROBORATED_PARTIAL
csharp,UASF_0223,6,5,BASIS_011;BASIS_015;BASIS_028;BASIS_030;BASIS_054,CORROBORATED_PARTIAL
csharp,UASF_0224,5,5,BASIS_011;BASIS_015;BASIS_028;BASIS_030;BASIS_055,CORROBORATED_PARTIAL
csharp,UASF_0225,6,5,BASIS_011;BASIS_015;BASIS_028;BASIS_030;BASIS_055,CORROBORATED_PARTIAL
csharp,UASF_0226,6,6,BASIS_011;BASIS_015;BASIS_028;BASIS_030;BASIS_055;BASIS_067,CORROBORATED_PARTIAL
csharp,UASF_0235,3,3,BASIS_011;BASIS_032;BASIS_042,CORROBORATED_PARTIAL
csharp,UASF_0244,3,2,BASIS_028;BASIS_036,CORROBORATED_PARTIAL
csharp,UASF_0245,2,1,BASIS_036,CORROBORATED_PARTIAL
csharp,UASF_0250,3,1,BASIS_036,CORROBORATED_PARTIAL
csharp,UASF_0252,2,1,BASIS_032,CORROBORATED_PARTIAL
csharp,UASF_0253,3,2,BASIS_032;BASIS_042,CORROBORATED_PARTIAL
csharp,UASF_0254,5,2,BASIS_036;BASIS_047,CORROBORATED_PARTIAL
csharp,UASF_0255,5,2,BASIS_036;BASIS_055,CORROBORATED_PARTIAL
csharp,UASF_0256,5,3,BASIS_036;BASIS_057;BASIS_067,CORROBORATED_PARTIAL
csharp,UASF_0257,4,1,BASIS_036,CORROBORATED_PARTIAL
csharp,UASF_0258,5,1,BASIS_036,CORROBORATED_PARTIAL
csharp,UASF_0259,5,2,BASIS_036;BASIS_067,CORROBORATED_PARTIAL
csharp,UASF_0260,3,2,BASIS_036;BASIS_039,CORROBORATED_PARTIAL
csharp,UASF_0278,3,2,BASIS_023;BASIS_036,CORROBORATED_PARTIAL
csharp,UASF_0280,3,1,BASIS_037,CORROBORATED_PARTIAL
csharp,UASF_0281,2,1,BASIS_036,CORROBORATED_PARTIAL
csharp,UASF_0283,3,3,BASIS_023;BASIS_030;BASIS_032,CORROBORATED_PARTIAL
csharp,UASF_0285,3,3,BASIS_023;BASIS_030;BASIS_042,CORROBORATED_PARTIAL
csharp,UASF_0286,3,3,BASIS_023;BASIS_032;BASIS_036,CORROBORATED_PARTIAL
csharp,UASF_0287,3,3,BASIS_023;BASIS_032;BASIS_042,CORROBORATED_PARTIAL
csharp,UASF_0288,3,3,BASIS_023;BASIS_036;BASIS_042,CORROBORATED_PARTIAL
csharp,UASF_0289,3,3,BASIS_024;BASIS_036;BASIS_039,CORROBORATED_PARTIAL
csharp,UASF_0297,3,2,BASIS_030;BASIS_036,CORROBORATED_PARTIAL
csharp,UASF_0301,4,2,BASIS_037;BASIS_042,CORROBORATED_PARTIAL
csharp,UASF_0302,5,4,BASIS_037;BASIS_042;BASIS_047;BASIS_055,CORROBORATED_PARTIAL
csharp,UASF_0303,6,4,BASIS_037;BASIS_042;BASIS_047;BASIS_055,CORROBORATED_PARTIAL
csharp,UASF_0304,5,4,BASIS_037;BASIS_042;BASIS_047;BASIS_065,CORROBORATED_PARTIAL
csharp,UASF_0305,5,4,BASIS_037;BASIS_042;BASIS_047;BASIS_067,CORROBORATED_PARTIAL
csharp,UASF_0306,7,5,BASIS_037;BASIS_042;BASIS_054;BASIS_055;BASIS_065,CORROBORATED_PARTIAL
csharp,UASF_0307,6,5,BASIS_037;BASIS_042;BASIS_057;BASIS_065;BASIS_067,CORROBORATED_PARTIAL
csharp,UASF_0308,6,4,BASIS_037;BASIS_042;BASIS_065;BASIS_067,CORROBORATED_PARTIAL
csharp,UASF_0309,5,3,BASIS_037;BASIS_042;BASIS_067,CORROBORATED_PARTIAL
csharp,UASF_0310,4,3,BASIS_037;BASIS_042;BASIS_065,CORROBORATED_PARTIAL
csharp,UASF_0311,5,4,BASIS_037;BASIS_042;BASIS_065;BASIS_067,CORROBORATED_PARTIAL
csharp,UASF_0325,3,3,BASIS_030;BASIS_036;BASIS_042,CORROBORATED_PARTIAL
csharp,UASF_0331,2,2,BASIS_036;BASIS_042,CORROBORATED_PARTIAL
csharp,UASF_0333,2,2,BASIS_041;BASIS_042,CORROBORATED_PARTIAL
go,UASF_0010,8,3,BASIS_001;BASIS_023;BASIS_045,CORROBORATED_PARTIAL
go,UASF_0022,5,3,BASIS_001;BASIS_023;BASIS_045,CORROBORATED_PARTIAL
go,UASF_0023,5,3,BASIS_001;BASIS_023;BASIS_045,CORROBORATED_PARTIAL
go,UASF_0024,5,2,BASIS_001;BASIS_023,CORROBORATED_PARTIAL
go,UASF_0025,5,2,BASIS_001;BASIS_023,CORROBORATED_PARTIAL
go,UASF_0026,5,2,BASIS_001;BASIS_023,CORROBORATED_PARTIAL
go,UASF_0033,6,1,BASIS_023,CORROBORATED_PARTIAL
go,UASF_0047,4,4,BASIS_003;BASIS_004;BASIS_037;BASIS_047,CORROBORATED_PARTIAL
go,UASF_0048,5,5,BASIS_003;BASIS_004;BASIS_037;BASIS_047;BASIS_049,CORROBORATED_PARTIAL
go,UASF_0049,5,5,BASIS_003;BASIS_004;BASIS_037;BASIS_047;BASIS_066,CORROBORATED_PARTIAL
go,UASF_0050,5,3,BASIS_003;BASIS_004;BASIS_037,CORROBORATED_PARTIAL
go,UASF_0051,4,4,BASIS_003;BASIS_004;BASIS_037;BASIS_066,CORROBORATED_PARTIAL
go,UASF_0054,6,4,BASIS_003;BASIS_008;BASIS_047;BASIS_054,CORROBORATED_PARTIAL
go,UASF_0064,6,5,BASIS_003;BASIS_008;BASIS_042;BASIS_047;BASIS_054,CORROBORATED_PARTIAL
go,UASF_0075,6,4,BASIS_003;BASIS_037;BASIS_047;BASIS_066,CORROBORATED_PARTIAL
go,UASF_0076,6,3,BASIS_003;BASIS_042;BASIS_047,CORROBORATED_PARTIAL
go,UASF_0086,7,5,BASIS_003;BASIS_030;BASIS_042;BASIS_047;BASIS_057,CORROBORATED_PARTIAL
go,UASF_0118,5,0,,NO_INDEPENDENT_AXIS_SUPPORT
go,UASF_0119,5,0,,NO_INDEPENDENT_AXIS_SUPPORT
go,UASF_0120,5,0,,NO_INDEPENDENT_AXIS_SUPPORT
go,UASF_0121,5,0,,NO_INDEPENDENT_AXIS_SUPPORT
go,UASF_0122,4,0,,NO_INDEPENDENT_AXIS_SUPPORT
go,UASF_0142,6,4,BASIS_007;BASIS_008;BASIS_051;BASIS_054,CORROBORATED_PARTIAL
go,UASF_0144,6,2,BASIS_007;BASIS_051,CORROBORATED_PARTIAL
go,UASF_0147,4,3,BASIS_007;BASIS_023;BASIS_051,CORROBORATED_PARTIAL
go,UASF_0151,5,5,BASIS_007;BASIS_024;BASIS_039;BASIS_051;BASIS_054,CORROBORATED_PARTIAL
go,UASF_0152,6,4,BASIS_007;BASIS_024;BASIS_039;BASIS_051,CORROBORATED_PARTIAL
go,UASF_0153,5,4,BASIS_007;BASIS_024;BASIS_039;BASIS_051,CORROBORATED_PARTIAL
go,UASF_0154,6,4,BASIS_007;BASIS_024;BASIS_039;BASIS_051,CORROBORATED_PARTIAL
go,UASF_0155,5,4,BASIS_007;BASIS_024;BASIS_039;BASIS_051,CORROBORATED_PARTIAL
go,UASF_0168,4,2,BASIS_008;BASIS_054,CORROBORATED_PARTIAL
go,UASF_0177,6,3,BASIS_008;BASIS_042;BASIS_054,CORROBORATED_PARTIAL
go,UASF_0178,6,5,BASIS_008;BASIS_014;BASIS_015;BASIS_047;BASIS_054,CORROBORATED_PARTIAL
go,UASF_0179,7,5,BASIS_008;BASIS_014;BASIS_015;BASIS_047;BASIS_054,CORROBORATED_PARTIAL
go,UASF_0180,4,4,BASIS_008;BASIS_014;BASIS_015;BASIS_054,CORROBORATED_PARTIAL
go,UASF_0181,5,4,BASIS_008;BASIS_014;BASIS_015;BASIS_054,CORROBORATED_PARTIAL
go,UASF_0182,6,4,BASIS_008;BASIS_014;BASIS_015;BASIS_054,CORROBORATED_PARTIAL
go,UASF_0183,5,4,BASIS_008;BASIS_014;BASIS_015;BASIS_054,CORROBORATED_PARTIAL
go,UASF_0203,5,4,BASIS_009;BASIS_041;BASIS_042;BASIS_052,CORROBORATED_PARTIAL
go,UASF_0204,5,4,BASIS_009;BASIS_041;BASIS_042;BASIS_057,CORROBORATED_PARTIAL
go,UASF_0205,5,3,BASIS_009;BASIS_041;BASIS_042,CORROBORATED_PARTIAL
go,UASF_0206,5,3,BASIS_009;BASIS_041;BASIS_042,CORROBORATED_PARTIAL
go,UASF_0207,5,3,BASIS_009;BASIS_041;BASIS_042,CORROBORATED_PARTIAL
go,UASF_0208,4,3,BASIS_009;BASIS_041;BASIS_042,CORROBORATED_PARTIAL
go,UASF_0214,6,1,BASIS_042,CORROBORATED_PARTIAL
go,UASF_0217,7,5,BASIS_015;BASIS_028;BASIS_030;BASIS_047;BASIS_049,CORROBORATED_PARTIAL
go,UASF_0219,6,4,BASIS_015;BASIS_028;BASIS_030;BASIS_047,CORROBORATED_PARTIAL
go,UASF_0220,7,4,BASIS_015;BASIS_028;BASIS_030;BASIS_047,CORROBORATED_PARTIAL
go,UASF_0221,7,3,BASIS_015;BASIS_028;BASIS_030,CORROBORATED_PARTIAL
go,UASF_0222,7,5,BASIS_015;BASIS_028;BASIS_030;BASIS_051;BASIS_054,CORROBORATED_PARTIAL
go,UASF_0223,6,4,BASIS_015;BASIS_028;BASIS_030;BASIS_054,CORROBORATED_PARTIAL
go,UASF_0224,5,3,BASIS_015;BASIS_028;BASIS_030,CORROBORATED_PARTIAL
go,UASF_0225,6,3,BASIS_015;BASIS_028;BASIS_030,CORROBORATED_PARTIAL
go,UASF_0226,6,3,BASIS_015;BASIS_028;BASIS_030,CORROBORATED_PARTIAL
go,UASF_0231,6,2,BASIS_023;BASIS_042,CORROBORATED_PARTIAL
go,UASF_0236,4,1,BASIS_042,CORROBORATED_PARTIAL
go,UASF_0254,5,2,BASIS_036;BASIS_047,CORROBORATED_PARTIAL
go,UASF_0255,5,1,BASIS_036,CORROBORATED_PARTIAL
go,UASF_0256,5,2,BASIS_036;BASIS_057,CORROBORATED_PARTIAL
go,UASF_0257,4,1,BASIS_036,CORROBORATED_PARTIAL
go,UASF_0258,5,1,BASIS_036,CORROBORATED_PARTIAL
go,UASF_0259,5,1,BASIS_036,CORROBORATED_PARTIAL
go,UASF_0291,5,3,BASIS_030;BASIS_042;BASIS_057,CORROBORATED_PARTIAL
go,UASF_0301,4,2,BASIS_037;BASIS_042,CORROBORATED_PARTIAL
go,UASF_0302,5,3,BASIS_037;BASIS_042;BASIS_047,CORROBORATED_PARTIAL
go,UASF_0303,6,3,BASIS_037;BASIS_042;BASIS_047,CORROBORATED_PARTIAL
go,UASF_0304,5,4,BASIS_037;BASIS_042;BASIS_047;BASIS_065,CORROBORATED_PARTIAL
go,UASF_0305,5,3,BASIS_037;BASIS_042;BASIS_047,CORROBORATED_PARTIAL
go,UASF_0306,7,4,BASIS_037;BASIS_042;BASIS_054;BASIS_065,CORROBORATED_PARTIAL
go,UASF_0307,6,4,BASIS_037;BASIS_042;BASIS_057;BASIS_065,CORROBORATED_PARTIAL
go,UASF_0308,6,3,BASIS_037;BASIS_042;BASIS_065,CORROBORATED_PARTIAL
go,UASF_0309,5,2,BASIS_037;BASIS_042,CORROBORATED_PARTIAL
go,UASF_0310,4,3,BASIS_037;BASIS_042;BASIS_065,CORROBORATED_PARTIAL
go,UASF_0311,5,3,BASIS_037;BASIS_042;BASIS_065,CORROBORATED_PARTIAL
go,UASF_0334,4,3,BASIS_042;BASIS_043;BASIS_052,CORROBORATED_PARTIAL
java,UASF_0007,5,4,BASIS_001;BASIS_009;BASIS_023;BASIS_036,CORROBORATED_PARTIAL
java,UASF_0014,5,4,BASIS_001;BASIS_013;BASIS_023;BASIS_036,CORROBORATED_PARTIAL
java,UASF_0015,6,6,BASIS_001;BASIS_013;BASIS_030;BASIS_036;BASIS_037;BASIS_042,CORROBORATED_PARTIAL
java,UASF_0022,5,4,BASIS_001;BASIS_023;BASIS_045;BASIS_058,CORROBORATED_PARTIAL
java,UASF_0023,5,4,BASIS_001;BASIS_023;BASIS_045;BASIS_067,CORROBORATED_PARTIAL
java,UASF_0024,5,3,BASIS_001;BASIS_023;BASIS_058,CORROBORATED_PARTIAL
java,UASF_0025,5,3,BASIS_001;BASIS_023;BASIS_067,CORROBORATED_PARTIAL
java,UASF_0026,5,2,BASIS_001;BASIS_023,CORROBORATED_PARTIAL
java,UASF_0041,5,4,BASIS_003;BASIS_004;BASIS_008;BASIS_037,CORROBORATED_PARTIAL
java,UASF_0047,4,4,BASIS_003;BASIS_004;BASIS_037;BASIS_047,CORROBORATED_PARTIAL
java,UASF_0048,5,5,BASIS_003;BASIS_004;BASIS_037;BASIS_047;BASIS_049,CORROBORATED_PARTIAL
java,UASF_0049,5,5,BASIS_003;BASIS_004;BASIS_037;BASIS_047;BASIS_066,CORROBORATED_PARTIAL
java,UASF_0050,5,3,BASIS_003;BASIS_004;BASIS_037,CORROBORATED_PARTIAL
java,UASF_0051,4,4,BASIS_003;BASIS_004;BASIS_037;BASIS_066,CORROBORATED_PARTIAL
java,UASF_0066,7,7,BASIS_003;BASIS_009;BASIS_015;BASIS_030;BASIS_036;BASIS_037;BASIS_042,CORROBORATED_PARTIAL
java,UASF_0078,5,3,BASIS_003;BASIS_037;BASIS_042,CORROBORATED_PARTIAL
java,UASF_0090,5,4,BASIS_003;BASIS_036;BASIS_037;BASIS_042,CORROBORATED_PARTIAL
java,UASF_0111,6,4,BASIS_008;BASIS_022;BASIS_023;BASIS_036,CORROBORATED_PARTIAL
java,UASF_0112,6,4,BASIS_008;BASIS_022;BASIS_036;BASIS_042,CORROBORATED_PARTIAL
java,UASF_0118,5,1,BASIS_022,CORROBORATED_PARTIAL
java,UASF_0119,5,1,BASIS_022,CORROBORATED_PARTIAL
java,UASF_0120,5,1,BASIS_022,CORROBORATED_PARTIAL
java,UASF_0121,5,1,BASIS_022,CORROBORATED_PARTIAL
java,UASF_0122,4,1,BASIS_022,CORROBORATED_PARTIAL
java,UASF_0123,5,2,BASIS_022;BASIS_042,CORROBORATED_PARTIAL
java,UASF_0145,6,5,BASIS_007;BASIS_013;BASIS_024;BASIS_036;BASIS_039,CORROBORATED_PARTIAL
java,UASF_0151,5,5,BASIS_007;BASIS_024;BASIS_039;BASIS_051;BASIS_054,CORROBORATED_PARTIAL
java,UASF_0152,6,5,BASIS_007;BASIS_024;BASIS_039;BASIS_051;BASIS_058,CORROBORATED_PARTIAL
java,UASF_0153,5,5,BASIS_007;BASIS_024;BASIS_039;BASIS_051;BASIS_058,CORROBORATED_PARTIAL
java,UASF_0154,6,5,BASIS_007;BASIS_024;BASIS_039;BASIS_051;BASIS_058,CORROBORATED_PARTIAL
java,UASF_0155,5,4,BASIS_007;BASIS_024;BASIS_039;BASIS_051,CORROBORATED_PARTIAL
java,UASF_0163,6,5,BASIS_008;BASIS_014;BASIS_015;BASIS_028;BASIS_042,CORROBORATED_PARTIAL
java,UASF_0170,5,5,BASIS_008;BASIS_013;BASIS_014;BASIS_015;BASIS_036,CORROBORATED_PARTIAL
java,UASF_0178,6,5,BASIS_008;BASIS_014;BASIS_015;BASIS_047;BASIS_054,CORROBORATED_PARTIAL
java,UASF_0179,7,6,BASIS_008;BASIS_014;BASIS_015;BASIS_047;BASIS_054;BASIS_058,CORROBORATED_PARTIAL
java,UASF_0180,4,4,BASIS_008;BASIS_014;BASIS_015;BASIS_054,CORROBORATED_PARTIAL
java,UASF_0181,5,4,BASIS_008;BASIS_014;BASIS_015;BASIS_054,CORROBORATED_PARTIAL
java,UASF_0182,6,5,BASIS_008;BASIS_014;BASIS_015;BASIS_054;BASIS_058,CORROBORATED_PARTIAL
java,UASF_0183,5,5,BASIS_008;BASIS_014;BASIS_015;BASIS_054;BASIS_058,CORROBORATED_PARTIAL
java,UASF_0197,5,5,BASIS_009;BASIS_030;BASIS_036;BASIS_041;BASIS_042,CORROBORATED_PARTIAL
java,UASF_0203,5,4,BASIS_009;BASIS_041;BASIS_042;BASIS_067,CORROBORATED_PARTIAL
java,UASF_0204,5,5,BASIS_009;BASIS_041;BASIS_042;BASIS_057;BASIS_067,CORROBORATED_PARTIAL
java,UASF_0205,5,5,BASIS_009;BASIS_041;BASIS_042;BASIS_058;BASIS_067,CORROBORATED_PARTIAL
java,UASF_0206,5,4,BASIS_009;BASIS_041;BASIS_042;BASIS_067,CORROBORATED_PARTIAL
java,UASF_0207,5,4,BASIS_009;BASIS_041;BASIS_042;BASIS_067,CORROBORATED_PARTIAL
java,UASF_0208,4,4,BASIS_009;BASIS_041;BASIS_042;BASIS_067,CORROBORATED_PARTIAL
java,UASF_0215,5,4,BASIS_014;BASIS_015;BASIS_028;BASIS_030,CORROBORATED_PARTIAL
java,UASF_0217,7,6,BASIS_015;BASIS_028;BASIS_030;BASIS_047;BASIS_049;BASIS_058,CORROBORATED_PARTIAL
java,UASF_0218,7,5,BASIS_015;BASIS_028;BASIS_030;BASIS_047;BASIS_054,CORROBORATED_PARTIAL
java,UASF_0219,6,4,BASIS_015;BASIS_028;BASIS_030;BASIS_047,CORROBORATED_PARTIAL
java,UASF_0220,7,5,BASIS_015;BASIS_028;BASIS_030;BASIS_047;BASIS_058,CORROBORATED_PARTIAL
java,UASF_0221,7,5,BASIS_015;BASIS_028;BASIS_030;BASIS_048;BASIS_058,CORROBORATED_PARTIAL
java,UASF_0222,7,6,BASIS_015;BASIS_028;BASIS_030;BASIS_051;BASIS_054;BASIS_058,CORROBORATED_PARTIAL
java,UASF_0223,6,5,BASIS_015;BASIS_028;BASIS_030;BASIS_054;BASIS_058,CORROBORATED_PARTIAL
java,UASF_0224,5,3,BASIS_015;BASIS_028;BASIS_030,CORROBORATED_PARTIAL
java,UASF_0225,6,4,BASIS_015;BASIS_028;BASIS_030;BASIS_058,CORROBORATED_PARTIAL
java,UASF_0226,6,4,BASIS_015;BASIS_028;BASIS_030;BASIS_067,CORROBORATED_PARTIAL
java,UASF_0254,5,4,BASIS_013;BASIS_036;BASIS_047;BASIS_058,CORROBORATED_PARTIAL
java,UASF_0255,5,3,BASIS_013;BASIS_036;BASIS_058,CORROBORATED_PARTIAL
java,UASF_0256,5,4,BASIS_013;BASIS_036;BASIS_057;BASIS_067,CORROBORATED_PARTIAL
java,UASF_0257,4,3,BASIS_013;BASIS_036;BASIS_058,CORROBORATED_PARTIAL
java,UASF_0258,5,3,BASIS_013;BASIS_036;BASIS_058,CORROBORATED_PARTIAL
java,UASF_0259,5,4,BASIS_013;BASIS_036;BASIS_058;BASIS_067,CORROBORATED_PARTIAL
java,UASF_0277,5,4,BASIS_022;BASIS_023;BASIS_036;BASIS_042,CORROBORATED_PARTIAL
java,UASF_0301,4,2,BASIS_037;BASIS_042,CORROBORATED_PARTIAL
java,UASF_0302,5,3,BASIS_037;BASIS_042;BASIS_047,CORROBORATED_PARTIAL
java,UASF_0303,6,4,BASIS_037;BASIS_042;BASIS_047;BASIS_058,CORROBORATED_PARTIAL
java,UASF_0304,5,4,BASIS_037;BASIS_042;BASIS_047;BASIS_065,CORROBORATED_PARTIAL
java,UASF_0305,5,4,BASIS_037;BASIS_042;BASIS_047;BASIS_067,CORROBORATED_PARTIAL
java,UASF_0306,7,5,BASIS_037;BASIS_042;BASIS_054;BASIS_058;BASIS_065,CORROBORATED_PARTIAL
java,UASF_0307,6,5,BASIS_037;BASIS_042;BASIS_057;BASIS_065;BASIS_067,CORROBORATED_PARTIAL
java,UASF_0308,6,4,BASIS_037;BASIS_042;BASIS_065;BASIS_067,CORROBORATED_PARTIAL
java,UASF_0309,5,3,BASIS_037;BASIS_042;BASIS_067,CORROBORATED_PARTIAL
java,UASF_0310,4,3,BASIS_037;BASIS_042;BASIS_065,CORROBORATED_PARTIAL
java,UASF_0311,5,4,BASIS_037;BASIS_042;BASIS_065;BASIS_067,CORROBORATED_PARTIAL
julia,UASF_0022,5,3,BASIS_001;BASIS_023;BASIS_045,CORROBORATED_PARTIAL
julia,UASF_0024,5,2,BASIS_001;BASIS_023,CORROBORATED_PARTIAL
julia,UASF_0047,4,4,BASIS_003;BASIS_004;BASIS_037;BASIS_047,CORROBORATED_PARTIAL
julia,UASF_0048,5,5,BASIS_003;BASIS_004;BASIS_037;BASIS_047;BASIS_049,CORROBORATED_PARTIAL
julia,UASF_0049,5,5,BASIS_003;BASIS_004;BASIS_037;BASIS_047;BASIS_066,CORROBORATED_PARTIAL
julia,UASF_0051,4,4,BASIS_003;BASIS_004;BASIS_037;BASIS_066,CORROBORATED_PARTIAL
julia,UASF_0119,5,2,BASIS_006;BASIS_050,CORROBORATED_PARTIAL
julia,UASF_0120,5,1,BASIS_006,CORROBORATED_PARTIAL
julia,UASF_0122,4,1,BASIS_006,CORROBORATED_PARTIAL
julia,UASF_0151,5,4,BASIS_007;BASIS_039;BASIS_051;BASIS_054,CORROBORATED_PARTIAL
julia,UASF_0152,6,3,BASIS_007;BASIS_039;BASIS_051,CORROBORATED_PARTIAL
julia,UASF_0153,5,3,BASIS_007;BASIS_039;BASIS_051,CORROBORATED_PARTIAL
julia,UASF_0154,6,3,BASIS_007;BASIS_039;BASIS_051,CORROBORATED_PARTIAL
julia,UASF_0180,4,4,BASIS_008;BASIS_014;BASIS_015;BASIS_054,CORROBORATED_PARTIAL
julia,UASF_0181,5,4,BASIS_008;BASIS_014;BASIS_015;BASIS_054,CORROBORATED_PARTIAL
julia,UASF_0182,6,4,BASIS_008;BASIS_014;BASIS_015;BASIS_054,CORROBORATED_PARTIAL
julia,UASF_0183,5,4,BASIS_008;BASIS_014;BASIS_015;BASIS_054,CORROBORATED_PARTIAL
julia,UASF_0203,5,3,BASIS_041;BASIS_042;BASIS_067,CORROBORATED_PARTIAL
julia,UASF_0204,5,4,BASIS_041;BASIS_042;BASIS_057;BASIS_067,CORROBORATED_PARTIAL
julia,UASF_0205,5,3,BASIS_041;BASIS_042;BASIS_067,CORROBORATED_PARTIAL
julia,UASF_0206,5,3,BASIS_041;BASIS_042;BASIS_067,CORROBORATED_PARTIAL
julia,UASF_0207,5,3,BASIS_041;BASIS_042;BASIS_067,CORROBORATED_PARTIAL
julia,UASF_0208,4,3,BASIS_041;BASIS_042;BASIS_067,CORROBORATED_PARTIAL
julia,UASF_0217,7,5,BASIS_015;BASIS_028;BASIS_030;BASIS_047;BASIS_049,CORROBORATED_PARTIAL
julia,UASF_0218,7,5,BASIS_015;BASIS_028;BASIS_030;BASIS_047;BASIS_054,CORROBORATED_PARTIAL
julia,UASF_0219,6,4,BASIS_015;BASIS_028;BASIS_030;BASIS_047,CORROBORATED_PARTIAL
julia,UASF_0220,7,4,BASIS_015;BASIS_028;BASIS_030;BASIS_047,CORROBORATED_PARTIAL
julia,UASF_0221,7,3,BASIS_015;BASIS_028;BASIS_030,CORROBORATED_PARTIAL
julia,UASF_0224,5,3,BASIS_015;BASIS_028;BASIS_030,CORROBORATED_PARTIAL
julia,UASF_0225,6,3,BASIS_015;BASIS_028;BASIS_030,CORROBORATED_PARTIAL
julia,UASF_0226,6,4,BASIS_015;BASIS_028;BASIS_030;BASIS_067,CORROBORATED_PARTIAL
julia,UASF_0256,5,3,BASIS_036;BASIS_057;BASIS_067,CORROBORATED_PARTIAL
julia,UASF_0302,5,3,BASIS_037;BASIS_042;BASIS_047,CORROBORATED_PARTIAL
julia,UASF_0303,6,3,BASIS_037;BASIS_042;BASIS_047,CORROBORATED_PARTIAL
julia,UASF_0304,5,4,BASIS_037;BASIS_042;BASIS_047;BASIS_065,CORROBORATED_PARTIAL
julia,UASF_0305,5,4,BASIS_037;BASIS_042;BASIS_047;BASIS_067,CORROBORATED_PARTIAL
julia,UASF_0306,7,4,BASIS_037;BASIS_042;BASIS_054;BASIS_065,CORROBORATED_PARTIAL
julia,UASF_0308,6,4,BASIS_037;BASIS_042;BASIS_065;BASIS_067,CORROBORATED_PARTIAL
julia,UASF_0310,4,3,BASIS_037;BASIS_042;BASIS_065,CORROBORATED_PARTIAL
kotlin,UASF_0002,7,4,BASIS_001;BASIS_008;BASIS_011;BASIS_030,CORROBORATED_PARTIAL
kotlin,UASF_0003,6,3,BASIS_001;BASIS_037;BASIS_042,CORROBORATED_PARTIAL
kotlin,UASF_0008,6,5,BASIS_001;BASIS_009;BASIS_023;BASIS_036;BASIS_042,CORROBORATED_PARTIAL
kotlin,UASF_0022,5,3,BASIS_001;BASIS_023;BASIS_045,CORROBORATED_PARTIAL
kotlin,UASF_0023,5,4,BASIS_001;BASIS_023;BASIS_045;BASIS_067,CORROBORATED_PARTIAL
kotlin,UASF_0024,5,2,BASIS_001;BASIS_023,CORROBORATED_PARTIAL
kotlin,UASF_0025,5,3,BASIS_001;BASIS_023;BASIS_067,CORROBORATED_PARTIAL
kotlin,UASF_0026,5,2,BASIS_001;BASIS_023,CORROBORATED_PARTIAL
kotlin,UASF_0047,4,4,BASIS_003;BASIS_004;BASIS_037;BASIS_047,CORROBORATED_PARTIAL
kotlin,UASF_0048,5,5,BASIS_003;BASIS_004;BASIS_037;BASIS_047;BASIS_049,CORROBORATED_PARTIAL
kotlin,UASF_0049,5,5,BASIS_003;BASIS_004;BASIS_037;BASIS_047;BASIS_066,CORROBORATED_PARTIAL
kotlin,UASF_0050,5,3,BASIS_003;BASIS_004;BASIS_037,CORROBORATED_PARTIAL
kotlin,UASF_0051,4,4,BASIS_003;BASIS_004;BASIS_037;BASIS_066,CORROBORATED_PARTIAL
kotlin,UASF_0053,6,5,BASIS_003;BASIS_009;BASIS_037;BASIS_041;BASIS_042,CORROBORATED_PARTIAL
kotlin,UASF_0065,7,7,BASIS_003;BASIS_009;BASIS_011;BASIS_015;BASIS_030;BASIS_037;BASIS_042,CORROBORATED_PARTIAL
kotlin,UASF_0085,6,5,BASIS_003;BASIS_023;BASIS_030;BASIS_037;BASIS_042,CORROBORATED_PARTIAL
kotlin,UASF_0101,7,5,BASIS_004;BASIS_011;BASIS_015;BASIS_028;BASIS_037,CORROBORATED_PARTIAL
kotlin,UASF_0110,7,4,BASIS_008;BASIS_011;BASIS_037;BASIS_042,CORROBORATED_PARTIAL
kotlin,UASF_0118,5,1,BASIS_055,CORROBORATED_PARTIAL
kotlin,UASF_0119,5,0,,NO_INDEPENDENT_AXIS_SUPPORT
kotlin,UASF_0120,5,0,,NO_INDEPENDENT_AXIS_SUPPORT
kotlin,UASF_0121,5,0,,NO_INDEPENDENT_AXIS_SUPPORT
kotlin,UASF_0122,4,0,,NO_INDEPENDENT_AXIS_SUPPORT
kotlin,UASF_0139,7,4,BASIS_008;BASIS_011;BASIS_015;BASIS_036,CORROBORATED_PARTIAL
kotlin,UASF_0151,5,1,BASIS_054,CORROBORATED_PARTIAL
kotlin,UASF_0152,6,1,BASIS_055,CORROBORATED_PARTIAL
kotlin,UASF_0153,5,0,,NO_INDEPENDENT_AXIS_SUPPORT
kotlin,UASF_0154,6,0,,NO_INDEPENDENT_AXIS_SUPPORT
kotlin,UASF_0155,5,0,,NO_INDEPENDENT_AXIS_SUPPORT
kotlin,UASF_0157,7,7,BASIS_008;BASIS_009;BASIS_011;BASIS_015;BASIS_030;BASIS_036;BASIS_042,CORROBORATED_PARTIAL
kotlin,UASF_0163,6,6,BASIS_008;BASIS_011;BASIS_014;BASIS_015;BASIS_028;BASIS_042,CORROBORATED_PARTIAL
kotlin,UASF_0165,5,5,BASIS_008;BASIS_011;BASIS_015;BASIS_030;BASIS_042,CORROBORATED_PARTIAL
kotlin,UASF_0170,5,4,BASIS_008;BASIS_014;BASIS_015;BASIS_036,CORROBORATED_PARTIAL
kotlin,UASF_0178,6,6,BASIS_008;BASIS_014;BASIS_015;BASIS_047;BASIS_054;BASIS_055,CORROBORATED_PARTIAL
kotlin,UASF_0179,7,6,BASIS_008;BASIS_014;BASIS_015;BASIS_047;BASIS_054;BASIS_055,CORROBORATED_PARTIAL
kotlin,UASF_0180,4,4,BASIS_008;BASIS_014;BASIS_015;BASIS_054,CORROBORATED_PARTIAL
kotlin,UASF_0181,5,5,BASIS_008;BASIS_014;BASIS_015;BASIS_054;BASIS_055,CORROBORATED_PARTIAL
kotlin,UASF_0182,6,5,BASIS_008;BASIS_014;BASIS_015;BASIS_054;BASIS_055,CORROBORATED_PARTIAL
kotlin,UASF_0183,5,4,BASIS_008;BASIS_014;BASIS_015;BASIS_054,CORROBORATED_PARTIAL
kotlin,UASF_0203,5,4,BASIS_009;BASIS_041;BASIS_042;BASIS_067,CORROBORATED_PARTIAL
kotlin,UASF_0204,5,5,BASIS_009;BASIS_041;BASIS_042;BASIS_057;BASIS_067,CORROBORATED_PARTIAL
kotlin,UASF_0205,5,4,BASIS_009;BASIS_041;BASIS_042;BASIS_067,CORROBORATED_PARTIAL
kotlin,UASF_0206,5,4,BASIS_009;BASIS_041;BASIS_042;BASIS_067,CORROBORATED_PARTIAL
kotlin,UASF_0207,5,4,BASIS_009;BASIS_041;BASIS_042;BASIS_067,CORROBORATED_PARTIAL
kotlin,UASF_0208,4,4,BASIS_009;BASIS_041;BASIS_042;BASIS_067,CORROBORATED_PARTIAL
kotlin,UASF_0217,7,6,BASIS_011;BASIS_015;BASIS_028;BASIS_030;BASIS_047;BASIS_049,CORROBORATED_PARTIAL
kotlin,UASF_0219,6,6,BASIS_011;BASIS_015;BASIS_028;BASIS_030;BASIS_047;BASIS_055,CORROBORATED_PARTIAL
kotlin,UASF_0220,7,6,BASIS_011;BASIS_015;BASIS_028;BASIS_030;BASIS_047;BASIS_055,CORROBORATED_PARTIAL
kotlin,UASF_0221,7,5,BASIS_011;BASIS_015;BASIS_028;BASIS_030;BASIS_055,CORROBORATED_PARTIAL
kotlin,UASF_0222,7,5,BASIS_011;BASIS_015;BASIS_028;BASIS_030;BASIS_054,CORROBORATED_PARTIAL
kotlin,UASF_0223,6,5,BASIS_011;BASIS_015;BASIS_028;BASIS_030;BASIS_054,CORROBORATED_PARTIAL
kotlin,UASF_0224,5,5,BASIS_011;BASIS_015;BASIS_028;BASIS_030;BASIS_055,CORROBORATED_PARTIAL
kotlin,UASF_0225,6,5,BASIS_011;BASIS_015;BASIS_028;BASIS_030;BASIS_055,CORROBORATED_PARTIAL
kotlin,UASF_0226,6,6,BASIS_011;BASIS_015;BASIS_028;BASIS_030;BASIS_055;BASIS_067,CORROBORATED_PARTIAL
kotlin,UASF_0254,5,2,BASIS_036;BASIS_047,CORROBORATED_PARTIAL
kotlin,UASF_0255,5,2,BASIS_036;BASIS_055,CORROBORATED_PARTIAL
kotlin,UASF_0256,5,3,BASIS_036;BASIS_057;BASIS_067,CORROBORATED_PARTIAL
kotlin,UASF_0257,4,1,BASIS_036,CORROBORATED_PARTIAL
kotlin,UASF_0258,5,1,BASIS_036,CORROBORATED_PARTIAL
kotlin,UASF_0259,5,2,BASIS_036;BASIS_067,CORROBORATED_PARTIAL
kotlin,UASF_0301,4,2,BASIS_037;BASIS_042,CORROBORATED_PARTIAL
kotlin,UASF_0302,5,4,BASIS_037;BASIS_042;BASIS_047;BASIS_055,CORROBORATED_PARTIAL
kotlin,UASF_0303,6,4,BASIS_037;BASIS_042;BASIS_047;BASIS_055,CORROBORATED_PARTIAL
kotlin,UASF_0304,5,4,BASIS_037;BASIS_042;BASIS_047;BASIS_065,CORROBORATED_PARTIAL
kotlin,UASF_0305,5,4,BASIS_037;BASIS_042;BASIS_047;BASIS_067,CORROBORATED_PARTIAL
kotlin,UASF_0306,7,5,BASIS_037;BASIS_042;BASIS_054;BASIS_055;BASIS_065,CORROBORATED_PARTIAL
kotlin,UASF_0307,6,5,BASIS_037;BASIS_042;BASIS_057;BASIS_065;BASIS_067,CORROBORATED_PARTIAL
kotlin,UASF_0308,6,4,BASIS_037;BASIS_042;BASIS_065;BASIS_067,CORROBORATED_PARTIAL
kotlin,UASF_0309,5,3,BASIS_037;BASIS_042;BASIS_067,CORROBORATED_PARTIAL
kotlin,UASF_0310,4,3,BASIS_037;BASIS_042;BASIS_065,CORROBORATED_PARTIAL
kotlin,UASF_0311,5,4,BASIS_037;BASIS_042;BASIS_065;BASIS_067,CORROBORATED_PARTIAL
nim,UASF_0022,5,5,BASIS_001;BASIS_023;BASIS_032;BASIS_045;BASIS_058,CORROBORATED_PARTIAL
nim,UASF_0023,5,4,BASIS_001;BASIS_023;BASIS_032;BASIS_045,CORROBORATED_PARTIAL
nim,UASF_0024,5,4,BASIS_001;BASIS_023;BASIS_032;BASIS_058,CORROBORATED_PARTIAL
nim,UASF_0026,5,3,BASIS_001;BASIS_023;BASIS_032,CORROBORATED_PARTIAL
nim,UASF_0047,4,4,BASIS_003;BASIS_004;BASIS_037;BASIS_047,CORROBORATED_PARTIAL
nim,UASF_0048,5,5,BASIS_003;BASIS_004;BASIS_037;BASIS_047;BASIS_049,CORROBORATED_PARTIAL
nim,UASF_0049,5,5,BASIS_003;BASIS_004;BASIS_037;BASIS_047;BASIS_066,CORROBORATED_PARTIAL
nim,UASF_0050,5,3,BASIS_003;BASIS_004;BASIS_037,CORROBORATED_PARTIAL
nim,UASF_0051,4,4,BASIS_003;BASIS_004;BASIS_037;BASIS_066,CORROBORATED_PARTIAL
nim,UASF_0118,5,2,BASIS_006;BASIS_050,CORROBORATED_PARTIAL
nim,UASF_0119,5,2,BASIS_006;BASIS_050,CORROBORATED_PARTIAL
nim,UASF_0121,5,1,BASIS_006,CORROBORATED_PARTIAL
nim,UASF_0122,4,1,BASIS_006,CORROBORATED_PARTIAL
nim,UASF_0153,5,3,BASIS_007;BASIS_051;BASIS_058,CORROBORATED_PARTIAL
nim,UASF_0178,6,5,BASIS_008;BASIS_014;BASIS_015;BASIS_047;BASIS_054,CORROBORATED_PARTIAL
nim,UASF_0180,4,4,BASIS_008;BASIS_014;BASIS_015;BASIS_054,CORROBORATED_PARTIAL
nim,UASF_0181,5,4,BASIS_008;BASIS_014;BASIS_015;BASIS_054,CORROBORATED_PARTIAL
nim,UASF_0182,6,5,BASIS_008;BASIS_014;BASIS_015;BASIS_054;BASIS_058,CORROBORATED_PARTIAL
nim,UASF_0183,5,5,BASIS_008;BASIS_014;BASIS_015;BASIS_054;BASIS_058,CORROBORATED_PARTIAL
nim,UASF_0203,5,4,BASIS_009;BASIS_041;BASIS_042;BASIS_052,CORROBORATED_PARTIAL
nim,UASF_0204,5,4,BASIS_009;BASIS_041;BASIS_042;BASIS_057,CORROBORATED_PARTIAL
nim,UASF_0205,5,4,BASIS_009;BASIS_041;BASIS_042;BASIS_058,CORROBORATED_PARTIAL
nim,UASF_0207,5,3,BASIS_009;BASIS_041;BASIS_042,CORROBORATED_PARTIAL
nim,UASF_0208,4,3,BASIS_009;BASIS_041;BASIS_042,CORROBORATED_PARTIAL
nim,UASF_0217,7,6,BASIS_015;BASIS_028;BASIS_030;BASIS_047;BASIS_049;BASIS_058,CORROBORATED_PARTIAL
nim,UASF_0219,6,4,BASIS_015;BASIS_028;BASIS_030;BASIS_047,CORROBORATED_PARTIAL
nim,UASF_0220,7,5,BASIS_015;BASIS_028;BASIS_030;BASIS_047;BASIS_058,CORROBORATED_PARTIAL
nim,UASF_0221,7,4,BASIS_015;BASIS_028;BASIS_030;BASIS_058,CORROBORATED_PARTIAL
nim,UASF_0223,6,5,BASIS_015;BASIS_028;BASIS_030;BASIS_054;BASIS_058,CORROBORATED_PARTIAL
nim,UASF_0224,5,3,BASIS_015;BASIS_028;BASIS_030,CORROBORATED_PARTIAL
nim,UASF_0225,6,4,BASIS_015;BASIS_028;BASIS_030;BASIS_058,CORROBORATED_PARTIAL
nim,UASF_0226,6,3,BASIS_015;BASIS_028;BASIS_030,CORROBORATED_PARTIAL
nim,UASF_0256,5,3,BASIS_013;BASIS_036;BASIS_057,CORROBORATED_PARTIAL
nim,UASF_0259,5,3,BASIS_013;BASIS_036;BASIS_058,CORROBORATED_PARTIAL
nim,UASF_0281,2,1,BASIS_036,CORROBORATED_PARTIAL
nim,UASF_0302,5,3,BASIS_037;BASIS_042;BASIS_047,CORROBORATED_PARTIAL
nim,UASF_0303,6,4,BASIS_037;BASIS_042;BASIS_047;BASIS_058,CORROBORATED_PARTIAL
nim,UASF_0304,5,4,BASIS_037;BASIS_042;BASIS_047;BASIS_065,CORROBORATED_PARTIAL
nim,UASF_0305,5,3,BASIS_037;BASIS_042;BASIS_047,CORROBORATED_PARTIAL
nim,UASF_0306,7,5,BASIS_037;BASIS_042;BASIS_054;BASIS_058;BASIS_065,CORROBORATED_PARTIAL
nim,UASF_0308,6,3,BASIS_037;BASIS_042;BASIS_065,CORROBORATED_PARTIAL
nim,UASF_0309,5,2,BASIS_037;BASIS_042,CORROBORATED_PARTIAL
nim,UASF_0310,4,3,BASIS_037;BASIS_042;BASIS_065,CORROBORATED_PARTIAL
python,UASF_0022,5,3,BASIS_001;BASIS_023;BASIS_045,CORROBORATED_PARTIAL
python,UASF_0023,5,4,BASIS_001;BASIS_023;BASIS_045;BASIS_067,CORROBORATED_PARTIAL
python,UASF_0024,5,2,BASIS_001;BASIS_023,CORROBORATED_PARTIAL
python,UASF_0025,5,3,BASIS_001;BASIS_023;BASIS_067,CORROBORATED_PARTIAL
python,UASF_0026,5,2,BASIS_001;BASIS_023,CORROBORATED_PARTIAL
python,UASF_0047,4,4,BASIS_003;BASIS_004;BASIS_037;BASIS_047,CORROBORATED_PARTIAL
python,UASF_0048,5,5,BASIS_003;BASIS_004;BASIS_037;BASIS_047;BASIS_049,CORROBORATED_PARTIAL
python,UASF_0049,5,5,BASIS_003;BASIS_004;BASIS_037;BASIS_047;BASIS_066,CORROBORATED_PARTIAL
python,UASF_0050,5,3,BASIS_003;BASIS_004;BASIS_037,CORROBORATED_PARTIAL
python,UASF_0051,4,4,BASIS_003;BASIS_004;BASIS_037;BASIS_066,CORROBORATED_PARTIAL
python,UASF_0118,5,0,,NO_INDEPENDENT_AXIS_SUPPORT
python,UASF_0119,5,0,,NO_INDEPENDENT_AXIS_SUPPORT
python,UASF_0120,5,0,,NO_INDEPENDENT_AXIS_SUPPORT
python,UASF_0121,5,0,,NO_INDEPENDENT_AXIS_SUPPORT
python,UASF_0122,4,0,,NO_INDEPENDENT_AXIS_SUPPORT
python,UASF_0151,5,1,BASIS_054,CORROBORATED_PARTIAL
python,UASF_0152,6,0,,NO_INDEPENDENT_AXIS_SUPPORT
python,UASF_0153,5,0,,NO_INDEPENDENT_AXIS_SUPPORT
python,UASF_0154,6,0,,NO_INDEPENDENT_AXIS_SUPPORT
python,UASF_0155,5,0,,NO_INDEPENDENT_AXIS_SUPPORT
python,UASF_0178,6,5,BASIS_008;BASIS_014;BASIS_015;BASIS_047;BASIS_054,CORROBORATED_PARTIAL
python,UASF_0179,7,5,BASIS_008;BASIS_014;BASIS_015;BASIS_047;BASIS_054,CORROBORATED_PARTIAL
python,UASF_0180,4,4,BASIS_008;BASIS_014;BASIS_015;BASIS_054,CORROBORATED_PARTIAL
python,UASF_0181,5,4,BASIS_008;BASIS_014;BASIS_015;BASIS_054,CORROBORATED_PARTIAL
python,UASF_0182,6,4,BASIS_008;BASIS_014;BASIS_015;BASIS_054,CORROBORATED_PARTIAL
python,UASF_0183,5,4,BASIS_008;BASIS_014;BASIS_015;BASIS_054,CORROBORATED_PARTIAL
python,UASF_0203,5,4,BASIS_041;BASIS_042;BASIS_052;BASIS_067,CORROBORATED_PARTIAL
python,UASF_0204,5,4,BASIS_041;BASIS_042;BASIS_057;BASIS_067,CORROBORATED_PARTIAL
python,UASF_0205,5,3,BASIS_041;BASIS_042;BASIS_067,CORROBORATED_PARTIAL
python,UASF_0206,5,3,BASIS_041;BASIS_042;BASIS_067,CORROBORATED_PARTIAL
python,UASF_0207,5,3,BASIS_041;BASIS_042;BASIS_067,CORROBORATED_PARTIAL
python,UASF_0208,4,3,BASIS_041;BASIS_042;BASIS_067,CORROBORATED_PARTIAL
python,UASF_0217,7,5,BASIS_015;BASIS_028;BASIS_030;BASIS_047;BASIS_049,CORROBORATED_PARTIAL
python,UASF_0218,7,5,BASIS_015;BASIS_028;BASIS_030;BASIS_047;BASIS_054,CORROBORATED_PARTIAL
python,UASF_0219,6,4,BASIS_015;BASIS_028;BASIS_030;BASIS_047,CORROBORATED_PARTIAL
python,UASF_0220,7,4,BASIS_015;BASIS_028;BASIS_030;BASIS_047,CORROBORATED_PARTIAL
python,UASF_0221,7,3,BASIS_015;BASIS_028;BASIS_030,CORROBORATED_PARTIAL
python,UASF_0222,7,4,BASIS_015;BASIS_028;BASIS_030;BASIS_054,CORROBORATED_PARTIAL
python,UASF_0223,6,4,BASIS_015;BASIS_028;BASIS_030;BASIS_054,CORROBORATED_PARTIAL
python,UASF_0224,5,3,BASIS_015;BASIS_028;BASIS_030,CORROBORATED_PARTIAL
python,UASF_0225,6,3,BASIS_015;BASIS_028;BASIS_030,CORROBORATED_PARTIAL
python,UASF_0226,6,4,BASIS_015;BASIS_028;BASIS_030;BASIS_067,CORROBORATED_PARTIAL
python,UASF_0254,5,2,BASIS_036;BASIS_047,CORROBORATED_PARTIAL
python,UASF_0255,5,1,BASIS_036,CORROBORATED_PARTIAL
python,UASF_0256,5,3,BASIS_036;BASIS_057;BASIS_067,CORROBORATED_PARTIAL
python,UASF_0257,4,1,BASIS_036,CORROBORATED_PARTIAL
python,UASF_0258,5,1,BASIS_036,CORROBORATED_PARTIAL
python,UASF_0259,5,2,BASIS_036;BASIS_067,CORROBORATED_PARTIAL
python,UASF_0301,4,2,BASIS_037;BASIS_042,CORROBORATED_PARTIAL
python,UASF_0302,5,3,BASIS_037;BASIS_042;BASIS_047,CORROBORATED_PARTIAL
python,UASF_0303,6,3,BASIS_037;BASIS_042;BASIS_047,CORROBORATED_PARTIAL
python,UASF_0304,5,4,BASIS_037;BASIS_042;BASIS_047;BASIS_065,CORROBORATED_PARTIAL
python,UASF_0305,5,4,BASIS_037;BASIS_042;BASIS_047;BASIS_067,CORROBORATED_PARTIAL
python,UASF_0306,7,4,BASIS_037;BASIS_042;BASIS_054;BASIS_065,CORROBORATED_PARTIAL
python,UASF_0307,6,5,BASIS_037;BASIS_042;BASIS_057;BASIS_065;BASIS_067,CORROBORATED_PARTIAL
python,UASF_0308,6,4,BASIS_037;BASIS_042;BASIS_065;BASIS_067,CORROBORATED_PARTIAL
python,UASF_0309,5,3,BASIS_037;BASIS_042;BASIS_067,CORROBORATED_PARTIAL
python,UASF_0310,4,3,BASIS_037;BASIS_042;BASIS_065,CORROBORATED_PARTIAL
python,UASF_0311,5,4,BASIS_037;BASIS_042;BASIS_065;BASIS_067,CORROBORATED_PARTIAL
r,UASF_0011,4,2,BASIS_001;BASIS_036,CORROBORATED_PARTIAL
r,UASF_0014,5,3,BASIS_001;BASIS_023;BASIS_036,CORROBORATED_PARTIAL
r,UASF_0022,5,3,BASIS_001;BASIS_023;BASIS_045,CORROBORATED_PARTIAL
r,UASF_0023,5,3,BASIS_001;BASIS_023;BASIS_045,CORROBORATED_PARTIAL
r,UASF_0024,5,2,BASIS_001;BASIS_023,CORROBORATED_PARTIAL
r,UASF_0025,5,2,BASIS_001;BASIS_023,CORROBORATED_PARTIAL
r,UASF_0026,5,2,BASIS_001;BASIS_023,CORROBORATED_PARTIAL
r,UASF_0027,4,3,BASIS_001;BASIS_023;BASIS_036,CORROBORATED_PARTIAL
r,UASF_0042,6,4,BASIS_003;BASIS_004;BASIS_030;BASIS_037,CORROBORATED_PARTIAL
r,UASF_0044,5,4,BASIS_003;BASIS_004;BASIS_036;BASIS_037,CORROBORATED_PARTIAL
r,UASF_0046,5,4,BASIS_003;BASIS_004;BASIS_036;BASIS_037,CORROBORATED_PARTIAL
r,UASF_0047,4,4,BASIS_003;BASIS_004;BASIS_037;BASIS_047,CORROBORATED_PARTIAL
r,UASF_0048,5,5,BASIS_003;BASIS_004;BASIS_037;BASIS_047;BASIS_049,CORROBORATED_PARTIAL
r,UASF_0049,5,5,BASIS_003;BASIS_004;BASIS_037;BASIS_047;BASIS_066,CORROBORATED_PARTIAL
r,UASF_0050,5,3,BASIS_003;BASIS_004;BASIS_037,CORROBORATED_PARTIAL
r,UASF_0051,4,4,BASIS_003;BASIS_004;BASIS_037;BASIS_066,CORROBORATED_PARTIAL
r,UASF_0069,5,3,BASIS_003;BASIS_015;BASIS_036,CORROBORATED_PARTIAL
r,UASF_0071,6,4,BASIS_003;BASIS_015;BASIS_028;BASIS_037,CORROBORATED_PARTIAL
r,UASF_0072,5,4,BASIS_003;BASIS_015;BASIS_028;BASIS_036,CORROBORATED_PARTIAL
r,UASF_0077,5,3,BASIS_003;BASIS_036;BASIS_037,CORROBORATED_PARTIAL
r,UASF_0081,5,4,BASIS_003;BASIS_030;BASIS_036;BASIS_037,CORROBORATED_PARTIAL
r,UASF_0083,5,5,BASIS_003;BASIS_015;BASIS_030;BASIS_036;BASIS_037,CORROBORATED_PARTIAL
r,UASF_0118,5,2,BASIS_006;BASIS_050,CORROBORATED_PARTIAL
r,UASF_0119,5,2,BASIS_006;BASIS_050,CORROBORATED_PARTIAL
r,UASF_0120,5,1,BASIS_006,CORROBORATED_PARTIAL
r,UASF_0121,5,1,BASIS_006,CORROBORATED_PARTIAL
r,UASF_0122,4,1,BASIS_006,CORROBORATED_PARTIAL
r,UASF_0124,4,2,BASIS_006;BASIS_036,CORROBORATED_PARTIAL
r,UASF_0151,5,1,BASIS_054,CORROBORATED_PARTIAL
r,UASF_0152,6,0,,NO_INDEPENDENT_AXIS_SUPPORT
r,UASF_0153,5,0,,NO_INDEPENDENT_AXIS_SUPPORT
r,UASF_0154,6,0,,NO_INDEPENDENT_AXIS_SUPPORT
r,UASF_0169,4,3,BASIS_008;BASIS_014;BASIS_015,CORROBORATED_PARTIAL
r,UASF_0171,5,3,BASIS_008;BASIS_014;BASIS_036,CORROBORATED_PARTIAL
r,UASF_0178,6,5,BASIS_008;BASIS_014;BASIS_015;BASIS_047;BASIS_054,CORROBORATED_PARTIAL
r,UASF_0179,7,5,BASIS_008;BASIS_014;BASIS_015;BASIS_047;BASIS_054,CORROBORATED_PARTIAL
r,UASF_0180,4,4,BASIS_008;BASIS_014;BASIS_015;BASIS_054,CORROBORATED_PARTIAL
r,UASF_0181,5,4,BASIS_008;BASIS_014;BASIS_015;BASIS_054,CORROBORATED_PARTIAL
r,UASF_0182,6,4,BASIS_008;BASIS_014;BASIS_015;BASIS_054,CORROBORATED_PARTIAL
r,UASF_0183,5,4,BASIS_008;BASIS_014;BASIS_015;BASIS_054,CORROBORATED_PARTIAL
r,UASF_0185,4,4,BASIS_008;BASIS_014;BASIS_015;BASIS_036,CORROBORATED_PARTIAL
r,UASF_0191,5,2,BASIS_030;BASIS_036,CORROBORATED_PARTIAL
r,UASF_0192,5,3,BASIS_015;BASIS_030;BASIS_036,CORROBORATED_PARTIAL
r,UASF_0197,5,3,BASIS_030;BASIS_036;BASIS_041,CORROBORATED_PARTIAL
r,UASF_0203,5,1,BASIS_041,CORROBORATED_PARTIAL
r,UASF_0205,5,1,BASIS_041,CORROBORATED_PARTIAL
r,UASF_0207,5,1,BASIS_041,CORROBORATED_PARTIAL
r,UASF_0208,4,1,BASIS_041,CORROBORATED_PARTIAL
r,UASF_0211,5,2,BASIS_023;BASIS_036,CORROBORATED_PARTIAL
r,UASF_0213,4,1,BASIS_036,CORROBORATED_PARTIAL
r,UASF_0216,5,3,BASIS_015;BASIS_036;BASIS_037,CORROBORATED_PARTIAL
r,UASF_0217,7,5,BASIS_015;BASIS_028;BASIS_030;BASIS_047;BASIS_049,CORROBORATED_PARTIAL
r,UASF_0218,7,5,BASIS_015;BASIS_028;BASIS_030;BASIS_047;BASIS_054,CORROBORATED_PARTIAL
r,UASF_0219,6,4,BASIS_015;BASIS_028;BASIS_030;BASIS_047,CORROBORATED_PARTIAL
r,UASF_0220,7,4,BASIS_015;BASIS_028;BASIS_030;BASIS_047,CORROBORATED_PARTIAL
r,UASF_0221,7,3,BASIS_015;BASIS_028;BASIS_030,CORROBORATED_PARTIAL
r,UASF_0223,6,4,BASIS_015;BASIS_028;BASIS_030;BASIS_054,CORROBORATED_PARTIAL
r,UASF_0224,5,3,BASIS_015;BASIS_028;BASIS_030,CORROBORATED_PARTIAL
r,UASF_0225,6,3,BASIS_015;BASIS_028;BASIS_030,CORROBORATED_PARTIAL
r,UASF_0226,6,3,BASIS_015;BASIS_028;BASIS_030,CORROBORATED_PARTIAL
r,UASF_0227,4,3,BASIS_015;BASIS_028;BASIS_036,CORROBORATED_PARTIAL
r,UASF_0228,4,3,BASIS_015;BASIS_030;BASIS_036,CORROBORATED_PARTIAL
r,UASF_0229,5,3,BASIS_015;BASIS_030;BASIS_036,CORROBORATED_PARTIAL
r,UASF_0232,3,2,BASIS_030;BASIS_036,CORROBORATED_PARTIAL
r,UASF_0233,4,3,BASIS_030;BASIS_036;BASIS_037,CORROBORATED_PARTIAL
r,UASF_0234,4,2,BASIS_030;BASIS_036,CORROBORATED_PARTIAL
r,UASF_0237,6,3,BASIS_030;BASIS_036;BASIS_037,CORROBORATED_PARTIAL
r,UASF_0239,6,5,BASIS_015;BASIS_028;BASIS_030;BASIS_036;BASIS_037,CORROBORATED_PARTIAL
r,UASF_0240,4,2,BASIS_023;BASIS_036,CORROBORATED_PARTIAL
r,UASF_0241,6,3,BASIS_030;BASIS_036;BASIS_037,CORROBORATED_PARTIAL
r,UASF_0243,5,3,BASIS_028;BASIS_030;BASIS_036,CORROBORATED_PARTIAL
r,UASF_0251,5,3,BASIS_028;BASIS_030;BASIS_036,CORROBORATED_PARTIAL
r,UASF_0254,5,2,BASIS_036;BASIS_047,CORROBORATED_PARTIAL
r,UASF_0255,5,1,BASIS_036,CORROBORATED_PARTIAL
r,UASF_0256,5,2,BASIS_036;BASIS_057,CORROBORATED_PARTIAL
r,UASF_0257,4,1,BASIS_036,CORROBORATED_PARTIAL
r,UASF_0258,5,1,BASIS_036,CORROBORATED_PARTIAL
r,UASF_0259,5,1,BASIS_036,CORROBORATED_PARTIAL
r,UASF_0301,4,1,BASIS_037,CORROBORATED_PARTIAL
r,UASF_0302,5,2,BASIS_037;BASIS_047,CORROBORATED_PARTIAL
r,UASF_0303,6,2,BASIS_037;BASIS_047,CORROBORATED_PARTIAL
r,UASF_0304,5,3,BASIS_037;BASIS_047;BASIS_065,CORROBORATED_PARTIAL
r,UASF_0305,5,2,BASIS_037;BASIS_047,CORROBORATED_PARTIAL
r,UASF_0306,7,3,BASIS_037;BASIS_054;BASIS_065,CORROBORATED_PARTIAL
r,UASF_0307,6,3,BASIS_037;BASIS_057;BASIS_065,CORROBORATED_PARTIAL
r,UASF_0308,6,2,BASIS_037;BASIS_065,CORROBORATED_PARTIAL
r,UASF_0309,5,1,BASIS_037,CORROBORATED_PARTIAL
r,UASF_0310,4,2,BASIS_037;BASIS_065,CORROBORATED_PARTIAL
r,UASF_0311,5,2,BASIS_037;BASIS_065,CORROBORATED_PARTIAL
r,UASF_0314,5,4,BASIS_028;BASIS_030;BASIS_036;BASIS_041,CORROBORATED_PARTIAL
r,UASF_0315,4,3,BASIS_028;BASIS_030;BASIS_036,CORROBORATED_PARTIAL
r,UASF_0324,4,3,BASIS_030;BASIS_036;BASIS_041,CORROBORATED_PARTIAL
r,UASF_0325,3,2,BASIS_030;BASIS_036,CORROBORATED_PARTIAL
rust,UASF_0004,4,3,BASIS_001;BASIS_006;BASIS_042,CORROBORATED_PARTIAL
rust,UASF_0005,5,4,BASIS_001;BASIS_008;BASIS_014;BASIS_036,CORROBORATED_PARTIAL
rust,UASF_0009,4,4,BASIS_001;BASIS_009;BASIS_030;BASIS_042,CORROBORATED_PARTIAL
rust,UASF_0012,4,2,BASIS_001;BASIS_023,CORROBORATED_PARTIAL
rust,UASF_0013,5,4,BASIS_001;BASIS_023;BASIS_030;BASIS_032,CORROBORATED_PARTIAL
rust,UASF_0017,4,3,BASIS_001;BASIS_023;BASIS_042,CORROBORATED_PARTIAL
rust,UASF_0019,4,3,BASIS_001;BASIS_023;BASIS_042,CORROBORATED_PARTIAL
rust,UASF_0021,5,5,BASIS_001;BASIS_023;BASIS_030;BASIS_032;BASIS_036,CORROBORATED_PARTIAL
rust,UASF_0022,5,4,BASIS_001;BASIS_023;BASIS_032;BASIS_045,CORROBORATED_PARTIAL
rust,UASF_0023,5,4,BASIS_001;BASIS_023;BASIS_032;BASIS_045,CORROBORATED_PARTIAL
rust,UASF_0024,5,3,BASIS_001;BASIS_023;BASIS_032,CORROBORATED_PARTIAL
rust,UASF_0025,5,3,BASIS_001;BASIS_023;BASIS_032,CORROBORATED_PARTIAL
rust,UASF_0026,5,4,BASIS_001;BASIS_023;BASIS_032;BASIS_063,CORROBORATED_PARTIAL
rust,UASF_0028,4,4,BASIS_001;BASIS_023;BASIS_032;BASIS_042,CORROBORATED_PARTIAL
rust,UASF_0029,3,3,BASIS_001;BASIS_023;BASIS_042,CORROBORATED_PARTIAL
rust,UASF_0030,4,4,BASIS_001;BASIS_030;BASIS_036;BASIS_042,CORROBORATED_PARTIAL
rust,UASF_0043,5,4,BASIS_003;BASIS_004;BASIS_032;BASIS_042,CORROBORATED_PARTIAL
rust,UASF_0047,4,4,BASIS_003;BASIS_004;BASIS_037;BASIS_047,CORROBORATED_PARTIAL
rust,UASF_0048,5,5,BASIS_003;BASIS_004;BASIS_037;BASIS_047;BASIS_049,CORROBORATED_PARTIAL
rust,UASF_0049,5,5,BASIS_003;BASIS_004;BASIS_037;BASIS_047;BASIS_066,CORROBORATED_PARTIAL
rust,UASF_0050,5,4,BASIS_003;BASIS_004;BASIS_037;BASIS_060,CORROBORATED_PARTIAL
rust,UASF_0051,4,4,BASIS_003;BASIS_004;BASIS_037;BASIS_066,CORROBORATED_PARTIAL
rust,UASF_0055,5,4,BASIS_003;BASIS_008;BASIS_015;BASIS_028,CORROBORATED_PARTIAL
rust,UASF_0056,4,3,BASIS_003;BASIS_008;BASIS_032,CORROBORATED_PARTIAL
rust,UASF_0057,5,4,BASIS_003;BASIS_008;BASIS_032;BASIS_036,CORROBORATED_PARTIAL
rust,UASF_0058,4,4,BASIS_003;BASIS_008;BASIS_014;BASIS_015,CORROBORATED_PARTIAL
rust,UASF_0059,4,4,BASIS_003;BASIS_008;BASIS_015;BASIS_028,CORROBORATED_PARTIAL
rust,UASF_0061,4,4,BASIS_003;BASIS_008;BASIS_032;BASIS_042,CORROBORATED_PARTIAL
rust,UASF_0070,6,4,BASIS_003;BASIS_023;BASIS_030;BASIS_032,CORROBORATED_PARTIAL
rust,UASF_0073,4,3,BASIS_003;BASIS_015;BASIS_032,CORROBORATED_PARTIAL
rust,UASF_0074,5,4,BASIS_003;BASIS_023;BASIS_030;BASIS_032,CORROBORATED_PARTIAL
rust,UASF_0092,3,3,BASIS_003;BASIS_028;BASIS_032,CORROBORATED_PARTIAL
rust,UASF_0096,3,3,BASIS_003;BASIS_032;BASIS_041,CORROBORATED_PARTIAL
rust,UASF_0102,4,3,BASIS_004;BASIS_006;BASIS_037,CORROBORATED_PARTIAL
rust,UASF_0103,3,3,BASIS_004;BASIS_006;BASIS_037,CORROBORATED_PARTIAL
rust,UASF_0105,3,3,BASIS_004;BASIS_030;BASIS_042,CORROBORATED_PARTIAL
rust,UASF_0113,4,3,BASIS_006;BASIS_008;BASIS_042,CORROBORATED_PARTIAL
rust,UASF_0117,4,1,BASIS_006,CORROBORATED_PARTIAL
rust,UASF_0118,5,2,BASIS_006;BASIS_050,CORROBORATED_PARTIAL
rust,UASF_0119,5,2,BASIS_006;BASIS_050,CORROBORATED_PARTIAL
rust,UASF_0120,5,1,BASIS_006,CORROBORATED_PARTIAL
rust,UASF_0121,5,1,BASIS_006,CORROBORATED_PARTIAL
rust,UASF_0122,4,1,BASIS_006,CORROBORATED_PARTIAL
rust,UASF_0125,3,1,BASIS_006,CORROBORATED_PARTIAL
rust,UASF_0126,3,2,BASIS_006;BASIS_036,CORROBORATED_PARTIAL
rust,UASF_0127,5,4,BASIS_006;BASIS_015;BASIS_030;BASIS_036,CORROBORATED_PARTIAL
rust,UASF_0130,3,2,BASIS_006;BASIS_037,CORROBORATED_PARTIAL
rust,UASF_0131,4,3,BASIS_006;BASIS_041;BASIS_042,CORROBORATED_PARTIAL
rust,UASF_0132,3,3,BASIS_006;BASIS_030;BASIS_042,CORROBORATED_PARTIAL
rust,UASF_0136,4,4,BASIS_006;BASIS_036;BASIS_037;BASIS_042,CORROBORATED_PARTIAL
rust,UASF_0140,5,4,BASIS_007;BASIS_008;BASIS_015;BASIS_030,CORROBORATED_PARTIAL
rust,UASF_0141,5,4,BASIS_007;BASIS_008;BASIS_015;BASIS_032,CORROBORATED_PARTIAL
rust,UASF_0143,4,4,BASIS_007;BASIS_008;BASIS_030;BASIS_036,CORROBORATED_PARTIAL
rust,UASF_0146,5,4,BASIS_007;BASIS_024;BASIS_030;BASIS_039,CORROBORATED_PARTIAL
rust,UASF_0148,5,5,BASIS_007;BASIS_023;BASIS_024;BASIS_036;BASIS_039,CORROBORATED_PARTIAL
rust,UASF_0149,4,4,BASIS_007;BASIS_024;BASIS_032;BASIS_042,CORROBORATED_PARTIAL
rust,UASF_0151,5,5,BASIS_007;BASIS_024;BASIS_039;BASIS_051;BASIS_054,CORROBORATED_PARTIAL
rust,UASF_0152,6,4,BASIS_007;BASIS_024;BASIS_039;BASIS_051,CORROBORATED_PARTIAL
rust,UASF_0153,5,4,BASIS_007;BASIS_024;BASIS_039;BASIS_051,CORROBORATED_PARTIAL
rust,UASF_0154,6,4,BASIS_007;BASIS_024;BASIS_039;BASIS_051,CORROBORATED_PARTIAL
rust,UASF_0155,5,4,BASIS_007;BASIS_024;BASIS_039;BASIS_051,CORROBORATED_PARTIAL
rust,UASF_0161,4,2,BASIS_008;BASIS_015,CORROBORATED_PARTIAL
rust,UASF_0162,5,2,BASIS_008;BASIS_015,CORROBORATED_PARTIAL
rust,UASF_0164,5,3,BASIS_008;BASIS_015;BASIS_042,CORROBORATED_PARTIAL
rust,UASF_0166,4,3,BASIS_008;BASIS_015;BASIS_042,CORROBORATED_PARTIAL
rust,UASF_0172,4,3,BASIS_008;BASIS_015;BASIS_032,CORROBORATED_PARTIAL
rust,UASF_0173,5,4,BASIS_008;BASIS_015;BASIS_032;BASIS_036,CORROBORATED_PARTIAL
rust,UASF_0178,6,5,BASIS_008;BASIS_014;BASIS_015;BASIS_047;BASIS_054,CORROBORATED_PARTIAL
rust,UASF_0179,7,5,BASIS_008;BASIS_014;BASIS_015;BASIS_047;BASIS_054,CORROBORATED_PARTIAL
rust,UASF_0180,4,4,BASIS_008;BASIS_014;BASIS_015;BASIS_054,CORROBORATED_PARTIAL
rust,UASF_0181,5,4,BASIS_008;BASIS_014;BASIS_015;BASIS_054,CORROBORATED_PARTIAL
rust,UASF_0182,6,4,BASIS_008;BASIS_014;BASIS_015;BASIS_054,CORROBORATED_PARTIAL
rust,UASF_0183,5,4,BASIS_008;BASIS_014;BASIS_015;BASIS_054,CORROBORATED_PARTIAL
rust,UASF_0184,5,5,BASIS_008;BASIS_014;BASIS_015;BASIS_030;BASIS_042,CORROBORATED_PARTIAL
rust,UASF_0186,3,3,BASIS_008;BASIS_014;BASIS_042,CORROBORATED_PARTIAL
rust,UASF_0195,4,4,BASIS_009;BASIS_030;BASIS_032;BASIS_042,CORROBORATED_PARTIAL
rust,UASF_0203,5,3,BASIS_009;BASIS_041;BASIS_042,CORROBORATED_PARTIAL
rust,UASF_0204,5,4,BASIS_009;BASIS_041;BASIS_042;BASIS_057,CORROBORATED_PARTIAL
rust,UASF_0205,5,3,BASIS_009;BASIS_041;BASIS_042,CORROBORATED_PARTIAL
rust,UASF_0206,5,3,BASIS_009;BASIS_041;BASIS_042,CORROBORATED_PARTIAL
rust,UASF_0207,5,3,BASIS_009;BASIS_041;BASIS_042,CORROBORATED_PARTIAL
rust,UASF_0208,4,3,BASIS_009;BASIS_041;BASIS_042,CORROBORATED_PARTIAL
rust,UASF_0212,5,3,BASIS_030;BASIS_032;BASIS_036,CORROBORATED_PARTIAL
rust,UASF_0217,7,5,BASIS_015;BASIS_028;BASIS_030;BASIS_047;BASIS_049,CORROBORATED_PARTIAL
rust,UASF_0218,7,5,BASIS_015;BASIS_028;BASIS_030;BASIS_047;BASIS_054,CORROBORATED_PARTIAL
rust,UASF_0219,6,4,BASIS_015;BASIS_028;BASIS_030;BASIS_047,CORROBORATED_PARTIAL
rust,UASF_0220,7,4,BASIS_015;BASIS_028;BASIS_030;BASIS_047,CORROBORATED_PARTIAL
rust,UASF_0221,7,3,BASIS_015;BASIS_028;BASIS_030,CORROBORATED_PARTIAL
rust,UASF_0222,7,5,BASIS_015;BASIS_028;BASIS_030;BASIS_051;BASIS_054,CORROBORATED_PARTIAL
rust,UASF_0223,6,4,BASIS_015;BASIS_028;BASIS_030;BASIS_054,CORROBORATED_PARTIAL
rust,UASF_0224,5,3,BASIS_015;BASIS_028;BASIS_030,CORROBORATED_PARTIAL
rust,UASF_0225,6,3,BASIS_015;BASIS_028;BASIS_030,CORROBORATED_PARTIAL
rust,UASF_0226,6,3,BASIS_015;BASIS_028;BASIS_030,CORROBORATED_PARTIAL
rust,UASF_0230,4,3,BASIS_023;BASIS_032;BASIS_036,CORROBORATED_PARTIAL
rust,UASF_0238,4,2,BASIS_030;BASIS_036,CORROBORATED_PARTIAL
rust,UASF_0242,4,2,BASIS_036;BASIS_042,CORROBORATED_PARTIAL
rust,UASF_0247,4,3,BASIS_023;BASIS_032;BASIS_036,CORROBORATED_PARTIAL
rust,UASF_0248,5,4,BASIS_023;BASIS_032;BASIS_036;BASIS_042,CORROBORATED_PARTIAL
rust,UASF_0254,5,2,BASIS_036;BASIS_047,CORROBORATED_PARTIAL
rust,UASF_0255,5,1,BASIS_036,CORROBORATED_PARTIAL
rust,UASF_0256,5,2,BASIS_036;BASIS_057,CORROBORATED_PARTIAL
rust,UASF_0257,4,1,BASIS_036,CORROBORATED_PARTIAL
rust,UASF_0258,5,1,BASIS_036,CORROBORATED_PARTIAL
rust,UASF_0259,5,1,BASIS_036,CORROBORATED_PARTIAL
rust,UASF_0279,4,2,BASIS_028;BASIS_037,CORROBORATED_PARTIAL
rust,UASF_0294,4,3,BASIS_028;BASIS_030;BASIS_042,CORROBORATED_PARTIAL
rust,UASF_0295,4,3,BASIS_028;BASIS_041;BASIS_042,CORROBORATED_PARTIAL
rust,UASF_0298,4,3,BASIS_030;BASIS_037;BASIS_042,CORROBORATED_PARTIAL
rust,UASF_0299,4,3,BASIS_032;BASIS_037;BASIS_042,CORROBORATED_PARTIAL
rust,UASF_0300,4,3,BASIS_037;BASIS_041;BASIS_042,CORROBORATED_PARTIAL
rust,UASF_0301,4,2,BASIS_037;BASIS_042,CORROBORATED_PARTIAL
rust,UASF_0302,5,3,BASIS_037;BASIS_042;BASIS_047,CORROBORATED_PARTIAL
rust,UASF_0303,6,3,BASIS_037;BASIS_042;BASIS_047,CORROBORATED_PARTIAL
rust,UASF_0304,5,4,BASIS_037;BASIS_042;BASIS_047;BASIS_065,CORROBORATED_PARTIAL
rust,UASF_0305,5,3,BASIS_037;BASIS_042;BASIS_047,CORROBORATED_PARTIAL
rust,UASF_0306,7,4,BASIS_037;BASIS_042;BASIS_054;BASIS_065,CORROBORATED_PARTIAL
rust,UASF_0307,6,4,BASIS_037;BASIS_042;BASIS_057;BASIS_065,CORROBORATED_PARTIAL
rust,UASF_0308,6,3,BASIS_037;BASIS_042;BASIS_065,CORROBORATED_PARTIAL
rust,UASF_0309,5,2,BASIS_037;BASIS_042,CORROBORATED_PARTIAL
rust,UASF_0310,4,3,BASIS_037;BASIS_042;BASIS_065,CORROBORATED_PARTIAL
rust,UASF_0311,5,3,BASIS_037;BASIS_042;BASIS_065,CORROBORATED_PARTIAL
rust,UASF_0312,3,2,BASIS_041;BASIS_042,CORROBORATED_PARTIAL
rust,UASF_0323,4,4,BASIS_030;BASIS_032;BASIS_036;BASIS_042,CORROBORATED_PARTIAL
rust,UASF_0325,3,3,BASIS_030;BASIS_036;BASIS_042,CORROBORATED_PARTIAL
rust,UASF_0326,4,4,BASIS_030;BASIS_037;BASIS_041;BASIS_042,CORROBORATED_PARTIAL
rust,UASF_0327,3,3,BASIS_030;BASIS_037;BASIS_042,CORROBORATED_PARTIAL
rust,UASF_0330,4,4,BASIS_032;BASIS_037;BASIS_041;BASIS_042,CORROBORATED_PARTIAL
swift,UASF_0022,5,5,BASIS_001;BASIS_023;BASIS_032;BASIS_045;BASIS_058,CORROBORATED_PARTIAL
swift,UASF_0026,5,4,BASIS_001;BASIS_023;BASIS_032;BASIS_063,CORROBORATED_PARTIAL
swift,UASF_0047,4,4,BASIS_003;BASIS_004;BASIS_037;BASIS_047,CORROBORATED_PARTIAL
swift,UASF_0048,5,5,BASIS_003;BASIS_004;BASIS_037;BASIS_047;BASIS_049,CORROBORATED_PARTIAL
swift,UASF_0049,5,5,BASIS_003;BASIS_004;BASIS_037;BASIS_047;BASIS_066,CORROBORATED_PARTIAL
swift,UASF_0051,4,4,BASIS_003;BASIS_004;BASIS_037;BASIS_066,CORROBORATED_PARTIAL
swift,UASF_0119,5,2,BASIS_006;BASIS_050,CORROBORATED_PARTIAL
swift,UASF_0151,5,4,BASIS_007;BASIS_039;BASIS_051;BASIS_054,CORROBORATED_PARTIAL
swift,UASF_0178,6,5,BASIS_008;BASIS_014;BASIS_015;BASIS_047;BASIS_054,CORROBORATED_PARTIAL
swift,UASF_0180,4,4,BASIS_008;BASIS_014;BASIS_015;BASIS_054,CORROBORATED_PARTIAL
swift,UASF_0181,5,4,BASIS_008;BASIS_014;BASIS_015;BASIS_054,CORROBORATED_PARTIAL
swift,UASF_0182,6,5,BASIS_008;BASIS_014;BASIS_015;BASIS_054;BASIS_058,CORROBORATED_PARTIAL
swift,UASF_0183,5,5,BASIS_008;BASIS_014;BASIS_015;BASIS_054;BASIS_058,CORROBORATED_PARTIAL
swift,UASF_0203,5,4,BASIS_009;BASIS_041;BASIS_042;BASIS_067,CORROBORATED_PARTIAL
swift,UASF_0204,5,5,BASIS_009;BASIS_041;BASIS_042;BASIS_057;BASIS_067,CORROBORATED_PARTIAL
swift,UASF_0205,5,5,BASIS_009;BASIS_041;BASIS_042;BASIS_058;BASIS_067,CORROBORATED_PARTIAL
swift,UASF_0207,5,4,BASIS_009;BASIS_041;BASIS_042;BASIS_067,CORROBORATED_PARTIAL
swift,UASF_0208,4,4,BASIS_009;BASIS_041;BASIS_042;BASIS_067,CORROBORATED_PARTIAL
swift,UASF_0217,7,6,BASIS_015;BASIS_028;BASIS_030;BASIS_047;BASIS_049;BASIS_058,CORROBORATED_PARTIAL
swift,UASF_0219,6,4,BASIS_015;BASIS_028;BASIS_030;BASIS_047,CORROBORATED_PARTIAL
swift,UASF_0220,7,5,BASIS_015;BASIS_028;BASIS_030;BASIS_047;BASIS_058,CORROBORATED_PARTIAL
swift,UASF_0221,7,4,BASIS_015;BASIS_028;BASIS_030;BASIS_058,CORROBORATED_PARTIAL
swift,UASF_0222,7,6,BASIS_015;BASIS_028;BASIS_030;BASIS_051;BASIS_054;BASIS_058,CORROBORATED_PARTIAL
swift,UASF_0223,6,5,BASIS_015;BASIS_028;BASIS_030;BASIS_054;BASIS_058,CORROBORATED_PARTIAL
swift,UASF_0224,5,3,BASIS_015;BASIS_028;BASIS_030,CORROBORATED_PARTIAL
swift,UASF_0225,6,4,BASIS_015;BASIS_028;BASIS_030;BASIS_058,CORROBORATED_PARTIAL
swift,UASF_0226,6,4,BASIS_015;BASIS_028;BASIS_030;BASIS_067,CORROBORATED_PARTIAL
swift,UASF_0256,5,4,BASIS_013;BASIS_036;BASIS_057;BASIS_067,CORROBORATED_PARTIAL
swift,UASF_0303,6,4,BASIS_037;BASIS_042;BASIS_047;BASIS_058,CORROBORATED_PARTIAL
swift,UASF_0304,5,4,BASIS_037;BASIS_042;BASIS_047;BASIS_065,CORROBORATED_PARTIAL
swift,UASF_0305,5,4,BASIS_037;BASIS_042;BASIS_047;BASIS_067,CORROBORATED_PARTIAL
swift,UASF_0306,7,5,BASIS_037;BASIS_042;BASIS_054;BASIS_058;BASIS_065,CORROBORATED_PARTIAL
swift,UASF_0307,6,5,BASIS_037;BASIS_042;BASIS_057;BASIS_065;BASIS_067,CORROBORATED_PARTIAL
swift,UASF_0308,6,4,BASIS_037;BASIS_042;BASIS_065;BASIS_067,CORROBORATED_PARTIAL
swift,UASF_0309,5,3,BASIS_037;BASIS_042;BASIS_067,CORROBORATED_PARTIAL
swift,UASF_0311,5,4,BASIS_037;BASIS_042;BASIS_065;BASIS_067,CORROBORATED_PARTIAL
zig,UASF_0022,5,3,BASIS_001;BASIS_023;BASIS_045,CORROBORATED_PARTIAL
zig,UASF_0023,5,3,BASIS_001;BASIS_023;BASIS_045,CORROBORATED_PARTIAL
zig,UASF_0024,5,2,BASIS_001;BASIS_023,CORROBORATED_PARTIAL
zig,UASF_0025,5,2,BASIS_001;BASIS_023,CORROBORATED_PARTIAL
zig,UASF_0047,4,4,BASIS_003;BASIS_004;BASIS_037;BASIS_047,CORROBORATED_PARTIAL
zig,UASF_0049,5,5,BASIS_003;BASIS_004;BASIS_037;BASIS_047;BASIS_066,CORROBORATED_PARTIAL
zig,UASF_0051,4,4,BASIS_003;BASIS_004;BASIS_037;BASIS_066,CORROBORATED_PARTIAL
zig,UASF_0122,4,1,BASIS_006,CORROBORATED_PARTIAL
zig,UASF_0127,5,4,BASIS_006;BASIS_015;BASIS_030;BASIS_036,CORROBORATED_PARTIAL
zig,UASF_0154,6,4,BASIS_007;BASIS_024;BASIS_039;BASIS_051,CORROBORATED_PARTIAL
zig,UASF_0155,5,4,BASIS_007;BASIS_024;BASIS_039;BASIS_051,CORROBORATED_PARTIAL
zig,UASF_0178,6,5,BASIS_008;BASIS_014;BASIS_015;BASIS_047;BASIS_054,CORROBORATED_PARTIAL
zig,UASF_0180,4,4,BASIS_008;BASIS_014;BASIS_015;BASIS_054,CORROBORATED_PARTIAL
zig,UASF_0181,5,4,BASIS_008;BASIS_014;BASIS_015;BASIS_054,CORROBORATED_PARTIAL
zig,UASF_0182,6,4,BASIS_008;BASIS_014;BASIS_015;BASIS_054,CORROBORATED_PARTIAL
zig,UASF_0183,5,4,BASIS_008;BASIS_014;BASIS_015;BASIS_054,CORROBORATED_PARTIAL
zig,UASF_0184,5,5,BASIS_008;BASIS_014;BASIS_015;BASIS_030;BASIS_042,CORROBORATED_PARTIAL
zig,UASF_0203,5,3,BASIS_009;BASIS_041;BASIS_042,CORROBORATED_PARTIAL
zig,UASF_0205,5,3,BASIS_009;BASIS_041;BASIS_042,CORROBORATED_PARTIAL
zig,UASF_0206,5,3,BASIS_009;BASIS_041;BASIS_042,CORROBORATED_PARTIAL
zig,UASF_0207,5,3,BASIS_009;BASIS_041;BASIS_042,CORROBORATED_PARTIAL
zig,UASF_0208,4,3,BASIS_009;BASIS_041;BASIS_042,CORROBORATED_PARTIAL
zig,UASF_0219,6,4,BASIS_015;BASIS_028;BASIS_030;BASIS_047,CORROBORATED_PARTIAL
zig,UASF_0220,7,4,BASIS_015;BASIS_028;BASIS_030;BASIS_047,CORROBORATED_PARTIAL
zig,UASF_0221,7,3,BASIS_015;BASIS_028;BASIS_030,CORROBORATED_PARTIAL
zig,UASF_0224,5,3,BASIS_015;BASIS_028;BASIS_030,CORROBORATED_PARTIAL
zig,UASF_0225,6,3,BASIS_015;BASIS_028;BASIS_030,CORROBORATED_PARTIAL
zig,UASF_0226,6,3,BASIS_015;BASIS_028;BASIS_030,CORROBORATED_PARTIAL
zig,UASF_0259,5,1,BASIS_036,CORROBORATED_PARTIAL
zig,UASF_0302,5,3,BASIS_037;BASIS_042;BASIS_047,CORROBORATED_PARTIAL
zig,UASF_0303,6,3,BASIS_037;BASIS_042;BASIS_047,CORROBORATED_PARTIAL
zig,UASF_0304,5,4,BASIS_037;BASIS_042;BASIS_047;BASIS_065,CORROBORATED_PARTIAL
zig,UASF_0305,5,3,BASIS_037;BASIS_042;BASIS_047,CORROBORATED_PARTIAL
zig,UASF_0306,7,4,BASIS_037;BASIS_042;BASIS_054;BASIS_065,CORROBORATED_PARTIAL
zig,UASF_0308,6,3,BASIS_037;BASIS_042;BASIS_065,CORROBORATED_PARTIAL
zig,UASF_0309,5,2,BASIS_037;BASIS_042,CORROBORATED_PARTIAL
zig,UASF_0310,4,3,BASIS_037;BASIS_042;BASIS_065,CORROBORATED_PARTIAL
