case_id,source_language,target_language,v0_parse,v1_matrixir,v2_uast,v3_closure,v4_emit,v5_reparse,v6_compile,v7_execute,v8_behavior,route,diagnostic
a537cd72f10d2c7e30ac3fdd230fe37fcb04aa810c971e04e023f8aadb878721,kotlin,r,PASS,PASS,PASS,PASS,PASS,PASS,SKIP,SKIP,SKIP,DIRECT,
a537cd72f10d2c7e30ac3fdd230fe37fcb04aa810c971e04e023f8aadb878721,kotlin,go,PASS,PASS,PASS,PASS,PASS,PASS,SKIP,SKIP,SKIP,DIRECT,
a537cd72f10d2c7e30ac3fdd230fe37fcb04aa810c971e04e023f8aadb878721,kotlin,rust,PASS,PASS,PASS,PASS,PASS,PASS,SKIP,SKIP,SKIP,DIRECT,
a537cd72f10d2c7e30ac3fdd230fe37fcb04aa810c971e04e023f8aadb878721,kotlin,cpp,PASS,PASS,PASS,PASS,PASS,PASS,SKIP,SKIP,SKIP,DIRECT,
a537cd72f10d2c7e30ac3fdd230fe37fcb04aa810c971e04e023f8aadb878721,kotlin,c,PASS,PASS,PASS,PASS,PASS,PASS,SKIP,SKIP,SKIP,DIRECT,
a537cd72f10d2c7e30ac3fdd230fe37fcb04aa810c971e04e023f8aadb878721,kotlin,python,PASS,PASS,PASS,PASS,PASS,PASS,SKIP,SKIP,SKIP,DIRECT,
a537cd72f10d2c7e30ac3fdd230fe37fcb04aa810c971e04e023f8aadb878721,kotlin,zig,PASS,PASS,PASS,PASS,PASS,PASS,SKIP,SKIP,SKIP,DIRECT,
a537cd72f10d2c7e30ac3fdd230fe37fcb04aa810c971e04e023f8aadb878721,kotlin,julia,PASS,PASS,PASS,PASS,PASS,PASS,SKIP,SKIP,SKIP,DIRECT,
a537cd72f10d2c7e30ac3fdd230fe37fcb04aa810c971e04e023f8aadb878721,kotlin,nim,PASS,PASS,PASS,PASS,PASS,PASS,SKIP,SKIP,SKIP,DIRECT,
a537cd72f10d2c7e30ac3fdd230fe37fcb04aa810c971e04e023f8aadb878721,kotlin,csharp,PASS,PASS,PASS,PASS,PASS,PASS,SKIP,SKIP,SKIP,DIRECT,
a537cd72f10d2c7e30ac3fdd230fe37fcb04aa810c971e04e023f8aadb878721,kotlin,java,PASS,PASS,PASS,PASS,PASS,PASS,SKIP,SKIP,SKIP,DIRECT,
a537cd72f10d2c7e30ac3fdd230fe37fcb04aa810c971e04e023f8aadb878721,kotlin,kotlin,PASS,PASS,PASS,PASS,PASS,PASS,SKIP,SKIP,SKIP,DIRECT,
a537cd72f10d2c7e30ac3fdd230fe37fcb04aa810c971e04e023f8aadb878721,kotlin,swift,PASS,PASS,PASS,PASS,PASS,PASS,SKIP,SKIP,SKIP,DIRECT,
25cb7a47d5b8b2b25fe43e3e5749825f6810e38c569e4cfa6b467ec8f8b76a84,kotlin,r,PASS,PASS,PASS,PASS,PASS,PASS,SKIP,SKIP,SKIP,DIRECT,
25cb7a47d5b8b2b25fe43e3e5749825f6810e38c569e4cfa6b467ec8f8b76a84,kotlin,go,PASS,PASS,PASS,PASS,PASS,PASS,SKIP,SKIP,SKIP,DIRECT,
25cb7a47d5b8b2b25fe43e3e5749825f6810e38c569e4cfa6b467ec8f8b76a84,kotlin,rust,PASS,PASS,PASS,PASS,PASS,PASS,SKIP,SKIP,SKIP,DIRECT,
25cb7a47d5b8b2b25fe43e3e5749825f6810e38c569e4cfa6b467ec8f8b76a84,kotlin,cpp,PASS,PASS,PASS,PASS,PASS,PASS,SKIP,SKIP,SKIP,DIRECT,
25cb7a47d5b8b2b25fe43e3e5749825f6810e38c569e4cfa6b467ec8f8b76a84,kotlin,c,PASS,PASS,PASS,PASS,PASS,PASS,SKIP,SKIP,SKIP,DIRECT,
25cb7a47d5b8b2b25fe43e3e5749825f6810e38c569e4cfa6b467ec8f8b76a84,kotlin,python,PASS,PASS,PASS,PASS,PASS,PASS,SKIP,SKIP,SKIP,DIRECT,
25cb7a47d5b8b2b25fe43e3e5749825f6810e38c569e4cfa6b467ec8f8b76a84,kotlin,zig,PASS,PASS,PASS,PASS,PASS,PASS,SKIP,SKIP,SKIP,DIRECT,
25cb7a47d5b8b2b25fe43e3e5749825f6810e38c569e4cfa6b467ec8f8b76a84,kotlin,julia,PASS,PASS,PASS,PASS,PASS,PASS,SKIP,SKIP,SKIP,DIRECT,
25cb7a47d5b8b2b25fe43e3e5749825f6810e38c569e4cfa6b467ec8f8b76a84,kotlin,nim,PASS,PASS,PASS,PASS,PASS,PASS,SKIP,SKIP,SKIP,DIRECT,
25cb7a47d5b8b2b25fe43e3e5749825f6810e38c569e4cfa6b467ec8f8b76a84,kotlin,csharp,PASS,PASS,PASS,PASS,PASS,PASS,SKIP,SKIP,SKIP,DIRECT,
25cb7a47d5b8b2b25fe43e3e5749825f6810e38c569e4cfa6b467ec8f8b76a84,kotlin,java,PASS,PASS,PASS,PASS,PASS,PASS,SKIP,SKIP,SKIP,DIRECT,
25cb7a47d5b8b2b25fe43e3e5749825f6810e38c569e4cfa6b467ec8f8b76a84,kotlin,kotlin,PASS,PASS,PASS,PASS,PASS,PASS,SKIP,SKIP,SKIP,DIRECT,
25cb7a47d5b8b2b25fe43e3e5749825f6810e38c569e4cfa6b467ec8f8b76a84,kotlin,swift,PASS,PASS,PASS,PASS,PASS,PASS,SKIP,SKIP,SKIP,DIRECT,
153968d1980be8b9db8b74e4c437f2e9a48c9f5edad418c4f3348809cffa5b0f,kotlin,r,PASS,PASS,PASS,PASS,PASS,PASS,SKIP,SKIP,SKIP,DIRECT,
153968d1980be8b9db8b74e4c437f2e9a48c9f5edad418c4f3348809cffa5b0f,kotlin,go,PASS,PASS,PASS,PASS,PASS,PASS,SKIP,SKIP,SKIP,DIRECT,
153968d1980be8b9db8b74e4c437f2e9a48c9f5edad418c4f3348809cffa5b0f,kotlin,rust,PASS,PASS,PASS,PASS,PASS,PASS,SKIP,SKIP,SKIP,DIRECT,
153968d1980be8b9db8b74e4c437f2e9a48c9f5edad418c4f3348809cffa5b0f,kotlin,cpp,PASS,PASS,PASS,PASS,PASS,PASS,SKIP,SKIP,SKIP,DIRECT,
153968d1980be8b9db8b74e4c437f2e9a48c9f5edad418c4f3348809cffa5b0f,kotlin,c,PASS,PASS,PASS,PASS,PASS,PASS,SKIP,SKIP,SKIP,DIRECT,
153968d1980be8b9db8b74e4c437f2e9a48c9f5edad418c4f3348809cffa5b0f,kotlin,python,PASS,PASS,PASS,PASS,PASS,PASS,SKIP,SKIP,SKIP,DIRECT,
153968d1980be8b9db8b74e4c437f2e9a48c9f5edad418c4f3348809cffa5b0f,kotlin,zig,PASS,PASS,PASS,PASS,PASS,PASS,SKIP,SKIP,SKIP,DIRECT,
153968d1980be8b9db8b74e4c437f2e9a48c9f5edad418c4f3348809cffa5b0f,kotlin,julia,PASS,PASS,PASS,PASS,PASS,PASS,SKIP,SKIP,SKIP,DIRECT,
153968d1980be8b9db8b74e4c437f2e9a48c9f5edad418c4f3348809cffa5b0f,kotlin,nim,PASS,PASS,PASS,PASS,PASS,PASS,SKIP,SKIP,SKIP,DIRECT,
153968d1980be8b9db8b74e4c437f2e9a48c9f5edad418c4f3348809cffa5b0f,kotlin,csharp,PASS,PASS,PASS,PASS,PASS,PASS,SKIP,SKIP,SKIP,DIRECT,
153968d1980be8b9db8b74e4c437f2e9a48c9f5edad418c4f3348809cffa5b0f,kotlin,java,PASS,PASS,PASS,PASS,PASS,PASS,SKIP,SKIP,SKIP,DIRECT,
153968d1980be8b9db8b74e4c437f2e9a48c9f5edad418c4f3348809cffa5b0f,kotlin,kotlin,PASS,PASS,PASS,PASS,PASS,PASS,SKIP,SKIP,SKIP,DIRECT,
153968d1980be8b9db8b74e4c437f2e9a48c9f5edad418c4f3348809cffa5b0f,kotlin,swift,PASS,PASS,PASS,PASS,PASS,PASS,SKIP,SKIP,SKIP,DIRECT,
e1be0aaad93194e9aedc42928670fdf68f1ffa73f6d01b5752a105e69612abe7,kotlin,r,PASS,PASS,PASS,PASS,PASS,PASS,SKIP,SKIP,SKIP,DIRECT,
e1be0aaad93194e9aedc42928670fdf68f1ffa73f6d01b5752a105e69612abe7,kotlin,go,PASS,PASS,PASS,PASS,PASS,PASS,SKIP,SKIP,SKIP,DIRECT,
e1be0aaad93194e9aedc42928670fdf68f1ffa73f6d01b5752a105e69612abe7,kotlin,rust,PASS,PASS,PASS,PASS,PASS,PASS,SKIP,SKIP,SKIP,DIRECT,
e1be0aaad93194e9aedc42928670fdf68f1ffa73f6d01b5752a105e69612abe7,kotlin,cpp,PASS,PASS,PASS,PASS,PASS,PASS,SKIP,SKIP,SKIP,DIRECT,
e1be0aaad93194e9aedc42928670fdf68f1ffa73f6d01b5752a105e69612abe7,kotlin,c,PASS,PASS,PASS,PASS,PASS,PASS,SKIP,SKIP,SKIP,DIRECT,
e1be0aaad93194e9aedc42928670fdf68f1ffa73f6d01b5752a105e69612abe7,kotlin,python,PASS,PASS,PASS,PASS,PASS,PASS,SKIP,SKIP,SKIP,DIRECT,
e1be0aaad93194e9aedc42928670fdf68f1ffa73f6d01b5752a105e69612abe7,kotlin,zig,PASS,PASS,PASS,PASS,PASS,PASS,SKIP,SKIP,SKIP,DIRECT,
e1be0aaad93194e9aedc42928670fdf68f1ffa73f6d01b5752a105e69612abe7,kotlin,julia,PASS,PASS,PASS,PASS,PASS,PASS,SKIP,SKIP,SKIP,DIRECT,
e1be0aaad93194e9aedc42928670fdf68f1ffa73f6d01b5752a105e69612abe7,kotlin,nim,PASS,PASS,PASS,PASS,PASS,PASS,SKIP,SKIP,SKIP,DIRECT,
e1be0aaad93194e9aedc42928670fdf68f1ffa73f6d01b5752a105e69612abe7,kotlin,csharp,PASS,PASS,PASS,PASS,PASS,PASS,SKIP,SKIP,SKIP,DIRECT,
e1be0aaad93194e9aedc42928670fdf68f1ffa73f6d01b5752a105e69612abe7,kotlin,java,PASS,PASS,PASS,PASS,PASS,PASS,SKIP,SKIP,SKIP,DIRECT,
e1be0aaad93194e9aedc42928670fdf68f1ffa73f6d01b5752a105e69612abe7,kotlin,kotlin,PASS,PASS,PASS,PASS,PASS,PASS,SKIP,SKIP,SKIP,DIRECT,
e1be0aaad93194e9aedc42928670fdf68f1ffa73f6d01b5752a105e69612abe7,kotlin,swift,PASS,PASS,PASS,PASS,PASS,PASS,SKIP,SKIP,SKIP,DIRECT,
1356bb7db4a7bb8ac0657cf353950a2f55cf8c513728a9c56f53285d76663a52,kotlin,r,FAIL,SKIP,SKIP,SKIP,SKIP,SKIP,SKIP,SKIP,SKIP,DIRECT,expected expression
1356bb7db4a7bb8ac0657cf353950a2f55cf8c513728a9c56f53285d76663a52,kotlin,go,FAIL,SKIP,SKIP,SKIP,SKIP,SKIP,SKIP,SKIP,SKIP,DIRECT,expected expression
1356bb7db4a7bb8ac0657cf353950a2f55cf8c513728a9c56f53285d76663a52,kotlin,rust,FAIL,SKIP,SKIP,SKIP,SKIP,SKIP,SKIP,SKIP,SKIP,DIRECT,expected expression
1356bb7db4a7bb8ac0657cf353950a2f55cf8c513728a9c56f53285d76663a52,kotlin,cpp,FAIL,SKIP,SKIP,SKIP,SKIP,SKIP,SKIP,SKIP,SKIP,DIRECT,expected expression
1356bb7db4a7bb8ac0657cf353950a2f55cf8c513728a9c56f53285d76663a52,kotlin,c,FAIL,SKIP,SKIP,SKIP,SKIP,SKIP,SKIP,SKIP,SKIP,DIRECT,expected expression
1356bb7db4a7bb8ac0657cf353950a2f55cf8c513728a9c56f53285d76663a52,kotlin,python,FAIL,SKIP,SKIP,SKIP,SKIP,SKIP,SKIP,SKIP,SKIP,DIRECT,expected expression
1356bb7db4a7bb8ac0657cf353950a2f55cf8c513728a9c56f53285d76663a52,kotlin,zig,FAIL,SKIP,SKIP,SKIP,SKIP,SKIP,SKIP,SKIP,SKIP,DIRECT,expected expression
1356bb7db4a7bb8ac0657cf353950a2f55cf8c513728a9c56f53285d76663a52,kotlin,julia,FAIL,SKIP,SKIP,SKIP,SKIP,SKIP,SKIP,SKIP,SKIP,DIRECT,expected expression
1356bb7db4a7bb8ac0657cf353950a2f55cf8c513728a9c56f53285d76663a52,kotlin,nim,FAIL,SKIP,SKIP,SKIP,SKIP,SKIP,SKIP,SKIP,SKIP,DIRECT,expected expression
1356bb7db4a7bb8ac0657cf353950a2f55cf8c513728a9c56f53285d76663a52,kotlin,csharp,FAIL,SKIP,SKIP,SKIP,SKIP,SKIP,SKIP,SKIP,SKIP,DIRECT,expected expression
1356bb7db4a7bb8ac0657cf353950a2f55cf8c513728a9c56f53285d76663a52,kotlin,java,FAIL,SKIP,SKIP,SKIP,SKIP,SKIP,SKIP,SKIP,SKIP,DIRECT,expected expression
1356bb7db4a7bb8ac0657cf353950a2f55cf8c513728a9c56f53285d76663a52,kotlin,kotlin,FAIL,SKIP,SKIP,SKIP,SKIP,SKIP,SKIP,SKIP,SKIP,DIRECT,expected expression
1356bb7db4a7bb8ac0657cf353950a2f55cf8c513728a9c56f53285d76663a52,kotlin,swift,FAIL,SKIP,SKIP,SKIP,SKIP,SKIP,SKIP,SKIP,SKIP,DIRECT,expected expression
28df1240d2ce9b3c81f7bf939a082869b27e06ff74c332cf2d5f400b9b752e7c,kotlin,r,PASS,PASS,PASS,PASS,PASS,PASS,SKIP,SKIP,SKIP,DIRECT,
28df1240d2ce9b3c81f7bf939a082869b27e06ff74c332cf2d5f400b9b752e7c,kotlin,go,PASS,PASS,PASS,PASS,PASS,PASS,SKIP,SKIP,SKIP,DIRECT,
28df1240d2ce9b3c81f7bf939a082869b27e06ff74c332cf2d5f400b9b752e7c,kotlin,rust,PASS,PASS,PASS,PASS,PASS,PASS,SKIP,SKIP,SKIP,DIRECT,
28df1240d2ce9b3c81f7bf939a082869b27e06ff74c332cf2d5f400b9b752e7c,kotlin,cpp,PASS,PASS,PASS,PASS,PASS,PASS,SKIP,SKIP,SKIP,DIRECT,
28df1240d2ce9b3c81f7bf939a082869b27e06ff74c332cf2d5f400b9b752e7c,kotlin,c,PASS,PASS,PASS,PASS,PASS,PASS,SKIP,SKIP,SKIP,DIRECT,
28df1240d2ce9b3c81f7bf939a082869b27e06ff74c332cf2d5f400b9b752e7c,kotlin,python,PASS,PASS,PASS,PASS,PASS,PASS,SKIP,SKIP,SKIP,DIRECT,
28df1240d2ce9b3c81f7bf939a082869b27e06ff74c332cf2d5f400b9b752e7c,kotlin,zig,PASS,PASS,PASS,PASS,PASS,PASS,SKIP,SKIP,SKIP,DIRECT,
28df1240d2ce9b3c81f7bf939a082869b27e06ff74c332cf2d5f400b9b752e7c,kotlin,julia,PASS,PASS,PASS,PASS,PASS,PASS,SKIP,SKIP,SKIP,DIRECT,
28df1240d2ce9b3c81f7bf939a082869b27e06ff74c332cf2d5f400b9b752e7c,kotlin,nim,PASS,PASS,PASS,PASS,PASS,PASS,SKIP,SKIP,SKIP,DIRECT,
28df1240d2ce9b3c81f7bf939a082869b27e06ff74c332cf2d5f400b9b752e7c,kotlin,csharp,PASS,PASS,PASS,PASS,PASS,PASS,SKIP,SKIP,SKIP,DIRECT,
28df1240d2ce9b3c81f7bf939a082869b27e06ff74c332cf2d5f400b9b752e7c,kotlin,java,PASS,PASS,PASS,PASS,PASS,PASS,SKIP,SKIP,SKIP,DIRECT,
28df1240d2ce9b3c81f7bf939a082869b27e06ff74c332cf2d5f400b9b752e7c,kotlin,kotlin,PASS,PASS,PASS,PASS,PASS,PASS,SKIP,SKIP,SKIP,DIRECT,
28df1240d2ce9b3c81f7bf939a082869b27e06ff74c332cf2d5f400b9b752e7c,kotlin,swift,PASS,PASS,PASS,PASS,PASS,PASS,SKIP,SKIP,SKIP,DIRECT,
9516f965da255d30dc2014def429902e2d542e19446fd9e3ab75a2e3f43be8fc,kotlin,r,PASS,PASS,PASS,PASS,PASS,PASS,SKIP,SKIP,SKIP,DIRECT,
9516f965da255d30dc2014def429902e2d542e19446fd9e3ab75a2e3f43be8fc,kotlin,go,PASS,PASS,PASS,PASS,PASS,PASS,SKIP,SKIP,SKIP,DIRECT,
9516f965da255d30dc2014def429902e2d542e19446fd9e3ab75a2e3f43be8fc,kotlin,rust,PASS,PASS,PASS,PASS,PASS,PASS,SKIP,SKIP,SKIP,DIRECT,
9516f965da255d30dc2014def429902e2d542e19446fd9e3ab75a2e3f43be8fc,kotlin,cpp,PASS,PASS,PASS,PASS,PASS,PASS,SKIP,SKIP,SKIP,DIRECT,
9516f965da255d30dc2014def429902e2d542e19446fd9e3ab75a2e3f43be8fc,kotlin,c,PASS,PASS,PASS,PASS,PASS,PASS,SKIP,SKIP,SKIP,DIRECT,
9516f965da255d30dc2014def429902e2d542e19446fd9e3ab75a2e3f43be8fc,kotlin,python,PASS,PASS,PASS,PASS,FAIL,SKIP,SKIP,SKIP,SKIP,DIRECT,"DIRECT_NATIVE_UNAVAILABLE: target python emitted invalid syntax (other: Sorry: IndentationError: expected an indented block after function definition on line 2 (program.py, line 2))"
9516f965da255d30dc2014def429902e2d542e19446fd9e3ab75a2e3f43be8fc,kotlin,zig,PASS,PASS,PASS,PASS,PASS,PASS,SKIP,SKIP,SKIP,DIRECT,
9516f965da255d30dc2014def429902e2d542e19446fd9e3ab75a2e3f43be8fc,kotlin,julia,PASS,PASS,PASS,PASS,PASS,PASS,SKIP,SKIP,SKIP,DIRECT,
9516f965da255d30dc2014def429902e2d542e19446fd9e3ab75a2e3f43be8fc,kotlin,nim,PASS,PASS,PASS,PASS,PASS,PASS,SKIP,SKIP,SKIP,DIRECT,
9516f965da255d30dc2014def429902e2d542e19446fd9e3ab75a2e3f43be8fc,kotlin,csharp,PASS,PASS,PASS,PASS,PASS,PASS,SKIP,SKIP,SKIP,DIRECT,
9516f965da255d30dc2014def429902e2d542e19446fd9e3ab75a2e3f43be8fc,kotlin,java,PASS,PASS,PASS,PASS,FAIL,SKIP,SKIP,SKIP,SKIP,DIRECT,DIRECT_NATIVE_UNAVAILABLE: target java emitted invalid syntax (other: C:\Users\tarek\AppData\Local\Temp\codetranspiler-syntax-3852803927\Main.java:5: Fehler: Inkompatible Typen: Ungültiger Rückgabetyp in Lambda-Ausdruck java.util.function.F
9516f965da255d30dc2014def429902e2d542e19446fd9e3ab75a2e3f43be8fc,kotlin,kotlin,PASS,PASS,PASS,PASS,PASS,PASS,SKIP,SKIP,SKIP,DIRECT,
9516f965da255d30dc2014def429902e2d542e19446fd9e3ab75a2e3f43be8fc,kotlin,swift,PASS,PASS,PASS,PASS,PASS,PASS,SKIP,SKIP,SKIP,DIRECT,
847b479bb753d39391d6120205cd6cb686f331cb3badcffba042b410aa1c96d1,kotlin,r,PASS,PASS,PASS,PASS,PASS,PASS,SKIP,SKIP,SKIP,DIRECT,
847b479bb753d39391d6120205cd6cb686f331cb3badcffba042b410aa1c96d1,kotlin,go,PASS,PASS,PASS,PASS,PASS,PASS,SKIP,SKIP,SKIP,DIRECT,
847b479bb753d39391d6120205cd6cb686f331cb3badcffba042b410aa1c96d1,kotlin,rust,PASS,PASS,PASS,PASS,PASS,PASS,SKIP,SKIP,SKIP,DIRECT,
847b479bb753d39391d6120205cd6cb686f331cb3badcffba042b410aa1c96d1,kotlin,cpp,PASS,PASS,PASS,PASS,PASS,PASS,SKIP,SKIP,SKIP,DIRECT,
847b479bb753d39391d6120205cd6cb686f331cb3badcffba042b410aa1c96d1,kotlin,c,PASS,PASS,PASS,PASS,PASS,PASS,SKIP,SKIP,SKIP,DIRECT,
847b479bb753d39391d6120205cd6cb686f331cb3badcffba042b410aa1c96d1,kotlin,python,PASS,PASS,PASS,PASS,PASS,PASS,SKIP,SKIP,SKIP,DIRECT,
847b479bb753d39391d6120205cd6cb686f331cb3badcffba042b410aa1c96d1,kotlin,zig,PASS,PASS,PASS,PASS,PASS,PASS,SKIP,SKIP,SKIP,DIRECT,
847b479bb753d39391d6120205cd6cb686f331cb3badcffba042b410aa1c96d1,kotlin,julia,PASS,PASS,PASS,PASS,PASS,PASS,SKIP,SKIP,SKIP,DIRECT,
847b479bb753d39391d6120205cd6cb686f331cb3badcffba042b410aa1c96d1,kotlin,nim,PASS,PASS,PASS,PASS,PASS,PASS,SKIP,SKIP,SKIP,DIRECT,
847b479bb753d39391d6120205cd6cb686f331cb3badcffba042b410aa1c96d1,kotlin,csharp,PASS,PASS,PASS,PASS,PASS,PASS,SKIP,SKIP,SKIP,DIRECT,
847b479bb753d39391d6120205cd6cb686f331cb3badcffba042b410aa1c96d1,kotlin,java,PASS,PASS,PASS,PASS,PASS,PASS,SKIP,SKIP,SKIP,DIRECT,
847b479bb753d39391d6120205cd6cb686f331cb3badcffba042b410aa1c96d1,kotlin,kotlin,PASS,PASS,PASS,PASS,PASS,PASS,SKIP,SKIP,SKIP,DIRECT,
847b479bb753d39391d6120205cd6cb686f331cb3badcffba042b410aa1c96d1,kotlin,swift,PASS,PASS,PASS,PASS,PASS,PASS,SKIP,SKIP,SKIP,DIRECT,
bce742f3e4fd9c5c9c9a2886b8065d6763332111db2ebff2d104fc47623dd421,kotlin,r,PASS,PASS,PASS,PASS,PASS,PASS,SKIP,SKIP,SKIP,DIRECT,
bce742f3e4fd9c5c9c9a2886b8065d6763332111db2ebff2d104fc47623dd421,kotlin,go,PASS,PASS,PASS,PASS,PASS,PASS,SKIP,SKIP,SKIP,DIRECT,
bce742f3e4fd9c5c9c9a2886b8065d6763332111db2ebff2d104fc47623dd421,kotlin,rust,PASS,PASS,PASS,PASS,PASS,PASS,SKIP,SKIP,SKIP,DIRECT,
bce742f3e4fd9c5c9c9a2886b8065d6763332111db2ebff2d104fc47623dd421,kotlin,cpp,PASS,PASS,PASS,PASS,PASS,PASS,SKIP,SKIP,SKIP,DIRECT,
bce742f3e4fd9c5c9c9a2886b8065d6763332111db2ebff2d104fc47623dd421,kotlin,c,PASS,PASS,PASS,PASS,PASS,PASS,SKIP,SKIP,SKIP,DIRECT,
bce742f3e4fd9c5c9c9a2886b8065d6763332111db2ebff2d104fc47623dd421,kotlin,python,PASS,PASS,PASS,PASS,PASS,PASS,SKIP,SKIP,SKIP,DIRECT,
bce742f3e4fd9c5c9c9a2886b8065d6763332111db2ebff2d104fc47623dd421,kotlin,zig,PASS,PASS,PASS,PASS,PASS,PASS,SKIP,SKIP,SKIP,DIRECT,
bce742f3e4fd9c5c9c9a2886b8065d6763332111db2ebff2d104fc47623dd421,kotlin,julia,PASS,PASS,PASS,PASS,PASS,PASS,SKIP,SKIP,SKIP,DIRECT,
bce742f3e4fd9c5c9c9a2886b8065d6763332111db2ebff2d104fc47623dd421,kotlin,nim,PASS,PASS,PASS,PASS,PASS,PASS,SKIP,SKIP,SKIP,DIRECT,
bce742f3e4fd9c5c9c9a2886b8065d6763332111db2ebff2d104fc47623dd421,kotlin,csharp,PASS,PASS,PASS,PASS,PASS,PASS,SKIP,SKIP,SKIP,DIRECT,
bce742f3e4fd9c5c9c9a2886b8065d6763332111db2ebff2d104fc47623dd421,kotlin,java,PASS,PASS,PASS,PASS,PASS,PASS,SKIP,SKIP,SKIP,DIRECT,
bce742f3e4fd9c5c9c9a2886b8065d6763332111db2ebff2d104fc47623dd421,kotlin,kotlin,PASS,PASS,PASS,PASS,PASS,PASS,SKIP,SKIP,SKIP,DIRECT,
bce742f3e4fd9c5c9c9a2886b8065d6763332111db2ebff2d104fc47623dd421,kotlin,swift,PASS,PASS,PASS,PASS,PASS,PASS,SKIP,SKIP,SKIP,DIRECT,
0c036e0c15aec17bced99058ed11fdac255ca5cc20a251ffdea37d05c5e87e6e,kotlin,r,PASS,PASS,PASS,PASS,PASS,PASS,SKIP,SKIP,SKIP,DIRECT,
0c036e0c15aec17bced99058ed11fdac255ca5cc20a251ffdea37d05c5e87e6e,kotlin,go,PASS,PASS,PASS,PASS,PASS,PASS,SKIP,SKIP,SKIP,DIRECT,
0c036e0c15aec17bced99058ed11fdac255ca5cc20a251ffdea37d05c5e87e6e,kotlin,rust,PASS,PASS,PASS,PASS,PASS,PASS,SKIP,SKIP,SKIP,DIRECT,
0c036e0c15aec17bced99058ed11fdac255ca5cc20a251ffdea37d05c5e87e6e,kotlin,cpp,PASS,PASS,PASS,PASS,PASS,PASS,SKIP,SKIP,SKIP,DIRECT,
0c036e0c15aec17bced99058ed11fdac255ca5cc20a251ffdea37d05c5e87e6e,kotlin,c,PASS,PASS,PASS,PASS,PASS,PASS,SKIP,SKIP,SKIP,DIRECT,
0c036e0c15aec17bced99058ed11fdac255ca5cc20a251ffdea37d05c5e87e6e,kotlin,python,PASS,PASS,PASS,PASS,PASS,PASS,SKIP,SKIP,SKIP,DIRECT,
0c036e0c15aec17bced99058ed11fdac255ca5cc20a251ffdea37d05c5e87e6e,kotlin,zig,PASS,PASS,PASS,PASS,PASS,PASS,SKIP,SKIP,SKIP,DIRECT,
0c036e0c15aec17bced99058ed11fdac255ca5cc20a251ffdea37d05c5e87e6e,kotlin,julia,PASS,PASS,PASS,PASS,PASS,PASS,SKIP,SKIP,SKIP,DIRECT,
0c036e0c15aec17bced99058ed11fdac255ca5cc20a251ffdea37d05c5e87e6e,kotlin,nim,PASS,PASS,PASS,PASS,PASS,PASS,SKIP,SKIP,SKIP,DIRECT,
0c036e0c15aec17bced99058ed11fdac255ca5cc20a251ffdea37d05c5e87e6e,kotlin,csharp,PASS,PASS,PASS,PASS,PASS,PASS,SKIP,SKIP,SKIP,DIRECT,
0c036e0c15aec17bced99058ed11fdac255ca5cc20a251ffdea37d05c5e87e6e,kotlin,java,PASS,PASS,PASS,PASS,PASS,PASS,SKIP,SKIP,SKIP,DIRECT,
0c036e0c15aec17bced99058ed11fdac255ca5cc20a251ffdea37d05c5e87e6e,kotlin,kotlin,PASS,PASS,PASS,PASS,PASS,PASS,SKIP,SKIP,SKIP,DIRECT,
0c036e0c15aec17bced99058ed11fdac255ca5cc20a251ffdea37d05c5e87e6e,kotlin,swift,PASS,PASS,PASS,PASS,PASS,PASS,SKIP,SKIP,SKIP,DIRECT,
64a5c26b3debd7718a01b5c3d6d314d3a68769c7c89c72d4a03561bcee16c1b7,kotlin,r,PASS,PASS,PASS,PASS,PASS,PASS,SKIP,SKIP,SKIP,DIRECT,
64a5c26b3debd7718a01b5c3d6d314d3a68769c7c89c72d4a03561bcee16c1b7,kotlin,go,PASS,PASS,PASS,PASS,PASS,PASS,SKIP,SKIP,SKIP,DIRECT,
64a5c26b3debd7718a01b5c3d6d314d3a68769c7c89c72d4a03561bcee16c1b7,kotlin,rust,PASS,PASS,PASS,PASS,PASS,PASS,SKIP,SKIP,SKIP,DIRECT,
64a5c26b3debd7718a01b5c3d6d314d3a68769c7c89c72d4a03561bcee16c1b7,kotlin,cpp,PASS,PASS,PASS,PASS,PASS,PASS,SKIP,SKIP,SKIP,DIRECT,
64a5c26b3debd7718a01b5c3d6d314d3a68769c7c89c72d4a03561bcee16c1b7,kotlin,c,PASS,PASS,PASS,PASS,PASS,PASS,SKIP,SKIP,SKIP,DIRECT,
64a5c26b3debd7718a01b5c3d6d314d3a68769c7c89c72d4a03561bcee16c1b7,kotlin,python,PASS,PASS,PASS,PASS,PASS,PASS,SKIP,SKIP,SKIP,DIRECT,
64a5c26b3debd7718a01b5c3d6d314d3a68769c7c89c72d4a03561bcee16c1b7,kotlin,zig,PASS,PASS,PASS,PASS,PASS,PASS,SKIP,SKIP,SKIP,DIRECT,
64a5c26b3debd7718a01b5c3d6d314d3a68769c7c89c72d4a03561bcee16c1b7,kotlin,julia,PASS,PASS,PASS,PASS,PASS,PASS,SKIP,SKIP,SKIP,DIRECT,
64a5c26b3debd7718a01b5c3d6d314d3a68769c7c89c72d4a03561bcee16c1b7,kotlin,nim,PASS,PASS,PASS,PASS,PASS,PASS,SKIP,SKIP,SKIP,DIRECT,
64a5c26b3debd7718a01b5c3d6d314d3a68769c7c89c72d4a03561bcee16c1b7,kotlin,csharp,PASS,PASS,PASS,PASS,PASS,PASS,SKIP,SKIP,SKIP,DIRECT,
64a5c26b3debd7718a01b5c3d6d314d3a68769c7c89c72d4a03561bcee16c1b7,kotlin,java,PASS,PASS,PASS,PASS,PASS,PASS,SKIP,SKIP,SKIP,DIRECT,
64a5c26b3debd7718a01b5c3d6d314d3a68769c7c89c72d4a03561bcee16c1b7,kotlin,kotlin,PASS,PASS,PASS,PASS,PASS,PASS,SKIP,SKIP,SKIP,DIRECT,
64a5c26b3debd7718a01b5c3d6d314d3a68769c7c89c72d4a03561bcee16c1b7,kotlin,swift,PASS,PASS,PASS,PASS,PASS,PASS,SKIP,SKIP,SKIP,DIRECT,
349ceebb28b570e2d2afe2044652fdf57ab1d15e179677b34e0c84d5307c6da0,kotlin,r,PASS,PASS,PASS,PASS,PASS,PASS,SKIP,SKIP,SKIP,DIRECT,
349ceebb28b570e2d2afe2044652fdf57ab1d15e179677b34e0c84d5307c6da0,kotlin,go,PASS,PASS,PASS,PASS,PASS,PASS,SKIP,SKIP,SKIP,DIRECT,
349ceebb28b570e2d2afe2044652fdf57ab1d15e179677b34e0c84d5307c6da0,kotlin,rust,PASS,PASS,PASS,PASS,PASS,PASS,SKIP,SKIP,SKIP,DIRECT,
349ceebb28b570e2d2afe2044652fdf57ab1d15e179677b34e0c84d5307c6da0,kotlin,cpp,PASS,PASS,PASS,PASS,PASS,PASS,SKIP,SKIP,SKIP,DIRECT,
349ceebb28b570e2d2afe2044652fdf57ab1d15e179677b34e0c84d5307c6da0,kotlin,c,PASS,PASS,PASS,PASS,PASS,PASS,SKIP,SKIP,SKIP,DIRECT,
349ceebb28b570e2d2afe2044652fdf57ab1d15e179677b34e0c84d5307c6da0,kotlin,python,PASS,PASS,PASS,PASS,PASS,PASS,SKIP,SKIP,SKIP,DIRECT,
349ceebb28b570e2d2afe2044652fdf57ab1d15e179677b34e0c84d5307c6da0,kotlin,zig,PASS,PASS,PASS,PASS,PASS,PASS,SKIP,SKIP,SKIP,DIRECT,
349ceebb28b570e2d2afe2044652fdf57ab1d15e179677b34e0c84d5307c6da0,kotlin,julia,PASS,PASS,PASS,PASS,PASS,PASS,SKIP,SKIP,SKIP,DIRECT,
349ceebb28b570e2d2afe2044652fdf57ab1d15e179677b34e0c84d5307c6da0,kotlin,nim,PASS,PASS,PASS,PASS,PASS,PASS,SKIP,SKIP,SKIP,DIRECT,
349ceebb28b570e2d2afe2044652fdf57ab1d15e179677b34e0c84d5307c6da0,kotlin,csharp,PASS,PASS,PASS,PASS,PASS,PASS,SKIP,SKIP,SKIP,DIRECT,
349ceebb28b570e2d2afe2044652fdf57ab1d15e179677b34e0c84d5307c6da0,kotlin,java,PASS,PASS,PASS,PASS,PASS,PASS,SKIP,SKIP,SKIP,DIRECT,
349ceebb28b570e2d2afe2044652fdf57ab1d15e179677b34e0c84d5307c6da0,kotlin,kotlin,PASS,PASS,PASS,PASS,PASS,PASS,SKIP,SKIP,SKIP,DIRECT,
349ceebb28b570e2d2afe2044652fdf57ab1d15e179677b34e0c84d5307c6da0,kotlin,swift,PASS,PASS,PASS,PASS,PASS,PASS,SKIP,SKIP,SKIP,DIRECT,
49530fad84c974055359dfad477faf08594be772506b5b4fca4f38304973027d,kotlin,r,PASS,PASS,PASS,PASS,PASS,PASS,SKIP,SKIP,SKIP,DIRECT,
49530fad84c974055359dfad477faf08594be772506b5b4fca4f38304973027d,kotlin,go,PASS,PASS,PASS,PASS,PASS,PASS,SKIP,SKIP,SKIP,DIRECT,
49530fad84c974055359dfad477faf08594be772506b5b4fca4f38304973027d,kotlin,rust,PASS,PASS,PASS,PASS,PASS,PASS,SKIP,SKIP,SKIP,DIRECT,
49530fad84c974055359dfad477faf08594be772506b5b4fca4f38304973027d,kotlin,cpp,PASS,PASS,PASS,PASS,PASS,PASS,SKIP,SKIP,SKIP,DIRECT,
49530fad84c974055359dfad477faf08594be772506b5b4fca4f38304973027d,kotlin,c,PASS,PASS,PASS,PASS,PASS,PASS,SKIP,SKIP,SKIP,DIRECT,
49530fad84c974055359dfad477faf08594be772506b5b4fca4f38304973027d,kotlin,python,PASS,PASS,PASS,PASS,PASS,PASS,SKIP,SKIP,SKIP,DIRECT,
49530fad84c974055359dfad477faf08594be772506b5b4fca4f38304973027d,kotlin,zig,PASS,PASS,PASS,PASS,PASS,PASS,SKIP,SKIP,SKIP,DIRECT,
49530fad84c974055359dfad477faf08594be772506b5b4fca4f38304973027d,kotlin,julia,PASS,PASS,PASS,PASS,PASS,PASS,SKIP,SKIP,SKIP,DIRECT,
49530fad84c974055359dfad477faf08594be772506b5b4fca4f38304973027d,kotlin,nim,PASS,PASS,PASS,PASS,PASS,PASS,SKIP,SKIP,SKIP,DIRECT,
49530fad84c974055359dfad477faf08594be772506b5b4fca4f38304973027d,kotlin,csharp,PASS,PASS,PASS,PASS,PASS,PASS,SKIP,SKIP,SKIP,DIRECT,
49530fad84c974055359dfad477faf08594be772506b5b4fca4f38304973027d,kotlin,java,PASS,PASS,PASS,PASS,PASS,PASS,SKIP,SKIP,SKIP,DIRECT,
49530fad84c974055359dfad477faf08594be772506b5b4fca4f38304973027d,kotlin,kotlin,PASS,PASS,PASS,PASS,PASS,PASS,SKIP,SKIP,SKIP,DIRECT,
49530fad84c974055359dfad477faf08594be772506b5b4fca4f38304973027d,kotlin,swift,PASS,PASS,PASS,PASS,PASS,PASS,SKIP,SKIP,SKIP,DIRECT,
cea7109c77aa736e6c187e819a804cfe7eeb54938b4d92d122224e52243d5697,kotlin,r,PASS,PASS,PASS,PASS,PASS,PASS,SKIP,SKIP,SKIP,DIRECT,
cea7109c77aa736e6c187e819a804cfe7eeb54938b4d92d122224e52243d5697,kotlin,go,PASS,PASS,PASS,PASS,PASS,PASS,SKIP,SKIP,SKIP,DIRECT,
cea7109c77aa736e6c187e819a804cfe7eeb54938b4d92d122224e52243d5697,kotlin,rust,PASS,PASS,PASS,PASS,PASS,PASS,SKIP,SKIP,SKIP,DIRECT,
cea7109c77aa736e6c187e819a804cfe7eeb54938b4d92d122224e52243d5697,kotlin,cpp,PASS,PASS,PASS,PASS,PASS,PASS,SKIP,SKIP,SKIP,DIRECT,
cea7109c77aa736e6c187e819a804cfe7eeb54938b4d92d122224e52243d5697,kotlin,c,PASS,PASS,PASS,PASS,PASS,PASS,SKIP,SKIP,SKIP,DIRECT,
cea7109c77aa736e6c187e819a804cfe7eeb54938b4d92d122224e52243d5697,kotlin,python,PASS,PASS,PASS,PASS,PASS,PASS,SKIP,SKIP,SKIP,DIRECT,
cea7109c77aa736e6c187e819a804cfe7eeb54938b4d92d122224e52243d5697,kotlin,zig,PASS,PASS,PASS,PASS,PASS,PASS,SKIP,SKIP,SKIP,DIRECT,
cea7109c77aa736e6c187e819a804cfe7eeb54938b4d92d122224e52243d5697,kotlin,julia,PASS,PASS,PASS,PASS,PASS,PASS,SKIP,SKIP,SKIP,DIRECT,
cea7109c77aa736e6c187e819a804cfe7eeb54938b4d92d122224e52243d5697,kotlin,nim,PASS,PASS,PASS,PASS,PASS,PASS,SKIP,SKIP,SKIP,DIRECT,
cea7109c77aa736e6c187e819a804cfe7eeb54938b4d92d122224e52243d5697,kotlin,csharp,PASS,PASS,PASS,PASS,PASS,PASS,SKIP,SKIP,SKIP,DIRECT,
cea7109c77aa736e6c187e819a804cfe7eeb54938b4d92d122224e52243d5697,kotlin,java,PASS,PASS,PASS,PASS,PASS,PASS,SKIP,SKIP,SKIP,DIRECT,
cea7109c77aa736e6c187e819a804cfe7eeb54938b4d92d122224e52243d5697,kotlin,kotlin,PASS,PASS,PASS,PASS,PASS,PASS,SKIP,SKIP,SKIP,DIRECT,
cea7109c77aa736e6c187e819a804cfe7eeb54938b4d92d122224e52243d5697,kotlin,swift,PASS,PASS,PASS,PASS,PASS,PASS,SKIP,SKIP,SKIP,DIRECT,
9a50b922fc31f9be4e868b1e6cd2e235bddf3116e336aad6a7a84ee760120887,kotlin,r,PASS,PASS,PASS,PASS,FAIL,SKIP,SKIP,SKIP,SKIP,DIRECT,"universal node 1 lacks required ""expression"" child"
9a50b922fc31f9be4e868b1e6cd2e235bddf3116e336aad6a7a84ee760120887,kotlin,go,PASS,PASS,PASS,PASS,FAIL,SKIP,SKIP,SKIP,SKIP,DIRECT,DIRECT_NATIVE_UNAVAILABLE: unsupported UAST node OperationExpr/1
9a50b922fc31f9be4e868b1e6cd2e235bddf3116e336aad6a7a84ee760120887,kotlin,rust,PASS,PASS,PASS,PASS,FAIL,SKIP,SKIP,SKIP,SKIP,DIRECT,DIRECT_NATIVE_UNAVAILABLE: unsupported UAST node OperationExpr/1
9a50b922fc31f9be4e868b1e6cd2e235bddf3116e336aad6a7a84ee760120887,kotlin,cpp,PASS,PASS,PASS,PASS,FAIL,SKIP,SKIP,SKIP,SKIP,DIRECT,DIRECT_NATIVE_UNAVAILABLE: unsupported UAST node OperationExpr/1
9a50b922fc31f9be4e868b1e6cd2e235bddf3116e336aad6a7a84ee760120887,kotlin,c,PASS,PASS,PASS,PASS,FAIL,SKIP,SKIP,SKIP,SKIP,DIRECT,DIRECT_NATIVE_UNAVAILABLE: unsupported UAST node OperationExpr/1
9a50b922fc31f9be4e868b1e6cd2e235bddf3116e336aad6a7a84ee760120887,kotlin,python,PASS,PASS,PASS,PASS,FAIL,SKIP,SKIP,SKIP,SKIP,DIRECT,DIRECT_NATIVE_UNAVAILABLE: unsupported UAST node OperationExpr/1
9a50b922fc31f9be4e868b1e6cd2e235bddf3116e336aad6a7a84ee760120887,kotlin,zig,PASS,PASS,PASS,PASS,FAIL,SKIP,SKIP,SKIP,SKIP,DIRECT,DIRECT_NATIVE_UNAVAILABLE: unsupported UAST node OperationExpr/1
9a50b922fc31f9be4e868b1e6cd2e235bddf3116e336aad6a7a84ee760120887,kotlin,julia,PASS,PASS,PASS,PASS,FAIL,SKIP,SKIP,SKIP,SKIP,DIRECT,DIRECT_NATIVE_UNAVAILABLE: unsupported UAST node OperationExpr/1
9a50b922fc31f9be4e868b1e6cd2e235bddf3116e336aad6a7a84ee760120887,kotlin,nim,PASS,PASS,PASS,PASS,FAIL,SKIP,SKIP,SKIP,SKIP,DIRECT,DIRECT_NATIVE_UNAVAILABLE: unsupported UAST node OperationExpr/1
9a50b922fc31f9be4e868b1e6cd2e235bddf3116e336aad6a7a84ee760120887,kotlin,csharp,PASS,PASS,PASS,PASS,FAIL,SKIP,SKIP,SKIP,SKIP,DIRECT,DIRECT_NATIVE_UNAVAILABLE: unsupported UAST node OperationExpr/1
9a50b922fc31f9be4e868b1e6cd2e235bddf3116e336aad6a7a84ee760120887,kotlin,java,PASS,PASS,PASS,PASS,FAIL,SKIP,SKIP,SKIP,SKIP,DIRECT,DIRECT_NATIVE_UNAVAILABLE: unsupported UAST node OperationExpr/1
9a50b922fc31f9be4e868b1e6cd2e235bddf3116e336aad6a7a84ee760120887,kotlin,kotlin,PASS,PASS,PASS,PASS,FAIL,SKIP,SKIP,SKIP,SKIP,DIRECT,DIRECT_NATIVE_UNAVAILABLE: unsupported UAST node OperationExpr/1
9a50b922fc31f9be4e868b1e6cd2e235bddf3116e336aad6a7a84ee760120887,kotlin,swift,PASS,PASS,PASS,PASS,FAIL,SKIP,SKIP,SKIP,SKIP,DIRECT,DIRECT_NATIVE_UNAVAILABLE: unsupported UAST node OperationExpr/1
82aaec6a65a510b0ccd3eca9ca2b5cd9f55a19c0b0aa6851b1cfe78ba7d7e55f,kotlin,r,PASS,PASS,PASS,PASS,PASS,PASS,SKIP,SKIP,SKIP,DIRECT,
82aaec6a65a510b0ccd3eca9ca2b5cd9f55a19c0b0aa6851b1cfe78ba7d7e55f,kotlin,go,PASS,PASS,PASS,PASS,PASS,PASS,SKIP,SKIP,SKIP,DIRECT,
82aaec6a65a510b0ccd3eca9ca2b5cd9f55a19c0b0aa6851b1cfe78ba7d7e55f,kotlin,rust,PASS,PASS,PASS,PASS,PASS,PASS,SKIP,SKIP,SKIP,DIRECT,
82aaec6a65a510b0ccd3eca9ca2b5cd9f55a19c0b0aa6851b1cfe78ba7d7e55f,kotlin,cpp,PASS,PASS,PASS,PASS,PASS,PASS,SKIP,SKIP,SKIP,DIRECT,
82aaec6a65a510b0ccd3eca9ca2b5cd9f55a19c0b0aa6851b1cfe78ba7d7e55f,kotlin,c,PASS,PASS,PASS,PASS,PASS,PASS,SKIP,SKIP,SKIP,DIRECT,
82aaec6a65a510b0ccd3eca9ca2b5cd9f55a19c0b0aa6851b1cfe78ba7d7e55f,kotlin,python,PASS,PASS,PASS,PASS,PASS,PASS,SKIP,SKIP,SKIP,DIRECT,
82aaec6a65a510b0ccd3eca9ca2b5cd9f55a19c0b0aa6851b1cfe78ba7d7e55f,kotlin,zig,PASS,PASS,PASS,PASS,PASS,PASS,SKIP,SKIP,SKIP,DIRECT,
82aaec6a65a510b0ccd3eca9ca2b5cd9f55a19c0b0aa6851b1cfe78ba7d7e55f,kotlin,julia,PASS,PASS,PASS,PASS,PASS,PASS,SKIP,SKIP,SKIP,DIRECT,
82aaec6a65a510b0ccd3eca9ca2b5cd9f55a19c0b0aa6851b1cfe78ba7d7e55f,kotlin,nim,PASS,PASS,PASS,PASS,PASS,PASS,SKIP,SKIP,SKIP,DIRECT,
82aaec6a65a510b0ccd3eca9ca2b5cd9f55a19c0b0aa6851b1cfe78ba7d7e55f,kotlin,csharp,PASS,PASS,PASS,PASS,PASS,PASS,SKIP,SKIP,SKIP,DIRECT,
82aaec6a65a510b0ccd3eca9ca2b5cd9f55a19c0b0aa6851b1cfe78ba7d7e55f,kotlin,java,PASS,PASS,PASS,PASS,PASS,PASS,SKIP,SKIP,SKIP,DIRECT,
82aaec6a65a510b0ccd3eca9ca2b5cd9f55a19c0b0aa6851b1cfe78ba7d7e55f,kotlin,kotlin,PASS,PASS,PASS,PASS,PASS,PASS,SKIP,SKIP,SKIP,DIRECT,
82aaec6a65a510b0ccd3eca9ca2b5cd9f55a19c0b0aa6851b1cfe78ba7d7e55f,kotlin,swift,PASS,PASS,PASS,PASS,PASS,PASS,SKIP,SKIP,SKIP,DIRECT,
827703d7f330e6189ca16768e8cfee7a6ba83c4aac3204b4ef0450ad78cb5a52,kotlin,r,PASS,PASS,PASS,PASS,PASS,PASS,SKIP,SKIP,SKIP,DIRECT,
827703d7f330e6189ca16768e8cfee7a6ba83c4aac3204b4ef0450ad78cb5a52,kotlin,go,PASS,PASS,PASS,PASS,PASS,PASS,SKIP,SKIP,SKIP,DIRECT,
827703d7f330e6189ca16768e8cfee7a6ba83c4aac3204b4ef0450ad78cb5a52,kotlin,rust,PASS,PASS,PASS,PASS,PASS,PASS,SKIP,SKIP,SKIP,DIRECT,
827703d7f330e6189ca16768e8cfee7a6ba83c4aac3204b4ef0450ad78cb5a52,kotlin,cpp,PASS,PASS,PASS,PASS,PASS,PASS,SKIP,SKIP,SKIP,DIRECT,
827703d7f330e6189ca16768e8cfee7a6ba83c4aac3204b4ef0450ad78cb5a52,kotlin,c,PASS,PASS,PASS,PASS,PASS,PASS,SKIP,SKIP,SKIP,DIRECT,
827703d7f330e6189ca16768e8cfee7a6ba83c4aac3204b4ef0450ad78cb5a52,kotlin,python,PASS,PASS,PASS,PASS,PASS,PASS,SKIP,SKIP,SKIP,DIRECT,
827703d7f330e6189ca16768e8cfee7a6ba83c4aac3204b4ef0450ad78cb5a52,kotlin,zig,PASS,PASS,PASS,PASS,PASS,PASS,SKIP,SKIP,SKIP,DIRECT,
827703d7f330e6189ca16768e8cfee7a6ba83c4aac3204b4ef0450ad78cb5a52,kotlin,julia,PASS,PASS,PASS,PASS,PASS,PASS,SKIP,SKIP,SKIP,DIRECT,
827703d7f330e6189ca16768e8cfee7a6ba83c4aac3204b4ef0450ad78cb5a52,kotlin,nim,PASS,PASS,PASS,PASS,PASS,PASS,SKIP,SKIP,SKIP,DIRECT,
827703d7f330e6189ca16768e8cfee7a6ba83c4aac3204b4ef0450ad78cb5a52,kotlin,csharp,PASS,PASS,PASS,PASS,PASS,PASS,SKIP,SKIP,SKIP,DIRECT,
827703d7f330e6189ca16768e8cfee7a6ba83c4aac3204b4ef0450ad78cb5a52,kotlin,java,PASS,PASS,PASS,PASS,PASS,PASS,SKIP,SKIP,SKIP,DIRECT,
827703d7f330e6189ca16768e8cfee7a6ba83c4aac3204b4ef0450ad78cb5a52,kotlin,kotlin,PASS,PASS,PASS,PASS,PASS,PASS,SKIP,SKIP,SKIP,DIRECT,
827703d7f330e6189ca16768e8cfee7a6ba83c4aac3204b4ef0450ad78cb5a52,kotlin,swift,PASS,PASS,PASS,PASS,PASS,PASS,SKIP,SKIP,SKIP,DIRECT,
2b97b26a7c48ae4ac1b629713196df3b46bbf9527910a39e03d665260ef9cd19,kotlin,r,PASS,PASS,PASS,PASS,PASS,PASS,SKIP,SKIP,SKIP,DIRECT,
2b97b26a7c48ae4ac1b629713196df3b46bbf9527910a39e03d665260ef9cd19,kotlin,go,PASS,PASS,PASS,PASS,PASS,PASS,SKIP,SKIP,SKIP,DIRECT,
2b97b26a7c48ae4ac1b629713196df3b46bbf9527910a39e03d665260ef9cd19,kotlin,rust,PASS,PASS,PASS,PASS,PASS,PASS,SKIP,SKIP,SKIP,DIRECT,
2b97b26a7c48ae4ac1b629713196df3b46bbf9527910a39e03d665260ef9cd19,kotlin,cpp,PASS,PASS,PASS,PASS,PASS,PASS,SKIP,SKIP,SKIP,DIRECT,
2b97b26a7c48ae4ac1b629713196df3b46bbf9527910a39e03d665260ef9cd19,kotlin,c,PASS,PASS,PASS,PASS,PASS,PASS,SKIP,SKIP,SKIP,DIRECT,
2b97b26a7c48ae4ac1b629713196df3b46bbf9527910a39e03d665260ef9cd19,kotlin,python,PASS,PASS,PASS,PASS,PASS,PASS,SKIP,SKIP,SKIP,DIRECT,
2b97b26a7c48ae4ac1b629713196df3b46bbf9527910a39e03d665260ef9cd19,kotlin,zig,PASS,PASS,PASS,PASS,PASS,PASS,SKIP,SKIP,SKIP,DIRECT,
2b97b26a7c48ae4ac1b629713196df3b46bbf9527910a39e03d665260ef9cd19,kotlin,julia,PASS,PASS,PASS,PASS,PASS,PASS,SKIP,SKIP,SKIP,DIRECT,
2b97b26a7c48ae4ac1b629713196df3b46bbf9527910a39e03d665260ef9cd19,kotlin,nim,PASS,PASS,PASS,PASS,PASS,PASS,SKIP,SKIP,SKIP,DIRECT,
2b97b26a7c48ae4ac1b629713196df3b46bbf9527910a39e03d665260ef9cd19,kotlin,csharp,PASS,PASS,PASS,PASS,PASS,PASS,SKIP,SKIP,SKIP,DIRECT,
2b97b26a7c48ae4ac1b629713196df3b46bbf9527910a39e03d665260ef9cd19,kotlin,java,PASS,PASS,PASS,PASS,PASS,PASS,SKIP,SKIP,SKIP,DIRECT,
2b97b26a7c48ae4ac1b629713196df3b46bbf9527910a39e03d665260ef9cd19,kotlin,kotlin,PASS,PASS,PASS,PASS,PASS,PASS,SKIP,SKIP,SKIP,DIRECT,
2b97b26a7c48ae4ac1b629713196df3b46bbf9527910a39e03d665260ef9cd19,kotlin,swift,PASS,PASS,PASS,PASS,PASS,PASS,SKIP,SKIP,SKIP,DIRECT,
67a08bda650c340272cd778209c092724c723050a2e1cef160139a66fdc50fc1,kotlin,r,PASS,PASS,PASS,PASS,FAIL,SKIP,SKIP,SKIP,SKIP,DIRECT,"universal node 8 lacks required ""expression"" child"
67a08bda650c340272cd778209c092724c723050a2e1cef160139a66fdc50fc1,kotlin,go,PASS,PASS,PASS,PASS,PASS,PASS,SKIP,SKIP,SKIP,DIRECT,
67a08bda650c340272cd778209c092724c723050a2e1cef160139a66fdc50fc1,kotlin,rust,PASS,PASS,PASS,PASS,PASS,PASS,SKIP,SKIP,SKIP,DIRECT,
67a08bda650c340272cd778209c092724c723050a2e1cef160139a66fdc50fc1,kotlin,cpp,PASS,PASS,PASS,PASS,PASS,PASS,SKIP,SKIP,SKIP,DIRECT,
67a08bda650c340272cd778209c092724c723050a2e1cef160139a66fdc50fc1,kotlin,c,PASS,PASS,PASS,PASS,PASS,PASS,SKIP,SKIP,SKIP,DIRECT,
67a08bda650c340272cd778209c092724c723050a2e1cef160139a66fdc50fc1,kotlin,python,PASS,PASS,PASS,PASS,PASS,PASS,SKIP,SKIP,SKIP,DIRECT,
67a08bda650c340272cd778209c092724c723050a2e1cef160139a66fdc50fc1,kotlin,zig,PASS,PASS,PASS,PASS,PASS,PASS,SKIP,SKIP,SKIP,DIRECT,
67a08bda650c340272cd778209c092724c723050a2e1cef160139a66fdc50fc1,kotlin,julia,PASS,PASS,PASS,PASS,PASS,PASS,SKIP,SKIP,SKIP,DIRECT,
67a08bda650c340272cd778209c092724c723050a2e1cef160139a66fdc50fc1,kotlin,nim,PASS,PASS,PASS,PASS,PASS,PASS,SKIP,SKIP,SKIP,DIRECT,
67a08bda650c340272cd778209c092724c723050a2e1cef160139a66fdc50fc1,kotlin,csharp,PASS,PASS,PASS,PASS,PASS,PASS,SKIP,SKIP,SKIP,DIRECT,
67a08bda650c340272cd778209c092724c723050a2e1cef160139a66fdc50fc1,kotlin,java,PASS,PASS,PASS,PASS,PASS,PASS,SKIP,SKIP,SKIP,DIRECT,
67a08bda650c340272cd778209c092724c723050a2e1cef160139a66fdc50fc1,kotlin,kotlin,PASS,PASS,PASS,PASS,PASS,PASS,SKIP,SKIP,SKIP,DIRECT,
67a08bda650c340272cd778209c092724c723050a2e1cef160139a66fdc50fc1,kotlin,swift,PASS,PASS,PASS,PASS,PASS,PASS,SKIP,SKIP,SKIP,DIRECT,
421e19843b7373a9e793ce5d2558e6bf00336945fc7b8b4d001bf2209f25e5cb,kotlin,r,PASS,PASS,PASS,PASS,PASS,PASS,SKIP,SKIP,SKIP,DIRECT,
421e19843b7373a9e793ce5d2558e6bf00336945fc7b8b4d001bf2209f25e5cb,kotlin,go,PASS,PASS,PASS,PASS,PASS,PASS,SKIP,SKIP,SKIP,DIRECT,
421e19843b7373a9e793ce5d2558e6bf00336945fc7b8b4d001bf2209f25e5cb,kotlin,rust,PASS,PASS,PASS,PASS,PASS,PASS,SKIP,SKIP,SKIP,DIRECT,
421e19843b7373a9e793ce5d2558e6bf00336945fc7b8b4d001bf2209f25e5cb,kotlin,cpp,PASS,PASS,PASS,PASS,PASS,PASS,SKIP,SKIP,SKIP,DIRECT,
421e19843b7373a9e793ce5d2558e6bf00336945fc7b8b4d001bf2209f25e5cb,kotlin,c,PASS,PASS,PASS,PASS,PASS,PASS,SKIP,SKIP,SKIP,DIRECT,
421e19843b7373a9e793ce5d2558e6bf00336945fc7b8b4d001bf2209f25e5cb,kotlin,python,PASS,PASS,PASS,PASS,PASS,PASS,SKIP,SKIP,SKIP,DIRECT,
421e19843b7373a9e793ce5d2558e6bf00336945fc7b8b4d001bf2209f25e5cb,kotlin,zig,PASS,PASS,PASS,PASS,PASS,PASS,SKIP,SKIP,SKIP,DIRECT,
421e19843b7373a9e793ce5d2558e6bf00336945fc7b8b4d001bf2209f25e5cb,kotlin,julia,PASS,PASS,PASS,PASS,PASS,PASS,SKIP,SKIP,SKIP,DIRECT,
421e19843b7373a9e793ce5d2558e6bf00336945fc7b8b4d001bf2209f25e5cb,kotlin,nim,PASS,PASS,PASS,PASS,PASS,PASS,SKIP,SKIP,SKIP,DIRECT,
421e19843b7373a9e793ce5d2558e6bf00336945fc7b8b4d001bf2209f25e5cb,kotlin,csharp,PASS,PASS,PASS,PASS,PASS,PASS,SKIP,SKIP,SKIP,DIRECT,
421e19843b7373a9e793ce5d2558e6bf00336945fc7b8b4d001bf2209f25e5cb,kotlin,java,PASS,PASS,PASS,PASS,PASS,PASS,SKIP,SKIP,SKIP,DIRECT,
421e19843b7373a9e793ce5d2558e6bf00336945fc7b8b4d001bf2209f25e5cb,kotlin,kotlin,PASS,PASS,PASS,PASS,PASS,PASS,SKIP,SKIP,SKIP,DIRECT,
421e19843b7373a9e793ce5d2558e6bf00336945fc7b8b4d001bf2209f25e5cb,kotlin,swift,PASS,PASS,PASS,PASS,PASS,PASS,SKIP,SKIP,SKIP,DIRECT,
e337993cf034420ef092898444abd3eed138447a9b91f6b69eba1f6a669cf9f0,kotlin,r,PASS,PASS,PASS,PASS,PASS,PASS,SKIP,SKIP,SKIP,DIRECT,
e337993cf034420ef092898444abd3eed138447a9b91f6b69eba1f6a669cf9f0,kotlin,go,PASS,PASS,PASS,PASS,PASS,PASS,SKIP,SKIP,SKIP,DIRECT,
e337993cf034420ef092898444abd3eed138447a9b91f6b69eba1f6a669cf9f0,kotlin,rust,PASS,PASS,PASS,PASS,PASS,PASS,SKIP,SKIP,SKIP,DIRECT,
e337993cf034420ef092898444abd3eed138447a9b91f6b69eba1f6a669cf9f0,kotlin,cpp,PASS,PASS,PASS,PASS,PASS,PASS,SKIP,SKIP,SKIP,DIRECT,
e337993cf034420ef092898444abd3eed138447a9b91f6b69eba1f6a669cf9f0,kotlin,c,PASS,PASS,PASS,PASS,PASS,PASS,SKIP,SKIP,SKIP,DIRECT,
e337993cf034420ef092898444abd3eed138447a9b91f6b69eba1f6a669cf9f0,kotlin,python,PASS,PASS,PASS,PASS,PASS,PASS,SKIP,SKIP,SKIP,DIRECT,
e337993cf034420ef092898444abd3eed138447a9b91f6b69eba1f6a669cf9f0,kotlin,zig,PASS,PASS,PASS,PASS,PASS,PASS,SKIP,SKIP,SKIP,DIRECT,
e337993cf034420ef092898444abd3eed138447a9b91f6b69eba1f6a669cf9f0,kotlin,julia,PASS,PASS,PASS,PASS,PASS,PASS,SKIP,SKIP,SKIP,DIRECT,
e337993cf034420ef092898444abd3eed138447a9b91f6b69eba1f6a669cf9f0,kotlin,nim,PASS,PASS,PASS,PASS,PASS,PASS,SKIP,SKIP,SKIP,DIRECT,
e337993cf034420ef092898444abd3eed138447a9b91f6b69eba1f6a669cf9f0,kotlin,csharp,PASS,PASS,PASS,PASS,PASS,PASS,SKIP,SKIP,SKIP,DIRECT,
e337993cf034420ef092898444abd3eed138447a9b91f6b69eba1f6a669cf9f0,kotlin,java,PASS,PASS,PASS,PASS,PASS,PASS,SKIP,SKIP,SKIP,DIRECT,
e337993cf034420ef092898444abd3eed138447a9b91f6b69eba1f6a669cf9f0,kotlin,kotlin,PASS,PASS,PASS,PASS,PASS,PASS,SKIP,SKIP,SKIP,DIRECT,
e337993cf034420ef092898444abd3eed138447a9b91f6b69eba1f6a669cf9f0,kotlin,swift,PASS,PASS,PASS,PASS,PASS,PASS,SKIP,SKIP,SKIP,DIRECT,
a5119af7dabfd1387c215335c667a8b82289237d651ea98eacb27947fd2fdcef,kotlin,r,PASS,PASS,PASS,PASS,PASS,PASS,SKIP,SKIP,SKIP,DIRECT,
a5119af7dabfd1387c215335c667a8b82289237d651ea98eacb27947fd2fdcef,kotlin,go,PASS,PASS,PASS,PASS,PASS,PASS,SKIP,SKIP,SKIP,DIRECT,
a5119af7dabfd1387c215335c667a8b82289237d651ea98eacb27947fd2fdcef,kotlin,rust,PASS,PASS,PASS,PASS,FAIL,SKIP,SKIP,SKIP,SKIP,DIRECT,"DIRECT_NATIVE_UNAVAILABLE: target rust emitted invalid syntax (other: error: expected identifier, found keyword `enum` --> C:\Users\tarek\AppData\Local\Temp\codetranspiler-syntax-1382074890\program.rs:3:13 | 3 | let mut enum = || { | ^^^^ e"
a5119af7dabfd1387c215335c667a8b82289237d651ea98eacb27947fd2fdcef,kotlin,cpp,PASS,PASS,PASS,PASS,FAIL,SKIP,SKIP,SKIP,SKIP,DIRECT,DIRECT_NATIVE_UNAVAILABLE: target cpp emitted invalid syntax (other: C:\Users\tarek\AppData\Local\Temp\codetranspiler-syntax-1876482949\program.cpp: In function 'int main()': C:\Users\tarek\AppData\Local\Temp\codetranspiler-syntax-187648294
a5119af7dabfd1387c215335c667a8b82289237d651ea98eacb27947fd2fdcef,kotlin,c,PASS,PASS,PASS,PASS,FAIL,SKIP,SKIP,SKIP,SKIP,DIRECT,DIRECT_NATIVE_UNAVAILABLE: target c closure captures require runtime
a5119af7dabfd1387c215335c667a8b82289237d651ea98eacb27947fd2fdcef,kotlin,python,PASS,PASS,PASS,PASS,FAIL,SKIP,SKIP,SKIP,SKIP,DIRECT,"DIRECT_NATIVE_UNAVAILABLE: target python emitted invalid syntax (other: Sorry: IndentationError: expected an indented block after function definition on line 2 (program.py, line 2))"
a5119af7dabfd1387c215335c667a8b82289237d651ea98eacb27947fd2fdcef,kotlin,zig,PASS,PASS,PASS,PASS,PASS,PASS,SKIP,SKIP,SKIP,DIRECT,
a5119af7dabfd1387c215335c667a8b82289237d651ea98eacb27947fd2fdcef,kotlin,julia,PASS,PASS,PASS,PASS,PASS,PASS,SKIP,SKIP,SKIP,DIRECT,
a5119af7dabfd1387c215335c667a8b82289237d651ea98eacb27947fd2fdcef,kotlin,nim,PASS,PASS,PASS,PASS,PASS,PASS,SKIP,SKIP,SKIP,DIRECT,
a5119af7dabfd1387c215335c667a8b82289237d651ea98eacb27947fd2fdcef,kotlin,csharp,PASS,PASS,PASS,PASS,PASS,PASS,SKIP,SKIP,SKIP,DIRECT,
a5119af7dabfd1387c215335c667a8b82289237d651ea98eacb27947fd2fdcef,kotlin,java,PASS,PASS,PASS,PASS,FAIL,SKIP,SKIP,SKIP,SKIP,DIRECT,"DIRECT_NATIVE_UNAVAILABLE: target java emitted invalid syntax (other: C:\Users\tarek\AppData\Local\Temp\codetranspiler-syntax-901445564\Main.java:5: Fehler: Ab Release 5 ist ""enum"" ein Schlüsselwort und kann nicht als ID verwendet werden ja"
a5119af7dabfd1387c215335c667a8b82289237d651ea98eacb27947fd2fdcef,kotlin,kotlin,PASS,PASS,PASS,PASS,PASS,PASS,SKIP,SKIP,SKIP,DIRECT,
a5119af7dabfd1387c215335c667a8b82289237d651ea98eacb27947fd2fdcef,kotlin,swift,PASS,PASS,PASS,PASS,PASS,PASS,SKIP,SKIP,SKIP,DIRECT,
a6d9cf8354607562510e1870d241142ae2ea919d6f71b95b9375879ce4ea0aba,kotlin,r,PASS,PASS,PASS,PASS,PASS,PASS,SKIP,SKIP,SKIP,DIRECT,
a6d9cf8354607562510e1870d241142ae2ea919d6f71b95b9375879ce4ea0aba,kotlin,go,PASS,PASS,PASS,PASS,PASS,PASS,SKIP,SKIP,SKIP,DIRECT,
a6d9cf8354607562510e1870d241142ae2ea919d6f71b95b9375879ce4ea0aba,kotlin,rust,PASS,PASS,PASS,PASS,PASS,PASS,SKIP,SKIP,SKIP,DIRECT,
a6d9cf8354607562510e1870d241142ae2ea919d6f71b95b9375879ce4ea0aba,kotlin,cpp,PASS,PASS,PASS,PASS,PASS,PASS,SKIP,SKIP,SKIP,DIRECT,
a6d9cf8354607562510e1870d241142ae2ea919d6f71b95b9375879ce4ea0aba,kotlin,c,PASS,PASS,PASS,PASS,PASS,PASS,SKIP,SKIP,SKIP,DIRECT,
a6d9cf8354607562510e1870d241142ae2ea919d6f71b95b9375879ce4ea0aba,kotlin,python,PASS,PASS,PASS,PASS,PASS,PASS,SKIP,SKIP,SKIP,DIRECT,
a6d9cf8354607562510e1870d241142ae2ea919d6f71b95b9375879ce4ea0aba,kotlin,zig,PASS,PASS,PASS,PASS,PASS,PASS,SKIP,SKIP,SKIP,DIRECT,
a6d9cf8354607562510e1870d241142ae2ea919d6f71b95b9375879ce4ea0aba,kotlin,julia,PASS,PASS,PASS,PASS,PASS,PASS,SKIP,SKIP,SKIP,DIRECT,
a6d9cf8354607562510e1870d241142ae2ea919d6f71b95b9375879ce4ea0aba,kotlin,nim,PASS,PASS,PASS,PASS,PASS,PASS,SKIP,SKIP,SKIP,DIRECT,
a6d9cf8354607562510e1870d241142ae2ea919d6f71b95b9375879ce4ea0aba,kotlin,csharp,PASS,PASS,PASS,PASS,PASS,PASS,SKIP,SKIP,SKIP,DIRECT,
a6d9cf8354607562510e1870d241142ae2ea919d6f71b95b9375879ce4ea0aba,kotlin,java,PASS,PASS,PASS,PASS,PASS,PASS,SKIP,SKIP,SKIP,DIRECT,
a6d9cf8354607562510e1870d241142ae2ea919d6f71b95b9375879ce4ea0aba,kotlin,kotlin,PASS,PASS,PASS,PASS,PASS,PASS,SKIP,SKIP,SKIP,DIRECT,
a6d9cf8354607562510e1870d241142ae2ea919d6f71b95b9375879ce4ea0aba,kotlin,swift,PASS,PASS,PASS,PASS,PASS,PASS,SKIP,SKIP,SKIP,DIRECT,
759bcfa414e04e9b1b9a3b7521843d0b520bd454c0b697995d87b0b21a270c49,kotlin,r,PASS,PASS,PASS,PASS,PASS,PASS,SKIP,SKIP,SKIP,DIRECT,
759bcfa414e04e9b1b9a3b7521843d0b520bd454c0b697995d87b0b21a270c49,kotlin,go,PASS,PASS,PASS,PASS,PASS,PASS,SKIP,SKIP,SKIP,DIRECT,
759bcfa414e04e9b1b9a3b7521843d0b520bd454c0b697995d87b0b21a270c49,kotlin,rust,PASS,PASS,PASS,PASS,PASS,PASS,SKIP,SKIP,SKIP,DIRECT,
759bcfa414e04e9b1b9a3b7521843d0b520bd454c0b697995d87b0b21a270c49,kotlin,cpp,PASS,PASS,PASS,PASS,PASS,PASS,SKIP,SKIP,SKIP,DIRECT,
759bcfa414e04e9b1b9a3b7521843d0b520bd454c0b697995d87b0b21a270c49,kotlin,c,PASS,PASS,PASS,PASS,PASS,PASS,SKIP,SKIP,SKIP,DIRECT,
759bcfa414e04e9b1b9a3b7521843d0b520bd454c0b697995d87b0b21a270c49,kotlin,python,PASS,PASS,PASS,PASS,FAIL,SKIP,SKIP,SKIP,SKIP,DIRECT,"DIRECT_NATIVE_UNAVAILABLE: target python emitted invalid syntax (other: Sorry: IndentationError: expected an indented block after function definition on line 2 (program.py, line 2))"
759bcfa414e04e9b1b9a3b7521843d0b520bd454c0b697995d87b0b21a270c49,kotlin,zig,PASS,PASS,PASS,PASS,PASS,PASS,SKIP,SKIP,SKIP,DIRECT,
759bcfa414e04e9b1b9a3b7521843d0b520bd454c0b697995d87b0b21a270c49,kotlin,julia,PASS,PASS,PASS,PASS,PASS,PASS,SKIP,SKIP,SKIP,DIRECT,
759bcfa414e04e9b1b9a3b7521843d0b520bd454c0b697995d87b0b21a270c49,kotlin,nim,PASS,PASS,PASS,PASS,PASS,PASS,SKIP,SKIP,SKIP,DIRECT,
759bcfa414e04e9b1b9a3b7521843d0b520bd454c0b697995d87b0b21a270c49,kotlin,csharp,PASS,PASS,PASS,PASS,PASS,PASS,SKIP,SKIP,SKIP,DIRECT,
759bcfa414e04e9b1b9a3b7521843d0b520bd454c0b697995d87b0b21a270c49,kotlin,java,PASS,PASS,PASS,PASS,FAIL,SKIP,SKIP,SKIP,SKIP,DIRECT,DIRECT_NATIVE_UNAVAILABLE: target java emitted invalid syntax (other: C:\Users\tarek\AppData\Local\Temp\codetranspiler-syntax-4112926964\Main.java:5: Fehler: Inkompatible Typen: Ungültiger Rückgabetyp in Lambda-Ausdruck java.util.function.F
759bcfa414e04e9b1b9a3b7521843d0b520bd454c0b697995d87b0b21a270c49,kotlin,kotlin,PASS,PASS,PASS,PASS,PASS,PASS,SKIP,SKIP,SKIP,DIRECT,
759bcfa414e04e9b1b9a3b7521843d0b520bd454c0b697995d87b0b21a270c49,kotlin,swift,PASS,PASS,PASS,PASS,PASS,PASS,SKIP,SKIP,SKIP,DIRECT,
b7a9b90a6af754fa1121ee14a6a75511ffdc0a6e4b1d9e3c4bd572be2ac993be,kotlin,r,PASS,PASS,PASS,PASS,PASS,PASS,SKIP,SKIP,SKIP,DIRECT,
b7a9b90a6af754fa1121ee14a6a75511ffdc0a6e4b1d9e3c4bd572be2ac993be,kotlin,go,PASS,PASS,PASS,PASS,PASS,PASS,SKIP,SKIP,SKIP,DIRECT,
b7a9b90a6af754fa1121ee14a6a75511ffdc0a6e4b1d9e3c4bd572be2ac993be,kotlin,rust,PASS,PASS,PASS,PASS,PASS,PASS,SKIP,SKIP,SKIP,DIRECT,
b7a9b90a6af754fa1121ee14a6a75511ffdc0a6e4b1d9e3c4bd572be2ac993be,kotlin,cpp,PASS,PASS,PASS,PASS,PASS,PASS,SKIP,SKIP,SKIP,DIRECT,
b7a9b90a6af754fa1121ee14a6a75511ffdc0a6e4b1d9e3c4bd572be2ac993be,kotlin,c,PASS,PASS,PASS,PASS,PASS,PASS,SKIP,SKIP,SKIP,DIRECT,
b7a9b90a6af754fa1121ee14a6a75511ffdc0a6e4b1d9e3c4bd572be2ac993be,kotlin,python,PASS,PASS,PASS,PASS,PASS,PASS,SKIP,SKIP,SKIP,DIRECT,
b7a9b90a6af754fa1121ee14a6a75511ffdc0a6e4b1d9e3c4bd572be2ac993be,kotlin,zig,PASS,PASS,PASS,PASS,PASS,PASS,SKIP,SKIP,SKIP,DIRECT,
b7a9b90a6af754fa1121ee14a6a75511ffdc0a6e4b1d9e3c4bd572be2ac993be,kotlin,julia,PASS,PASS,PASS,PASS,PASS,PASS,SKIP,SKIP,SKIP,DIRECT,
b7a9b90a6af754fa1121ee14a6a75511ffdc0a6e4b1d9e3c4bd572be2ac993be,kotlin,nim,PASS,PASS,PASS,PASS,PASS,PASS,SKIP,SKIP,SKIP,DIRECT,
b7a9b90a6af754fa1121ee14a6a75511ffdc0a6e4b1d9e3c4bd572be2ac993be,kotlin,csharp,PASS,PASS,PASS,PASS,PASS,PASS,SKIP,SKIP,SKIP,DIRECT,
b7a9b90a6af754fa1121ee14a6a75511ffdc0a6e4b1d9e3c4bd572be2ac993be,kotlin,java,PASS,PASS,PASS,PASS,PASS,PASS,SKIP,SKIP,SKIP,DIRECT,
b7a9b90a6af754fa1121ee14a6a75511ffdc0a6e4b1d9e3c4bd572be2ac993be,kotlin,kotlin,PASS,PASS,PASS,PASS,PASS,PASS,SKIP,SKIP,SKIP,DIRECT,
b7a9b90a6af754fa1121ee14a6a75511ffdc0a6e4b1d9e3c4bd572be2ac993be,kotlin,swift,PASS,PASS,PASS,PASS,PASS,PASS,SKIP,SKIP,SKIP,DIRECT,
ff501705f4d4594cd57710b5f8e266edfc056c8e43f3cfac5e6c85a37f09581c,kotlin,r,PASS,PASS,PASS,PASS,PASS,PASS,SKIP,SKIP,SKIP,DIRECT,
ff501705f4d4594cd57710b5f8e266edfc056c8e43f3cfac5e6c85a37f09581c,kotlin,go,PASS,PASS,PASS,PASS,PASS,PASS,SKIP,SKIP,SKIP,DIRECT,
ff501705f4d4594cd57710b5f8e266edfc056c8e43f3cfac5e6c85a37f09581c,kotlin,rust,PASS,PASS,PASS,PASS,PASS,PASS,SKIP,SKIP,SKIP,DIRECT,
ff501705f4d4594cd57710b5f8e266edfc056c8e43f3cfac5e6c85a37f09581c,kotlin,cpp,PASS,PASS,PASS,PASS,PASS,PASS,SKIP,SKIP,SKIP,DIRECT,
ff501705f4d4594cd57710b5f8e266edfc056c8e43f3cfac5e6c85a37f09581c,kotlin,c,PASS,PASS,PASS,PASS,PASS,PASS,SKIP,SKIP,SKIP,DIRECT,
ff501705f4d4594cd57710b5f8e266edfc056c8e43f3cfac5e6c85a37f09581c,kotlin,python,PASS,PASS,PASS,PASS,PASS,PASS,SKIP,SKIP,SKIP,DIRECT,
ff501705f4d4594cd57710b5f8e266edfc056c8e43f3cfac5e6c85a37f09581c,kotlin,zig,PASS,PASS,PASS,PASS,PASS,PASS,SKIP,SKIP,SKIP,DIRECT,
ff501705f4d4594cd57710b5f8e266edfc056c8e43f3cfac5e6c85a37f09581c,kotlin,julia,PASS,PASS,PASS,PASS,PASS,PASS,SKIP,SKIP,SKIP,DIRECT,
ff501705f4d4594cd57710b5f8e266edfc056c8e43f3cfac5e6c85a37f09581c,kotlin,nim,PASS,PASS,PASS,PASS,PASS,PASS,SKIP,SKIP,SKIP,DIRECT,
ff501705f4d4594cd57710b5f8e266edfc056c8e43f3cfac5e6c85a37f09581c,kotlin,csharp,PASS,PASS,PASS,PASS,PASS,PASS,SKIP,SKIP,SKIP,DIRECT,
ff501705f4d4594cd57710b5f8e266edfc056c8e43f3cfac5e6c85a37f09581c,kotlin,java,PASS,PASS,PASS,PASS,PASS,PASS,SKIP,SKIP,SKIP,DIRECT,
ff501705f4d4594cd57710b5f8e266edfc056c8e43f3cfac5e6c85a37f09581c,kotlin,kotlin,PASS,PASS,PASS,PASS,PASS,PASS,SKIP,SKIP,SKIP,DIRECT,
ff501705f4d4594cd57710b5f8e266edfc056c8e43f3cfac5e6c85a37f09581c,kotlin,swift,PASS,PASS,PASS,PASS,PASS,PASS,SKIP,SKIP,SKIP,DIRECT,
d8723faddae71f1560725efc6b8ae71419bfaa20edb40baae1db9c1b54ea08c3,kotlin,r,PASS,PASS,PASS,PASS,PASS,PASS,SKIP,SKIP,SKIP,DIRECT,
d8723faddae71f1560725efc6b8ae71419bfaa20edb40baae1db9c1b54ea08c3,kotlin,go,PASS,PASS,PASS,PASS,PASS,PASS,SKIP,SKIP,SKIP,DIRECT,
d8723faddae71f1560725efc6b8ae71419bfaa20edb40baae1db9c1b54ea08c3,kotlin,rust,PASS,PASS,PASS,PASS,PASS,PASS,SKIP,SKIP,SKIP,DIRECT,
d8723faddae71f1560725efc6b8ae71419bfaa20edb40baae1db9c1b54ea08c3,kotlin,cpp,PASS,PASS,PASS,PASS,PASS,PASS,SKIP,SKIP,SKIP,DIRECT,
d8723faddae71f1560725efc6b8ae71419bfaa20edb40baae1db9c1b54ea08c3,kotlin,c,PASS,PASS,PASS,PASS,PASS,PASS,SKIP,SKIP,SKIP,DIRECT,
d8723faddae71f1560725efc6b8ae71419bfaa20edb40baae1db9c1b54ea08c3,kotlin,python,PASS,PASS,PASS,PASS,PASS,PASS,SKIP,SKIP,SKIP,DIRECT,
d8723faddae71f1560725efc6b8ae71419bfaa20edb40baae1db9c1b54ea08c3,kotlin,zig,PASS,PASS,PASS,PASS,PASS,PASS,SKIP,SKIP,SKIP,DIRECT,
d8723faddae71f1560725efc6b8ae71419bfaa20edb40baae1db9c1b54ea08c3,kotlin,julia,PASS,PASS,PASS,PASS,PASS,PASS,SKIP,SKIP,SKIP,DIRECT,
d8723faddae71f1560725efc6b8ae71419bfaa20edb40baae1db9c1b54ea08c3,kotlin,nim,PASS,PASS,PASS,PASS,PASS,PASS,SKIP,SKIP,SKIP,DIRECT,
d8723faddae71f1560725efc6b8ae71419bfaa20edb40baae1db9c1b54ea08c3,kotlin,csharp,PASS,PASS,PASS,PASS,PASS,PASS,SKIP,SKIP,SKIP,DIRECT,
d8723faddae71f1560725efc6b8ae71419bfaa20edb40baae1db9c1b54ea08c3,kotlin,java,PASS,PASS,PASS,PASS,PASS,PASS,SKIP,SKIP,SKIP,DIRECT,
d8723faddae71f1560725efc6b8ae71419bfaa20edb40baae1db9c1b54ea08c3,kotlin,kotlin,PASS,PASS,PASS,PASS,PASS,PASS,SKIP,SKIP,SKIP,DIRECT,
d8723faddae71f1560725efc6b8ae71419bfaa20edb40baae1db9c1b54ea08c3,kotlin,swift,PASS,PASS,PASS,PASS,PASS,PASS,SKIP,SKIP,SKIP,DIRECT,
cd6ae33f7e0e3a2015e45b2df90c4247bf5861d24110a0bec2d443f4738f07d7,kotlin,r,PASS,PASS,PASS,PASS,PASS,PASS,SKIP,SKIP,SKIP,DIRECT,
cd6ae33f7e0e3a2015e45b2df90c4247bf5861d24110a0bec2d443f4738f07d7,kotlin,go,PASS,PASS,PASS,PASS,PASS,PASS,SKIP,SKIP,SKIP,DIRECT,
cd6ae33f7e0e3a2015e45b2df90c4247bf5861d24110a0bec2d443f4738f07d7,kotlin,rust,PASS,PASS,PASS,PASS,PASS,PASS,SKIP,SKIP,SKIP,DIRECT,
cd6ae33f7e0e3a2015e45b2df90c4247bf5861d24110a0bec2d443f4738f07d7,kotlin,cpp,PASS,PASS,PASS,PASS,PASS,PASS,SKIP,SKIP,SKIP,DIRECT,
cd6ae33f7e0e3a2015e45b2df90c4247bf5861d24110a0bec2d443f4738f07d7,kotlin,c,PASS,PASS,PASS,PASS,PASS,PASS,SKIP,SKIP,SKIP,DIRECT,
cd6ae33f7e0e3a2015e45b2df90c4247bf5861d24110a0bec2d443f4738f07d7,kotlin,python,PASS,PASS,PASS,PASS,PASS,PASS,SKIP,SKIP,SKIP,DIRECT,
cd6ae33f7e0e3a2015e45b2df90c4247bf5861d24110a0bec2d443f4738f07d7,kotlin,zig,PASS,PASS,PASS,PASS,PASS,PASS,SKIP,SKIP,SKIP,DIRECT,
cd6ae33f7e0e3a2015e45b2df90c4247bf5861d24110a0bec2d443f4738f07d7,kotlin,julia,PASS,PASS,PASS,PASS,PASS,PASS,SKIP,SKIP,SKIP,DIRECT,
cd6ae33f7e0e3a2015e45b2df90c4247bf5861d24110a0bec2d443f4738f07d7,kotlin,nim,PASS,PASS,PASS,PASS,PASS,PASS,SKIP,SKIP,SKIP,DIRECT,
cd6ae33f7e0e3a2015e45b2df90c4247bf5861d24110a0bec2d443f4738f07d7,kotlin,csharp,PASS,PASS,PASS,PASS,PASS,PASS,SKIP,SKIP,SKIP,DIRECT,
cd6ae33f7e0e3a2015e45b2df90c4247bf5861d24110a0bec2d443f4738f07d7,kotlin,java,PASS,PASS,PASS,PASS,PASS,PASS,SKIP,SKIP,SKIP,DIRECT,
cd6ae33f7e0e3a2015e45b2df90c4247bf5861d24110a0bec2d443f4738f07d7,kotlin,kotlin,PASS,PASS,PASS,PASS,PASS,PASS,SKIP,SKIP,SKIP,DIRECT,
cd6ae33f7e0e3a2015e45b2df90c4247bf5861d24110a0bec2d443f4738f07d7,kotlin,swift,PASS,PASS,PASS,PASS,PASS,PASS,SKIP,SKIP,SKIP,DIRECT,
3d4025557a537e11096cd9b07cafa9dce8210daac583b2ae6e8a8df7e75ed597,kotlin,r,EXPECTED_INVALID,SKIP,SKIP,SKIP,SKIP,SKIP,SKIP,SKIP,SKIP,,tree-sitter expected recovery/error fixture
3d4025557a537e11096cd9b07cafa9dce8210daac583b2ae6e8a8df7e75ed597,kotlin,go,EXPECTED_INVALID,SKIP,SKIP,SKIP,SKIP,SKIP,SKIP,SKIP,SKIP,,tree-sitter expected recovery/error fixture
3d4025557a537e11096cd9b07cafa9dce8210daac583b2ae6e8a8df7e75ed597,kotlin,rust,EXPECTED_INVALID,SKIP,SKIP,SKIP,SKIP,SKIP,SKIP,SKIP,SKIP,,tree-sitter expected recovery/error fixture
3d4025557a537e11096cd9b07cafa9dce8210daac583b2ae6e8a8df7e75ed597,kotlin,cpp,EXPECTED_INVALID,SKIP,SKIP,SKIP,SKIP,SKIP,SKIP,SKIP,SKIP,,tree-sitter expected recovery/error fixture
3d4025557a537e11096cd9b07cafa9dce8210daac583b2ae6e8a8df7e75ed597,kotlin,c,EXPECTED_INVALID,SKIP,SKIP,SKIP,SKIP,SKIP,SKIP,SKIP,SKIP,,tree-sitter expected recovery/error fixture
3d4025557a537e11096cd9b07cafa9dce8210daac583b2ae6e8a8df7e75ed597,kotlin,python,EXPECTED_INVALID,SKIP,SKIP,SKIP,SKIP,SKIP,SKIP,SKIP,SKIP,,tree-sitter expected recovery/error fixture
3d4025557a537e11096cd9b07cafa9dce8210daac583b2ae6e8a8df7e75ed597,kotlin,zig,EXPECTED_INVALID,SKIP,SKIP,SKIP,SKIP,SKIP,SKIP,SKIP,SKIP,,tree-sitter expected recovery/error fixture
3d4025557a537e11096cd9b07cafa9dce8210daac583b2ae6e8a8df7e75ed597,kotlin,julia,EXPECTED_INVALID,SKIP,SKIP,SKIP,SKIP,SKIP,SKIP,SKIP,SKIP,,tree-sitter expected recovery/error fixture
3d4025557a537e11096cd9b07cafa9dce8210daac583b2ae6e8a8df7e75ed597,kotlin,nim,EXPECTED_INVALID,SKIP,SKIP,SKIP,SKIP,SKIP,SKIP,SKIP,SKIP,,tree-sitter expected recovery/error fixture
3d4025557a537e11096cd9b07cafa9dce8210daac583b2ae6e8a8df7e75ed597,kotlin,csharp,EXPECTED_INVALID,SKIP,SKIP,SKIP,SKIP,SKIP,SKIP,SKIP,SKIP,,tree-sitter expected recovery/error fixture
3d4025557a537e11096cd9b07cafa9dce8210daac583b2ae6e8a8df7e75ed597,kotlin,java,EXPECTED_INVALID,SKIP,SKIP,SKIP,SKIP,SKIP,SKIP,SKIP,SKIP,,tree-sitter expected recovery/error fixture
3d4025557a537e11096cd9b07cafa9dce8210daac583b2ae6e8a8df7e75ed597,kotlin,kotlin,EXPECTED_INVALID,SKIP,SKIP,SKIP,SKIP,SKIP,SKIP,SKIP,SKIP,,tree-sitter expected recovery/error fixture
3d4025557a537e11096cd9b07cafa9dce8210daac583b2ae6e8a8df7e75ed597,kotlin,swift,EXPECTED_INVALID,SKIP,SKIP,SKIP,SKIP,SKIP,SKIP,SKIP,SKIP,,tree-sitter expected recovery/error fixture
0da0075ab8f9975a3a30773e4edf297f8747fa86f62e4300a212ca4e73c9cea0,kotlin,r,PASS,PASS,PASS,PASS,PASS,PASS,SKIP,SKIP,SKIP,DIRECT,
0da0075ab8f9975a3a30773e4edf297f8747fa86f62e4300a212ca4e73c9cea0,kotlin,go,PASS,PASS,PASS,PASS,PASS,PASS,SKIP,SKIP,SKIP,DIRECT,
0da0075ab8f9975a3a30773e4edf297f8747fa86f62e4300a212ca4e73c9cea0,kotlin,rust,PASS,PASS,PASS,PASS,PASS,PASS,SKIP,SKIP,SKIP,DIRECT,
0da0075ab8f9975a3a30773e4edf297f8747fa86f62e4300a212ca4e73c9cea0,kotlin,cpp,PASS,PASS,PASS,PASS,PASS,PASS,SKIP,SKIP,SKIP,DIRECT,
0da0075ab8f9975a3a30773e4edf297f8747fa86f62e4300a212ca4e73c9cea0,kotlin,c,PASS,PASS,PASS,PASS,PASS,PASS,SKIP,SKIP,SKIP,DIRECT,
0da0075ab8f9975a3a30773e4edf297f8747fa86f62e4300a212ca4e73c9cea0,kotlin,python,PASS,PASS,PASS,PASS,PASS,PASS,SKIP,SKIP,SKIP,DIRECT,
0da0075ab8f9975a3a30773e4edf297f8747fa86f62e4300a212ca4e73c9cea0,kotlin,zig,PASS,PASS,PASS,PASS,PASS,PASS,SKIP,SKIP,SKIP,DIRECT,
0da0075ab8f9975a3a30773e4edf297f8747fa86f62e4300a212ca4e73c9cea0,kotlin,julia,PASS,PASS,PASS,PASS,PASS,PASS,SKIP,SKIP,SKIP,DIRECT,
0da0075ab8f9975a3a30773e4edf297f8747fa86f62e4300a212ca4e73c9cea0,kotlin,nim,PASS,PASS,PASS,PASS,PASS,PASS,SKIP,SKIP,SKIP,DIRECT,
0da0075ab8f9975a3a30773e4edf297f8747fa86f62e4300a212ca4e73c9cea0,kotlin,csharp,PASS,PASS,PASS,PASS,PASS,PASS,SKIP,SKIP,SKIP,DIRECT,
0da0075ab8f9975a3a30773e4edf297f8747fa86f62e4300a212ca4e73c9cea0,kotlin,java,PASS,PASS,PASS,PASS,PASS,PASS,SKIP,SKIP,SKIP,DIRECT,
0da0075ab8f9975a3a30773e4edf297f8747fa86f62e4300a212ca4e73c9cea0,kotlin,kotlin,PASS,PASS,PASS,PASS,PASS,PASS,SKIP,SKIP,SKIP,DIRECT,
0da0075ab8f9975a3a30773e4edf297f8747fa86f62e4300a212ca4e73c9cea0,kotlin,swift,PASS,PASS,PASS,PASS,PASS,PASS,SKIP,SKIP,SKIP,DIRECT,
5a85d406b624b66dbee6971ffbf566eed3dd22908f25ef74cc2714cceb469ed0,kotlin,r,PASS,PASS,PASS,PASS,PASS,PASS,SKIP,SKIP,SKIP,DIRECT,
5a85d406b624b66dbee6971ffbf566eed3dd22908f25ef74cc2714cceb469ed0,kotlin,go,PASS,PASS,PASS,PASS,PASS,PASS,SKIP,SKIP,SKIP,DIRECT,
5a85d406b624b66dbee6971ffbf566eed3dd22908f25ef74cc2714cceb469ed0,kotlin,rust,PASS,PASS,PASS,PASS,PASS,PASS,SKIP,SKIP,SKIP,DIRECT,
5a85d406b624b66dbee6971ffbf566eed3dd22908f25ef74cc2714cceb469ed0,kotlin,cpp,PASS,PASS,PASS,PASS,PASS,PASS,SKIP,SKIP,SKIP,DIRECT,
5a85d406b624b66dbee6971ffbf566eed3dd22908f25ef74cc2714cceb469ed0,kotlin,c,PASS,PASS,PASS,PASS,PASS,PASS,SKIP,SKIP,SKIP,DIRECT,
5a85d406b624b66dbee6971ffbf566eed3dd22908f25ef74cc2714cceb469ed0,kotlin,python,PASS,PASS,PASS,PASS,PASS,PASS,SKIP,SKIP,SKIP,DIRECT,
5a85d406b624b66dbee6971ffbf566eed3dd22908f25ef74cc2714cceb469ed0,kotlin,zig,PASS,PASS,PASS,PASS,PASS,PASS,SKIP,SKIP,SKIP,DIRECT,
5a85d406b624b66dbee6971ffbf566eed3dd22908f25ef74cc2714cceb469ed0,kotlin,julia,PASS,PASS,PASS,PASS,PASS,PASS,SKIP,SKIP,SKIP,DIRECT,
5a85d406b624b66dbee6971ffbf566eed3dd22908f25ef74cc2714cceb469ed0,kotlin,nim,PASS,PASS,PASS,PASS,PASS,PASS,SKIP,SKIP,SKIP,DIRECT,
5a85d406b624b66dbee6971ffbf566eed3dd22908f25ef74cc2714cceb469ed0,kotlin,csharp,PASS,PASS,PASS,PASS,PASS,PASS,SKIP,SKIP,SKIP,DIRECT,
5a85d406b624b66dbee6971ffbf566eed3dd22908f25ef74cc2714cceb469ed0,kotlin,java,PASS,PASS,PASS,PASS,PASS,PASS,SKIP,SKIP,SKIP,DIRECT,
5a85d406b624b66dbee6971ffbf566eed3dd22908f25ef74cc2714cceb469ed0,kotlin,kotlin,PASS,PASS,PASS,PASS,PASS,PASS,SKIP,SKIP,SKIP,DIRECT,
5a85d406b624b66dbee6971ffbf566eed3dd22908f25ef74cc2714cceb469ed0,kotlin,swift,PASS,PASS,PASS,PASS,PASS,PASS,SKIP,SKIP,SKIP,DIRECT,
38f8768cc532a95699835ab3b930518d38a67021510f61466635090e34dc432e,kotlin,r,FAIL,SKIP,SKIP,SKIP,SKIP,SKIP,SKIP,SKIP,SKIP,DIRECT,expected expression
38f8768cc532a95699835ab3b930518d38a67021510f61466635090e34dc432e,kotlin,go,FAIL,SKIP,SKIP,SKIP,SKIP,SKIP,SKIP,SKIP,SKIP,DIRECT,expected expression
38f8768cc532a95699835ab3b930518d38a67021510f61466635090e34dc432e,kotlin,rust,FAIL,SKIP,SKIP,SKIP,SKIP,SKIP,SKIP,SKIP,SKIP,DIRECT,expected expression
38f8768cc532a95699835ab3b930518d38a67021510f61466635090e34dc432e,kotlin,cpp,FAIL,SKIP,SKIP,SKIP,SKIP,SKIP,SKIP,SKIP,SKIP,DIRECT,expected expression
38f8768cc532a95699835ab3b930518d38a67021510f61466635090e34dc432e,kotlin,c,FAIL,SKIP,SKIP,SKIP,SKIP,SKIP,SKIP,SKIP,SKIP,DIRECT,expected expression
38f8768cc532a95699835ab3b930518d38a67021510f61466635090e34dc432e,kotlin,python,FAIL,SKIP,SKIP,SKIP,SKIP,SKIP,SKIP,SKIP,SKIP,DIRECT,expected expression
38f8768cc532a95699835ab3b930518d38a67021510f61466635090e34dc432e,kotlin,zig,FAIL,SKIP,SKIP,SKIP,SKIP,SKIP,SKIP,SKIP,SKIP,DIRECT,expected expression
38f8768cc532a95699835ab3b930518d38a67021510f61466635090e34dc432e,kotlin,julia,FAIL,SKIP,SKIP,SKIP,SKIP,SKIP,SKIP,SKIP,SKIP,DIRECT,expected expression
38f8768cc532a95699835ab3b930518d38a67021510f61466635090e34dc432e,kotlin,nim,FAIL,SKIP,SKIP,SKIP,SKIP,SKIP,SKIP,SKIP,SKIP,DIRECT,expected expression
38f8768cc532a95699835ab3b930518d38a67021510f61466635090e34dc432e,kotlin,csharp,FAIL,SKIP,SKIP,SKIP,SKIP,SKIP,SKIP,SKIP,SKIP,DIRECT,expected expression
38f8768cc532a95699835ab3b930518d38a67021510f61466635090e34dc432e,kotlin,java,FAIL,SKIP,SKIP,SKIP,SKIP,SKIP,SKIP,SKIP,SKIP,DIRECT,expected expression
38f8768cc532a95699835ab3b930518d38a67021510f61466635090e34dc432e,kotlin,kotlin,FAIL,SKIP,SKIP,SKIP,SKIP,SKIP,SKIP,SKIP,SKIP,DIRECT,expected expression
38f8768cc532a95699835ab3b930518d38a67021510f61466635090e34dc432e,kotlin,swift,FAIL,SKIP,SKIP,SKIP,SKIP,SKIP,SKIP,SKIP,SKIP,DIRECT,expected expression
59698906196870fd6b287ad34d637c8df1a0b73b0ff13a2909b917505240591d,kotlin,r,PASS,PASS,PASS,PASS,PASS,PASS,SKIP,SKIP,SKIP,DIRECT,
59698906196870fd6b287ad34d637c8df1a0b73b0ff13a2909b917505240591d,kotlin,go,PASS,PASS,PASS,PASS,PASS,PASS,SKIP,SKIP,SKIP,DIRECT,
59698906196870fd6b287ad34d637c8df1a0b73b0ff13a2909b917505240591d,kotlin,rust,PASS,PASS,PASS,PASS,PASS,PASS,SKIP,SKIP,SKIP,DIRECT,
59698906196870fd6b287ad34d637c8df1a0b73b0ff13a2909b917505240591d,kotlin,cpp,PASS,PASS,PASS,PASS,PASS,PASS,SKIP,SKIP,SKIP,DIRECT,
59698906196870fd6b287ad34d637c8df1a0b73b0ff13a2909b917505240591d,kotlin,c,PASS,PASS,PASS,PASS,PASS,PASS,SKIP,SKIP,SKIP,DIRECT,
59698906196870fd6b287ad34d637c8df1a0b73b0ff13a2909b917505240591d,kotlin,python,PASS,PASS,PASS,PASS,PASS,PASS,SKIP,SKIP,SKIP,DIRECT,
59698906196870fd6b287ad34d637c8df1a0b73b0ff13a2909b917505240591d,kotlin,zig,PASS,PASS,PASS,PASS,PASS,PASS,SKIP,SKIP,SKIP,DIRECT,
59698906196870fd6b287ad34d637c8df1a0b73b0ff13a2909b917505240591d,kotlin,julia,PASS,PASS,PASS,PASS,PASS,PASS,SKIP,SKIP,SKIP,DIRECT,
59698906196870fd6b287ad34d637c8df1a0b73b0ff13a2909b917505240591d,kotlin,nim,PASS,PASS,PASS,PASS,PASS,PASS,SKIP,SKIP,SKIP,DIRECT,
59698906196870fd6b287ad34d637c8df1a0b73b0ff13a2909b917505240591d,kotlin,csharp,PASS,PASS,PASS,PASS,PASS,PASS,SKIP,SKIP,SKIP,DIRECT,
59698906196870fd6b287ad34d637c8df1a0b73b0ff13a2909b917505240591d,kotlin,java,PASS,PASS,PASS,PASS,PASS,PASS,SKIP,SKIP,SKIP,DIRECT,
59698906196870fd6b287ad34d637c8df1a0b73b0ff13a2909b917505240591d,kotlin,kotlin,PASS,PASS,PASS,PASS,PASS,PASS,SKIP,SKIP,SKIP,DIRECT,
59698906196870fd6b287ad34d637c8df1a0b73b0ff13a2909b917505240591d,kotlin,swift,PASS,PASS,PASS,PASS,PASS,PASS,SKIP,SKIP,SKIP,DIRECT,
720e582f44102164a488d6c06d63e7d0ba95a1963e2463ec3a7294dff905ed75,kotlin,r,PASS,PASS,PASS,PASS,FAIL,SKIP,SKIP,SKIP,SKIP,DIRECT,"universal node 13 lacks required ""expression"" child"
720e582f44102164a488d6c06d63e7d0ba95a1963e2463ec3a7294dff905ed75,kotlin,go,PASS,PASS,PASS,PASS,PASS,PASS,SKIP,SKIP,SKIP,DIRECT,
720e582f44102164a488d6c06d63e7d0ba95a1963e2463ec3a7294dff905ed75,kotlin,rust,PASS,PASS,PASS,PASS,PASS,PASS,SKIP,SKIP,SKIP,DIRECT,
720e582f44102164a488d6c06d63e7d0ba95a1963e2463ec3a7294dff905ed75,kotlin,cpp,PASS,PASS,PASS,PASS,PASS,PASS,SKIP,SKIP,SKIP,DIRECT,
720e582f44102164a488d6c06d63e7d0ba95a1963e2463ec3a7294dff905ed75,kotlin,c,PASS,PASS,PASS,PASS,PASS,PASS,SKIP,SKIP,SKIP,DIRECT,
720e582f44102164a488d6c06d63e7d0ba95a1963e2463ec3a7294dff905ed75,kotlin,python,PASS,PASS,PASS,PASS,PASS,PASS,SKIP,SKIP,SKIP,DIRECT,
720e582f44102164a488d6c06d63e7d0ba95a1963e2463ec3a7294dff905ed75,kotlin,zig,PASS,PASS,PASS,PASS,PASS,PASS,SKIP,SKIP,SKIP,DIRECT,
720e582f44102164a488d6c06d63e7d0ba95a1963e2463ec3a7294dff905ed75,kotlin,julia,PASS,PASS,PASS,PASS,PASS,PASS,SKIP,SKIP,SKIP,DIRECT,
720e582f44102164a488d6c06d63e7d0ba95a1963e2463ec3a7294dff905ed75,kotlin,nim,PASS,PASS,PASS,PASS,PASS,PASS,SKIP,SKIP,SKIP,DIRECT,
720e582f44102164a488d6c06d63e7d0ba95a1963e2463ec3a7294dff905ed75,kotlin,csharp,PASS,PASS,PASS,PASS,PASS,PASS,SKIP,SKIP,SKIP,DIRECT,
720e582f44102164a488d6c06d63e7d0ba95a1963e2463ec3a7294dff905ed75,kotlin,java,PASS,PASS,PASS,PASS,PASS,PASS,SKIP,SKIP,SKIP,DIRECT,
720e582f44102164a488d6c06d63e7d0ba95a1963e2463ec3a7294dff905ed75,kotlin,kotlin,PASS,PASS,PASS,PASS,PASS,PASS,SKIP,SKIP,SKIP,DIRECT,
720e582f44102164a488d6c06d63e7d0ba95a1963e2463ec3a7294dff905ed75,kotlin,swift,PASS,PASS,PASS,PASS,PASS,PASS,SKIP,SKIP,SKIP,DIRECT,
7edf70c8065d68badc1ce1975bf35759ac6efaf8d799d30c5437641e91341354,kotlin,r,PASS,PASS,PASS,PASS,PASS,PASS,SKIP,SKIP,SKIP,DIRECT,
7edf70c8065d68badc1ce1975bf35759ac6efaf8d799d30c5437641e91341354,kotlin,go,PASS,PASS,PASS,PASS,PASS,PASS,SKIP,SKIP,SKIP,DIRECT,
7edf70c8065d68badc1ce1975bf35759ac6efaf8d799d30c5437641e91341354,kotlin,rust,PASS,PASS,PASS,PASS,PASS,PASS,SKIP,SKIP,SKIP,DIRECT,
7edf70c8065d68badc1ce1975bf35759ac6efaf8d799d30c5437641e91341354,kotlin,cpp,PASS,PASS,PASS,PASS,PASS,PASS,SKIP,SKIP,SKIP,DIRECT,
7edf70c8065d68badc1ce1975bf35759ac6efaf8d799d30c5437641e91341354,kotlin,c,PASS,PASS,PASS,PASS,PASS,PASS,SKIP,SKIP,SKIP,DIRECT,
7edf70c8065d68badc1ce1975bf35759ac6efaf8d799d30c5437641e91341354,kotlin,python,PASS,PASS,PASS,PASS,PASS,PASS,SKIP,SKIP,SKIP,DIRECT,
7edf70c8065d68badc1ce1975bf35759ac6efaf8d799d30c5437641e91341354,kotlin,zig,PASS,PASS,PASS,PASS,PASS,PASS,SKIP,SKIP,SKIP,DIRECT,
7edf70c8065d68badc1ce1975bf35759ac6efaf8d799d30c5437641e91341354,kotlin,julia,PASS,PASS,PASS,PASS,PASS,PASS,SKIP,SKIP,SKIP,DIRECT,
7edf70c8065d68badc1ce1975bf35759ac6efaf8d799d30c5437641e91341354,kotlin,nim,PASS,PASS,PASS,PASS,PASS,PASS,SKIP,SKIP,SKIP,DIRECT,
7edf70c8065d68badc1ce1975bf35759ac6efaf8d799d30c5437641e91341354,kotlin,csharp,PASS,PASS,PASS,PASS,PASS,PASS,SKIP,SKIP,SKIP,DIRECT,
7edf70c8065d68badc1ce1975bf35759ac6efaf8d799d30c5437641e91341354,kotlin,java,PASS,PASS,PASS,PASS,PASS,PASS,SKIP,SKIP,SKIP,DIRECT,
7edf70c8065d68badc1ce1975bf35759ac6efaf8d799d30c5437641e91341354,kotlin,kotlin,PASS,PASS,PASS,PASS,PASS,PASS,SKIP,SKIP,SKIP,DIRECT,
7edf70c8065d68badc1ce1975bf35759ac6efaf8d799d30c5437641e91341354,kotlin,swift,PASS,PASS,PASS,PASS,PASS,PASS,SKIP,SKIP,SKIP,DIRECT,
b65f72f8b365c033f82cd1f11c066435e941cd12b6b2987350580e3083ff4ce6,kotlin,r,PASS,PASS,PASS,PASS,FAIL,SKIP,SKIP,SKIP,SKIP,DIRECT,"universal node 1 lacks required ""expression"" child"
b65f72f8b365c033f82cd1f11c066435e941cd12b6b2987350580e3083ff4ce6,kotlin,go,PASS,PASS,PASS,PASS,FAIL,SKIP,SKIP,SKIP,SKIP,DIRECT,DIRECT_NATIVE_UNAVAILABLE: unsupported UAST node OperationExpr/1
b65f72f8b365c033f82cd1f11c066435e941cd12b6b2987350580e3083ff4ce6,kotlin,rust,PASS,PASS,PASS,PASS,FAIL,SKIP,SKIP,SKIP,SKIP,DIRECT,DIRECT_NATIVE_UNAVAILABLE: unsupported UAST node OperationExpr/1
b65f72f8b365c033f82cd1f11c066435e941cd12b6b2987350580e3083ff4ce6,kotlin,cpp,PASS,PASS,PASS,PASS,FAIL,SKIP,SKIP,SKIP,SKIP,DIRECT,DIRECT_NATIVE_UNAVAILABLE: unsupported UAST node OperationExpr/1
b65f72f8b365c033f82cd1f11c066435e941cd12b6b2987350580e3083ff4ce6,kotlin,c,PASS,PASS,PASS,PASS,FAIL,SKIP,SKIP,SKIP,SKIP,DIRECT,DIRECT_NATIVE_UNAVAILABLE: unsupported UAST node OperationExpr/1
b65f72f8b365c033f82cd1f11c066435e941cd12b6b2987350580e3083ff4ce6,kotlin,python,PASS,PASS,PASS,PASS,FAIL,SKIP,SKIP,SKIP,SKIP,DIRECT,DIRECT_NATIVE_UNAVAILABLE: unsupported UAST node OperationExpr/1
b65f72f8b365c033f82cd1f11c066435e941cd12b6b2987350580e3083ff4ce6,kotlin,zig,PASS,PASS,PASS,PASS,FAIL,SKIP,SKIP,SKIP,SKIP,DIRECT,DIRECT_NATIVE_UNAVAILABLE: unsupported UAST node OperationExpr/1
b65f72f8b365c033f82cd1f11c066435e941cd12b6b2987350580e3083ff4ce6,kotlin,julia,PASS,PASS,PASS,PASS,FAIL,SKIP,SKIP,SKIP,SKIP,DIRECT,DIRECT_NATIVE_UNAVAILABLE: unsupported UAST node OperationExpr/1
b65f72f8b365c033f82cd1f11c066435e941cd12b6b2987350580e3083ff4ce6,kotlin,nim,PASS,PASS,PASS,PASS,FAIL,SKIP,SKIP,SKIP,SKIP,DIRECT,DIRECT_NATIVE_UNAVAILABLE: unsupported UAST node OperationExpr/1
b65f72f8b365c033f82cd1f11c066435e941cd12b6b2987350580e3083ff4ce6,kotlin,csharp,PASS,PASS,PASS,PASS,FAIL,SKIP,SKIP,SKIP,SKIP,DIRECT,DIRECT_NATIVE_UNAVAILABLE: unsupported UAST node OperationExpr/1
b65f72f8b365c033f82cd1f11c066435e941cd12b6b2987350580e3083ff4ce6,kotlin,java,PASS,PASS,PASS,PASS,FAIL,SKIP,SKIP,SKIP,SKIP,DIRECT,DIRECT_NATIVE_UNAVAILABLE: unsupported UAST node OperationExpr/1
b65f72f8b365c033f82cd1f11c066435e941cd12b6b2987350580e3083ff4ce6,kotlin,kotlin,PASS,PASS,PASS,PASS,FAIL,SKIP,SKIP,SKIP,SKIP,DIRECT,DIRECT_NATIVE_UNAVAILABLE: unsupported UAST node OperationExpr/1
b65f72f8b365c033f82cd1f11c066435e941cd12b6b2987350580e3083ff4ce6,kotlin,swift,PASS,PASS,PASS,PASS,FAIL,SKIP,SKIP,SKIP,SKIP,DIRECT,DIRECT_NATIVE_UNAVAILABLE: unsupported UAST node OperationExpr/1
c06804f5d7ad1efbf13c8ec2a25235e6814d4418aa92a2f8c6b88c5d0de4a3d8,kotlin,r,PASS,PASS,PASS,PASS,PASS,PASS,SKIP,SKIP,SKIP,DIRECT,
c06804f5d7ad1efbf13c8ec2a25235e6814d4418aa92a2f8c6b88c5d0de4a3d8,kotlin,go,PASS,PASS,PASS,PASS,PASS,PASS,SKIP,SKIP,SKIP,DIRECT,
c06804f5d7ad1efbf13c8ec2a25235e6814d4418aa92a2f8c6b88c5d0de4a3d8,kotlin,rust,PASS,PASS,PASS,PASS,PASS,PASS,SKIP,SKIP,SKIP,DIRECT,
c06804f5d7ad1efbf13c8ec2a25235e6814d4418aa92a2f8c6b88c5d0de4a3d8,kotlin,cpp,PASS,PASS,PASS,PASS,PASS,PASS,SKIP,SKIP,SKIP,DIRECT,
c06804f5d7ad1efbf13c8ec2a25235e6814d4418aa92a2f8c6b88c5d0de4a3d8,kotlin,c,PASS,PASS,PASS,PASS,PASS,PASS,SKIP,SKIP,SKIP,DIRECT,
c06804f5d7ad1efbf13c8ec2a25235e6814d4418aa92a2f8c6b88c5d0de4a3d8,kotlin,python,PASS,PASS,PASS,PASS,PASS,PASS,SKIP,SKIP,SKIP,DIRECT,
c06804f5d7ad1efbf13c8ec2a25235e6814d4418aa92a2f8c6b88c5d0de4a3d8,kotlin,zig,PASS,PASS,PASS,PASS,PASS,PASS,SKIP,SKIP,SKIP,DIRECT,
c06804f5d7ad1efbf13c8ec2a25235e6814d4418aa92a2f8c6b88c5d0de4a3d8,kotlin,julia,PASS,PASS,PASS,PASS,PASS,PASS,SKIP,SKIP,SKIP,DIRECT,
c06804f5d7ad1efbf13c8ec2a25235e6814d4418aa92a2f8c6b88c5d0de4a3d8,kotlin,nim,PASS,PASS,PASS,PASS,PASS,PASS,SKIP,SKIP,SKIP,DIRECT,
c06804f5d7ad1efbf13c8ec2a25235e6814d4418aa92a2f8c6b88c5d0de4a3d8,kotlin,csharp,PASS,PASS,PASS,PASS,PASS,PASS,SKIP,SKIP,SKIP,DIRECT,
c06804f5d7ad1efbf13c8ec2a25235e6814d4418aa92a2f8c6b88c5d0de4a3d8,kotlin,java,PASS,PASS,PASS,PASS,PASS,PASS,SKIP,SKIP,SKIP,DIRECT,
c06804f5d7ad1efbf13c8ec2a25235e6814d4418aa92a2f8c6b88c5d0de4a3d8,kotlin,kotlin,PASS,PASS,PASS,PASS,PASS,PASS,SKIP,SKIP,SKIP,DIRECT,
c06804f5d7ad1efbf13c8ec2a25235e6814d4418aa92a2f8c6b88c5d0de4a3d8,kotlin,swift,PASS,PASS,PASS,PASS,PASS,PASS,SKIP,SKIP,SKIP,DIRECT,
540961de5337f89aafa22ee06b8056651e250d029ea1bb6be4f9cee03d604931,kotlin,r,PASS,PASS,PASS,PASS,PASS,PASS,SKIP,SKIP,SKIP,DIRECT,
540961de5337f89aafa22ee06b8056651e250d029ea1bb6be4f9cee03d604931,kotlin,go,PASS,PASS,PASS,PASS,PASS,PASS,SKIP,SKIP,SKIP,DIRECT,
540961de5337f89aafa22ee06b8056651e250d029ea1bb6be4f9cee03d604931,kotlin,rust,PASS,PASS,PASS,PASS,PASS,PASS,SKIP,SKIP,SKIP,DIRECT,
540961de5337f89aafa22ee06b8056651e250d029ea1bb6be4f9cee03d604931,kotlin,cpp,PASS,PASS,PASS,PASS,PASS,PASS,SKIP,SKIP,SKIP,DIRECT,
540961de5337f89aafa22ee06b8056651e250d029ea1bb6be4f9cee03d604931,kotlin,c,PASS,PASS,PASS,PASS,PASS,PASS,SKIP,SKIP,SKIP,DIRECT,
540961de5337f89aafa22ee06b8056651e250d029ea1bb6be4f9cee03d604931,kotlin,python,PASS,PASS,PASS,PASS,PASS,PASS,SKIP,SKIP,SKIP,DIRECT,
540961de5337f89aafa22ee06b8056651e250d029ea1bb6be4f9cee03d604931,kotlin,zig,PASS,PASS,PASS,PASS,PASS,PASS,SKIP,SKIP,SKIP,DIRECT,
540961de5337f89aafa22ee06b8056651e250d029ea1bb6be4f9cee03d604931,kotlin,julia,PASS,PASS,PASS,PASS,PASS,PASS,SKIP,SKIP,SKIP,DIRECT,
540961de5337f89aafa22ee06b8056651e250d029ea1bb6be4f9cee03d604931,kotlin,nim,PASS,PASS,PASS,PASS,PASS,PASS,SKIP,SKIP,SKIP,DIRECT,
540961de5337f89aafa22ee06b8056651e250d029ea1bb6be4f9cee03d604931,kotlin,csharp,PASS,PASS,PASS,PASS,PASS,PASS,SKIP,SKIP,SKIP,DIRECT,
540961de5337f89aafa22ee06b8056651e250d029ea1bb6be4f9cee03d604931,kotlin,java,PASS,PASS,PASS,PASS,PASS,PASS,SKIP,SKIP,SKIP,DIRECT,
540961de5337f89aafa22ee06b8056651e250d029ea1bb6be4f9cee03d604931,kotlin,kotlin,PASS,PASS,PASS,PASS,PASS,PASS,SKIP,SKIP,SKIP,DIRECT,
540961de5337f89aafa22ee06b8056651e250d029ea1bb6be4f9cee03d604931,kotlin,swift,PASS,PASS,PASS,PASS,PASS,PASS,SKIP,SKIP,SKIP,DIRECT,
625581944bac12a5c8cd71cf1b75f974607558d0e20905f4d242af1c3e76ad0c,kotlin,r,PASS,PASS,PASS,PASS,PASS,PASS,SKIP,SKIP,SKIP,DIRECT,
625581944bac12a5c8cd71cf1b75f974607558d0e20905f4d242af1c3e76ad0c,kotlin,go,PASS,PASS,PASS,PASS,PASS,FAIL,SKIP,SKIP,SKIP,DIRECT,expected expression
625581944bac12a5c8cd71cf1b75f974607558d0e20905f4d242af1c3e76ad0c,kotlin,rust,PASS,PASS,PASS,PASS,FAIL,SKIP,SKIP,SKIP,SKIP,DIRECT,DIRECT_NATIVE_UNAVAILABLE: target rust emitted invalid syntax (other: error[E0425]: cannot find value `a` in this scope --> C:\Users\tarek\AppData\Local\Temp\codetranspiler-syntax-904196016\program.rs:4:21 | 4 | let mut f = a.clone(); | ^ n
625581944bac12a5c8cd71cf1b75f974607558d0e20905f4d242af1c3e76ad0c,kotlin,cpp,PASS,PASS,PASS,PASS,FAIL,SKIP,SKIP,SKIP,SKIP,DIRECT,DIRECT_NATIVE_UNAVAILABLE: target cpp emitted invalid syntax (other: C:\Users\tarek\AppData\Local\Temp\codetranspiler-syntax-819575637\program.cpp: In lambda function: C:\Users\tarek\AppData\Local\Temp\codetranspiler-syntax-819575637\progra
625581944bac12a5c8cd71cf1b75f974607558d0e20905f4d242af1c3e76ad0c,kotlin,c,PASS,PASS,PASS,PASS,FAIL,SKIP,SKIP,SKIP,SKIP,DIRECT,DIRECT_NATIVE_UNAVAILABLE: target c closure captures require runtime
625581944bac12a5c8cd71cf1b75f974607558d0e20905f4d242af1c3e76ad0c,kotlin,python,PASS,PASS,PASS,PASS,PASS,PASS,SKIP,SKIP,SKIP,DIRECT,
625581944bac12a5c8cd71cf1b75f974607558d0e20905f4d242af1c3e76ad0c,kotlin,zig,PASS,PASS,PASS,PASS,PASS,FAIL,SKIP,SKIP,SKIP,DIRECT,expected expression
625581944bac12a5c8cd71cf1b75f974607558d0e20905f4d242af1c3e76ad0c,kotlin,julia,PASS,PASS,PASS,PASS,PASS,FAIL,SKIP,SKIP,SKIP,DIRECT,expected expression
625581944bac12a5c8cd71cf1b75f974607558d0e20905f4d242af1c3e76ad0c,kotlin,nim,PASS,PASS,PASS,PASS,PASS,FAIL,SKIP,SKIP,SKIP,DIRECT,expected expression
625581944bac12a5c8cd71cf1b75f974607558d0e20905f4d242af1c3e76ad0c,kotlin,csharp,PASS,PASS,PASS,PASS,PASS,FAIL,SKIP,SKIP,SKIP,DIRECT,expected expression
625581944bac12a5c8cd71cf1b75f974607558d0e20905f4d242af1c3e76ad0c,kotlin,java,PASS,PASS,PASS,PASS,FAIL,SKIP,SKIP,SKIP,SKIP,DIRECT,DIRECT_NATIVE_UNAVAILABLE: target java emitted invalid syntax (other: C:\Users\tarek\AppData\Local\Temp\codetranspiler-syntax-2680159280\Main.java:5: Fehler: Inkompatible Typen: Ungültiger Rückgabetyp in Lambda-Ausdruck java.util.function.F
625581944bac12a5c8cd71cf1b75f974607558d0e20905f4d242af1c3e76ad0c,kotlin,kotlin,PASS,PASS,PASS,PASS,PASS,FAIL,SKIP,SKIP,SKIP,DIRECT,expected expression
625581944bac12a5c8cd71cf1b75f974607558d0e20905f4d242af1c3e76ad0c,kotlin,swift,PASS,PASS,PASS,PASS,PASS,FAIL,SKIP,SKIP,SKIP,DIRECT,expected expression
6bf046752fc0437d8ccc81e230ce07ae6f06694a7210b7f6397178056ae87a47,kotlin,r,PASS,PASS,PASS,PASS,PASS,PASS,SKIP,SKIP,SKIP,DIRECT,
6bf046752fc0437d8ccc81e230ce07ae6f06694a7210b7f6397178056ae87a47,kotlin,go,PASS,PASS,PASS,PASS,PASS,PASS,SKIP,SKIP,SKIP,DIRECT,
6bf046752fc0437d8ccc81e230ce07ae6f06694a7210b7f6397178056ae87a47,kotlin,rust,PASS,PASS,PASS,PASS,PASS,PASS,SKIP,SKIP,SKIP,DIRECT,
6bf046752fc0437d8ccc81e230ce07ae6f06694a7210b7f6397178056ae87a47,kotlin,cpp,PASS,PASS,PASS,PASS,PASS,PASS,SKIP,SKIP,SKIP,DIRECT,
6bf046752fc0437d8ccc81e230ce07ae6f06694a7210b7f6397178056ae87a47,kotlin,c,PASS,PASS,PASS,PASS,PASS,PASS,SKIP,SKIP,SKIP,DIRECT,
6bf046752fc0437d8ccc81e230ce07ae6f06694a7210b7f6397178056ae87a47,kotlin,python,PASS,PASS,PASS,PASS,PASS,PASS,SKIP,SKIP,SKIP,DIRECT,
6bf046752fc0437d8ccc81e230ce07ae6f06694a7210b7f6397178056ae87a47,kotlin,zig,PASS,PASS,PASS,PASS,PASS,PASS,SKIP,SKIP,SKIP,DIRECT,
6bf046752fc0437d8ccc81e230ce07ae6f06694a7210b7f6397178056ae87a47,kotlin,julia,PASS,PASS,PASS,PASS,PASS,PASS,SKIP,SKIP,SKIP,DIRECT,
6bf046752fc0437d8ccc81e230ce07ae6f06694a7210b7f6397178056ae87a47,kotlin,nim,PASS,PASS,PASS,PASS,PASS,PASS,SKIP,SKIP,SKIP,DIRECT,
6bf046752fc0437d8ccc81e230ce07ae6f06694a7210b7f6397178056ae87a47,kotlin,csharp,PASS,PASS,PASS,PASS,PASS,PASS,SKIP,SKIP,SKIP,DIRECT,
6bf046752fc0437d8ccc81e230ce07ae6f06694a7210b7f6397178056ae87a47,kotlin,java,PASS,PASS,PASS,PASS,PASS,PASS,SKIP,SKIP,SKIP,DIRECT,
6bf046752fc0437d8ccc81e230ce07ae6f06694a7210b7f6397178056ae87a47,kotlin,kotlin,PASS,PASS,PASS,PASS,PASS,PASS,SKIP,SKIP,SKIP,DIRECT,
6bf046752fc0437d8ccc81e230ce07ae6f06694a7210b7f6397178056ae87a47,kotlin,swift,PASS,PASS,PASS,PASS,PASS,PASS,SKIP,SKIP,SKIP,DIRECT,
5cd93432c45264683dc3185ad503407d91406c49da88fb8d231bee754afc4c8a,kotlin,r,PASS,PASS,PASS,PASS,PASS,PASS,SKIP,SKIP,SKIP,DIRECT,
5cd93432c45264683dc3185ad503407d91406c49da88fb8d231bee754afc4c8a,kotlin,go,PASS,PASS,PASS,PASS,PASS,PASS,SKIP,SKIP,SKIP,DIRECT,
5cd93432c45264683dc3185ad503407d91406c49da88fb8d231bee754afc4c8a,kotlin,rust,PASS,PASS,PASS,PASS,PASS,PASS,SKIP,SKIP,SKIP,DIRECT,
5cd93432c45264683dc3185ad503407d91406c49da88fb8d231bee754afc4c8a,kotlin,cpp,PASS,PASS,PASS,PASS,PASS,PASS,SKIP,SKIP,SKIP,DIRECT,
5cd93432c45264683dc3185ad503407d91406c49da88fb8d231bee754afc4c8a,kotlin,c,PASS,PASS,PASS,PASS,PASS,PASS,SKIP,SKIP,SKIP,DIRECT,
5cd93432c45264683dc3185ad503407d91406c49da88fb8d231bee754afc4c8a,kotlin,python,PASS,PASS,PASS,PASS,PASS,PASS,SKIP,SKIP,SKIP,DIRECT,
5cd93432c45264683dc3185ad503407d91406c49da88fb8d231bee754afc4c8a,kotlin,zig,PASS,PASS,PASS,PASS,PASS,PASS,SKIP,SKIP,SKIP,DIRECT,
5cd93432c45264683dc3185ad503407d91406c49da88fb8d231bee754afc4c8a,kotlin,julia,PASS,PASS,PASS,PASS,PASS,PASS,SKIP,SKIP,SKIP,DIRECT,
5cd93432c45264683dc3185ad503407d91406c49da88fb8d231bee754afc4c8a,kotlin,nim,PASS,PASS,PASS,PASS,PASS,PASS,SKIP,SKIP,SKIP,DIRECT,
5cd93432c45264683dc3185ad503407d91406c49da88fb8d231bee754afc4c8a,kotlin,csharp,PASS,PASS,PASS,PASS,PASS,PASS,SKIP,SKIP,SKIP,DIRECT,
5cd93432c45264683dc3185ad503407d91406c49da88fb8d231bee754afc4c8a,kotlin,java,PASS,PASS,PASS,PASS,PASS,PASS,SKIP,SKIP,SKIP,DIRECT,
5cd93432c45264683dc3185ad503407d91406c49da88fb8d231bee754afc4c8a,kotlin,kotlin,PASS,PASS,PASS,PASS,PASS,PASS,SKIP,SKIP,SKIP,DIRECT,
5cd93432c45264683dc3185ad503407d91406c49da88fb8d231bee754afc4c8a,kotlin,swift,PASS,PASS,PASS,PASS,PASS,PASS,SKIP,SKIP,SKIP,DIRECT,
ad2f7bffaea293adb75585c59defa29091b5ecc3abf8b8df85259df2709f0075,kotlin,r,PASS,PASS,PASS,PASS,PASS,PASS,SKIP,SKIP,SKIP,DIRECT,
ad2f7bffaea293adb75585c59defa29091b5ecc3abf8b8df85259df2709f0075,kotlin,go,PASS,PASS,PASS,PASS,PASS,PASS,SKIP,SKIP,SKIP,DIRECT,
ad2f7bffaea293adb75585c59defa29091b5ecc3abf8b8df85259df2709f0075,kotlin,rust,PASS,PASS,PASS,PASS,PASS,PASS,SKIP,SKIP,SKIP,DIRECT,
ad2f7bffaea293adb75585c59defa29091b5ecc3abf8b8df85259df2709f0075,kotlin,cpp,PASS,PASS,PASS,PASS,PASS,PASS,SKIP,SKIP,SKIP,DIRECT,
ad2f7bffaea293adb75585c59defa29091b5ecc3abf8b8df85259df2709f0075,kotlin,c,PASS,PASS,PASS,PASS,PASS,PASS,SKIP,SKIP,SKIP,DIRECT,
ad2f7bffaea293adb75585c59defa29091b5ecc3abf8b8df85259df2709f0075,kotlin,python,PASS,PASS,PASS,PASS,PASS,PASS,SKIP,SKIP,SKIP,DIRECT,
ad2f7bffaea293adb75585c59defa29091b5ecc3abf8b8df85259df2709f0075,kotlin,zig,PASS,PASS,PASS,PASS,PASS,PASS,SKIP,SKIP,SKIP,DIRECT,
ad2f7bffaea293adb75585c59defa29091b5ecc3abf8b8df85259df2709f0075,kotlin,julia,PASS,PASS,PASS,PASS,PASS,PASS,SKIP,SKIP,SKIP,DIRECT,
ad2f7bffaea293adb75585c59defa29091b5ecc3abf8b8df85259df2709f0075,kotlin,nim,PASS,PASS,PASS,PASS,PASS,PASS,SKIP,SKIP,SKIP,DIRECT,
ad2f7bffaea293adb75585c59defa29091b5ecc3abf8b8df85259df2709f0075,kotlin,csharp,PASS,PASS,PASS,PASS,PASS,PASS,SKIP,SKIP,SKIP,DIRECT,
ad2f7bffaea293adb75585c59defa29091b5ecc3abf8b8df85259df2709f0075,kotlin,java,PASS,PASS,PASS,PASS,PASS,PASS,SKIP,SKIP,SKIP,DIRECT,
ad2f7bffaea293adb75585c59defa29091b5ecc3abf8b8df85259df2709f0075,kotlin,kotlin,PASS,PASS,PASS,PASS,PASS,PASS,SKIP,SKIP,SKIP,DIRECT,
ad2f7bffaea293adb75585c59defa29091b5ecc3abf8b8df85259df2709f0075,kotlin,swift,PASS,PASS,PASS,PASS,PASS,PASS,SKIP,SKIP,SKIP,DIRECT,
f881164cd261daecb0244f75e846ed3a25a4696f65e6f797993640ebd22fe26d,kotlin,r,PASS,PASS,PASS,PASS,PASS,PASS,SKIP,SKIP,SKIP,DIRECT,
f881164cd261daecb0244f75e846ed3a25a4696f65e6f797993640ebd22fe26d,kotlin,go,PASS,PASS,PASS,PASS,PASS,PASS,SKIP,SKIP,SKIP,DIRECT,
f881164cd261daecb0244f75e846ed3a25a4696f65e6f797993640ebd22fe26d,kotlin,rust,PASS,PASS,PASS,PASS,PASS,PASS,SKIP,SKIP,SKIP,DIRECT,
f881164cd261daecb0244f75e846ed3a25a4696f65e6f797993640ebd22fe26d,kotlin,cpp,PASS,PASS,PASS,PASS,PASS,PASS,SKIP,SKIP,SKIP,DIRECT,
f881164cd261daecb0244f75e846ed3a25a4696f65e6f797993640ebd22fe26d,kotlin,c,PASS,PASS,PASS,PASS,PASS,PASS,SKIP,SKIP,SKIP,DIRECT,
f881164cd261daecb0244f75e846ed3a25a4696f65e6f797993640ebd22fe26d,kotlin,python,PASS,PASS,PASS,PASS,PASS,PASS,SKIP,SKIP,SKIP,DIRECT,
f881164cd261daecb0244f75e846ed3a25a4696f65e6f797993640ebd22fe26d,kotlin,zig,PASS,PASS,PASS,PASS,PASS,PASS,SKIP,SKIP,SKIP,DIRECT,
f881164cd261daecb0244f75e846ed3a25a4696f65e6f797993640ebd22fe26d,kotlin,julia,PASS,PASS,PASS,PASS,PASS,PASS,SKIP,SKIP,SKIP,DIRECT,
f881164cd261daecb0244f75e846ed3a25a4696f65e6f797993640ebd22fe26d,kotlin,nim,PASS,PASS,PASS,PASS,PASS,PASS,SKIP,SKIP,SKIP,DIRECT,
f881164cd261daecb0244f75e846ed3a25a4696f65e6f797993640ebd22fe26d,kotlin,csharp,PASS,PASS,PASS,PASS,PASS,PASS,SKIP,SKIP,SKIP,DIRECT,
f881164cd261daecb0244f75e846ed3a25a4696f65e6f797993640ebd22fe26d,kotlin,java,PASS,PASS,PASS,PASS,PASS,PASS,SKIP,SKIP,SKIP,DIRECT,
f881164cd261daecb0244f75e846ed3a25a4696f65e6f797993640ebd22fe26d,kotlin,kotlin,PASS,PASS,PASS,PASS,PASS,PASS,SKIP,SKIP,SKIP,DIRECT,
f881164cd261daecb0244f75e846ed3a25a4696f65e6f797993640ebd22fe26d,kotlin,swift,PASS,PASS,PASS,PASS,PASS,PASS,SKIP,SKIP,SKIP,DIRECT,
c0554cdd4bd3b655faf56335b8ed7004ad1a04399ae3527fa905e0d517559267,kotlin,r,PASS,PASS,PASS,PASS,PASS,PASS,SKIP,SKIP,SKIP,DIRECT,
c0554cdd4bd3b655faf56335b8ed7004ad1a04399ae3527fa905e0d517559267,kotlin,go,PASS,PASS,PASS,PASS,PASS,PASS,SKIP,SKIP,SKIP,DIRECT,
c0554cdd4bd3b655faf56335b8ed7004ad1a04399ae3527fa905e0d517559267,kotlin,rust,PASS,PASS,PASS,PASS,PASS,PASS,SKIP,SKIP,SKIP,DIRECT,
c0554cdd4bd3b655faf56335b8ed7004ad1a04399ae3527fa905e0d517559267,kotlin,cpp,PASS,PASS,PASS,PASS,PASS,PASS,SKIP,SKIP,SKIP,DIRECT,
c0554cdd4bd3b655faf56335b8ed7004ad1a04399ae3527fa905e0d517559267,kotlin,c,PASS,PASS,PASS,PASS,PASS,PASS,SKIP,SKIP,SKIP,DIRECT,
c0554cdd4bd3b655faf56335b8ed7004ad1a04399ae3527fa905e0d517559267,kotlin,python,PASS,PASS,PASS,PASS,PASS,PASS,SKIP,SKIP,SKIP,DIRECT,
c0554cdd4bd3b655faf56335b8ed7004ad1a04399ae3527fa905e0d517559267,kotlin,zig,PASS,PASS,PASS,PASS,PASS,PASS,SKIP,SKIP,SKIP,DIRECT,
c0554cdd4bd3b655faf56335b8ed7004ad1a04399ae3527fa905e0d517559267,kotlin,julia,PASS,PASS,PASS,PASS,PASS,PASS,SKIP,SKIP,SKIP,DIRECT,
c0554cdd4bd3b655faf56335b8ed7004ad1a04399ae3527fa905e0d517559267,kotlin,nim,PASS,PASS,PASS,PASS,PASS,PASS,SKIP,SKIP,SKIP,DIRECT,
c0554cdd4bd3b655faf56335b8ed7004ad1a04399ae3527fa905e0d517559267,kotlin,csharp,PASS,PASS,PASS,PASS,PASS,PASS,SKIP,SKIP,SKIP,DIRECT,
c0554cdd4bd3b655faf56335b8ed7004ad1a04399ae3527fa905e0d517559267,kotlin,java,PASS,PASS,PASS,PASS,PASS,PASS,SKIP,SKIP,SKIP,DIRECT,
c0554cdd4bd3b655faf56335b8ed7004ad1a04399ae3527fa905e0d517559267,kotlin,kotlin,PASS,PASS,PASS,PASS,PASS,PASS,SKIP,SKIP,SKIP,DIRECT,
c0554cdd4bd3b655faf56335b8ed7004ad1a04399ae3527fa905e0d517559267,kotlin,swift,PASS,PASS,PASS,PASS,PASS,PASS,SKIP,SKIP,SKIP,DIRECT,
30d2e5edb1f1a4d5a0d2173c41416ab31af2e5904084d34c21bbd374b105bb6b,kotlin,r,PASS,PASS,PASS,PASS,PASS,PASS,SKIP,SKIP,SKIP,DIRECT,
30d2e5edb1f1a4d5a0d2173c41416ab31af2e5904084d34c21bbd374b105bb6b,kotlin,go,PASS,PASS,PASS,PASS,PASS,PASS,SKIP,SKIP,SKIP,DIRECT,
30d2e5edb1f1a4d5a0d2173c41416ab31af2e5904084d34c21bbd374b105bb6b,kotlin,rust,PASS,PASS,PASS,PASS,PASS,PASS,SKIP,SKIP,SKIP,DIRECT,
30d2e5edb1f1a4d5a0d2173c41416ab31af2e5904084d34c21bbd374b105bb6b,kotlin,cpp,PASS,PASS,PASS,PASS,PASS,PASS,SKIP,SKIP,SKIP,DIRECT,
30d2e5edb1f1a4d5a0d2173c41416ab31af2e5904084d34c21bbd374b105bb6b,kotlin,c,PASS,PASS,PASS,PASS,PASS,PASS,SKIP,SKIP,SKIP,DIRECT,
30d2e5edb1f1a4d5a0d2173c41416ab31af2e5904084d34c21bbd374b105bb6b,kotlin,python,PASS,PASS,PASS,PASS,PASS,PASS,SKIP,SKIP,SKIP,DIRECT,
30d2e5edb1f1a4d5a0d2173c41416ab31af2e5904084d34c21bbd374b105bb6b,kotlin,zig,PASS,PASS,PASS,PASS,PASS,PASS,SKIP,SKIP,SKIP,DIRECT,
30d2e5edb1f1a4d5a0d2173c41416ab31af2e5904084d34c21bbd374b105bb6b,kotlin,julia,PASS,PASS,PASS,PASS,PASS,PASS,SKIP,SKIP,SKIP,DIRECT,
30d2e5edb1f1a4d5a0d2173c41416ab31af2e5904084d34c21bbd374b105bb6b,kotlin,nim,PASS,PASS,PASS,PASS,PASS,PASS,SKIP,SKIP,SKIP,DIRECT,
30d2e5edb1f1a4d5a0d2173c41416ab31af2e5904084d34c21bbd374b105bb6b,kotlin,csharp,PASS,PASS,PASS,PASS,PASS,PASS,SKIP,SKIP,SKIP,DIRECT,
30d2e5edb1f1a4d5a0d2173c41416ab31af2e5904084d34c21bbd374b105bb6b,kotlin,java,PASS,PASS,PASS,PASS,PASS,PASS,SKIP,SKIP,SKIP,DIRECT,
30d2e5edb1f1a4d5a0d2173c41416ab31af2e5904084d34c21bbd374b105bb6b,kotlin,kotlin,PASS,PASS,PASS,PASS,PASS,PASS,SKIP,SKIP,SKIP,DIRECT,
30d2e5edb1f1a4d5a0d2173c41416ab31af2e5904084d34c21bbd374b105bb6b,kotlin,swift,PASS,PASS,PASS,PASS,PASS,PASS,SKIP,SKIP,SKIP,DIRECT,
c99c1d63a429f9ed7fed587dfc856bcc95dd0f4b1fe9c30bc56f58736972301d,kotlin,r,PASS,PASS,PASS,PASS,PASS,PASS,SKIP,SKIP,SKIP,DIRECT,
c99c1d63a429f9ed7fed587dfc856bcc95dd0f4b1fe9c30bc56f58736972301d,kotlin,go,PASS,PASS,PASS,PASS,PASS,PASS,SKIP,SKIP,SKIP,DIRECT,
c99c1d63a429f9ed7fed587dfc856bcc95dd0f4b1fe9c30bc56f58736972301d,kotlin,rust,PASS,PASS,PASS,PASS,PASS,PASS,SKIP,SKIP,SKIP,DIRECT,
c99c1d63a429f9ed7fed587dfc856bcc95dd0f4b1fe9c30bc56f58736972301d,kotlin,cpp,PASS,PASS,PASS,PASS,PASS,PASS,SKIP,SKIP,SKIP,DIRECT,
c99c1d63a429f9ed7fed587dfc856bcc95dd0f4b1fe9c30bc56f58736972301d,kotlin,c,PASS,PASS,PASS,PASS,PASS,PASS,SKIP,SKIP,SKIP,DIRECT,
c99c1d63a429f9ed7fed587dfc856bcc95dd0f4b1fe9c30bc56f58736972301d,kotlin,python,PASS,PASS,PASS,PASS,PASS,PASS,SKIP,SKIP,SKIP,DIRECT,
c99c1d63a429f9ed7fed587dfc856bcc95dd0f4b1fe9c30bc56f58736972301d,kotlin,zig,PASS,PASS,PASS,PASS,PASS,PASS,SKIP,SKIP,SKIP,DIRECT,
c99c1d63a429f9ed7fed587dfc856bcc95dd0f4b1fe9c30bc56f58736972301d,kotlin,julia,PASS,PASS,PASS,PASS,PASS,PASS,SKIP,SKIP,SKIP,DIRECT,
c99c1d63a429f9ed7fed587dfc856bcc95dd0f4b1fe9c30bc56f58736972301d,kotlin,nim,PASS,PASS,PASS,PASS,PASS,PASS,SKIP,SKIP,SKIP,DIRECT,
c99c1d63a429f9ed7fed587dfc856bcc95dd0f4b1fe9c30bc56f58736972301d,kotlin,csharp,PASS,PASS,PASS,PASS,PASS,PASS,SKIP,SKIP,SKIP,DIRECT,
c99c1d63a429f9ed7fed587dfc856bcc95dd0f4b1fe9c30bc56f58736972301d,kotlin,java,PASS,PASS,PASS,PASS,PASS,PASS,SKIP,SKIP,SKIP,DIRECT,
c99c1d63a429f9ed7fed587dfc856bcc95dd0f4b1fe9c30bc56f58736972301d,kotlin,kotlin,PASS,PASS,PASS,PASS,PASS,PASS,SKIP,SKIP,SKIP,DIRECT,
c99c1d63a429f9ed7fed587dfc856bcc95dd0f4b1fe9c30bc56f58736972301d,kotlin,swift,PASS,PASS,PASS,PASS,PASS,PASS,SKIP,SKIP,SKIP,DIRECT,
d1ee6abea04f3f973168a61bad3393980fec631b184700004468fa0eb68d67b6,kotlin,r,PASS,PASS,PASS,PASS,FAIL,SKIP,SKIP,SKIP,SKIP,DIRECT,"universal node 1 lacks required ""expression"" child"
d1ee6abea04f3f973168a61bad3393980fec631b184700004468fa0eb68d67b6,kotlin,go,PASS,PASS,PASS,PASS,FAIL,SKIP,SKIP,SKIP,SKIP,DIRECT,DIRECT_NATIVE_UNAVAILABLE: unsupported UAST node OperationExpr/1
d1ee6abea04f3f973168a61bad3393980fec631b184700004468fa0eb68d67b6,kotlin,rust,PASS,PASS,PASS,PASS,FAIL,SKIP,SKIP,SKIP,SKIP,DIRECT,DIRECT_NATIVE_UNAVAILABLE: unsupported UAST node OperationExpr/1
d1ee6abea04f3f973168a61bad3393980fec631b184700004468fa0eb68d67b6,kotlin,cpp,PASS,PASS,PASS,PASS,FAIL,SKIP,SKIP,SKIP,SKIP,DIRECT,DIRECT_NATIVE_UNAVAILABLE: unsupported UAST node OperationExpr/1
d1ee6abea04f3f973168a61bad3393980fec631b184700004468fa0eb68d67b6,kotlin,c,PASS,PASS,PASS,PASS,FAIL,SKIP,SKIP,SKIP,SKIP,DIRECT,DIRECT_NATIVE_UNAVAILABLE: unsupported UAST node OperationExpr/1
d1ee6abea04f3f973168a61bad3393980fec631b184700004468fa0eb68d67b6,kotlin,python,PASS,PASS,PASS,PASS,FAIL,SKIP,SKIP,SKIP,SKIP,DIRECT,DIRECT_NATIVE_UNAVAILABLE: unsupported UAST node OperationExpr/1
d1ee6abea04f3f973168a61bad3393980fec631b184700004468fa0eb68d67b6,kotlin,zig,PASS,PASS,PASS,PASS,FAIL,SKIP,SKIP,SKIP,SKIP,DIRECT,DIRECT_NATIVE_UNAVAILABLE: unsupported UAST node OperationExpr/1
d1ee6abea04f3f973168a61bad3393980fec631b184700004468fa0eb68d67b6,kotlin,julia,PASS,PASS,PASS,PASS,FAIL,SKIP,SKIP,SKIP,SKIP,DIRECT,DIRECT_NATIVE_UNAVAILABLE: unsupported UAST node OperationExpr/1
d1ee6abea04f3f973168a61bad3393980fec631b184700004468fa0eb68d67b6,kotlin,nim,PASS,PASS,PASS,PASS,FAIL,SKIP,SKIP,SKIP,SKIP,DIRECT,DIRECT_NATIVE_UNAVAILABLE: unsupported UAST node OperationExpr/1
d1ee6abea04f3f973168a61bad3393980fec631b184700004468fa0eb68d67b6,kotlin,csharp,PASS,PASS,PASS,PASS,FAIL,SKIP,SKIP,SKIP,SKIP,DIRECT,DIRECT_NATIVE_UNAVAILABLE: unsupported UAST node OperationExpr/1
d1ee6abea04f3f973168a61bad3393980fec631b184700004468fa0eb68d67b6,kotlin,java,PASS,PASS,PASS,PASS,FAIL,SKIP,SKIP,SKIP,SKIP,DIRECT,DIRECT_NATIVE_UNAVAILABLE: unsupported UAST node OperationExpr/1
d1ee6abea04f3f973168a61bad3393980fec631b184700004468fa0eb68d67b6,kotlin,kotlin,PASS,PASS,PASS,PASS,FAIL,SKIP,SKIP,SKIP,SKIP,DIRECT,DIRECT_NATIVE_UNAVAILABLE: unsupported UAST node OperationExpr/1
d1ee6abea04f3f973168a61bad3393980fec631b184700004468fa0eb68d67b6,kotlin,swift,PASS,PASS,PASS,PASS,FAIL,SKIP,SKIP,SKIP,SKIP,DIRECT,DIRECT_NATIVE_UNAVAILABLE: unsupported UAST node OperationExpr/1
25d9a0833d7d65819f545bea77099523e567bcd9466285185479768a0a49622c,kotlin,r,PASS,PASS,PASS,PASS,PASS,PASS,SKIP,SKIP,SKIP,DIRECT,
25d9a0833d7d65819f545bea77099523e567bcd9466285185479768a0a49622c,kotlin,go,PASS,PASS,PASS,PASS,PASS,PASS,SKIP,SKIP,SKIP,DIRECT,
25d9a0833d7d65819f545bea77099523e567bcd9466285185479768a0a49622c,kotlin,rust,PASS,PASS,PASS,PASS,PASS,PASS,SKIP,SKIP,SKIP,DIRECT,
25d9a0833d7d65819f545bea77099523e567bcd9466285185479768a0a49622c,kotlin,cpp,PASS,PASS,PASS,PASS,PASS,PASS,SKIP,SKIP,SKIP,DIRECT,
25d9a0833d7d65819f545bea77099523e567bcd9466285185479768a0a49622c,kotlin,c,PASS,PASS,PASS,PASS,PASS,PASS,SKIP,SKIP,SKIP,DIRECT,
25d9a0833d7d65819f545bea77099523e567bcd9466285185479768a0a49622c,kotlin,python,PASS,PASS,PASS,PASS,PASS,PASS,SKIP,SKIP,SKIP,DIRECT,
25d9a0833d7d65819f545bea77099523e567bcd9466285185479768a0a49622c,kotlin,zig,PASS,PASS,PASS,PASS,PASS,PASS,SKIP,SKIP,SKIP,DIRECT,
25d9a0833d7d65819f545bea77099523e567bcd9466285185479768a0a49622c,kotlin,julia,PASS,PASS,PASS,PASS,PASS,PASS,SKIP,SKIP,SKIP,DIRECT,
25d9a0833d7d65819f545bea77099523e567bcd9466285185479768a0a49622c,kotlin,nim,PASS,PASS,PASS,PASS,PASS,PASS,SKIP,SKIP,SKIP,DIRECT,
25d9a0833d7d65819f545bea77099523e567bcd9466285185479768a0a49622c,kotlin,csharp,PASS,PASS,PASS,PASS,PASS,PASS,SKIP,SKIP,SKIP,DIRECT,
25d9a0833d7d65819f545bea77099523e567bcd9466285185479768a0a49622c,kotlin,java,PASS,PASS,PASS,PASS,PASS,PASS,SKIP,SKIP,SKIP,DIRECT,
25d9a0833d7d65819f545bea77099523e567bcd9466285185479768a0a49622c,kotlin,kotlin,PASS,PASS,PASS,PASS,PASS,PASS,SKIP,SKIP,SKIP,DIRECT,
25d9a0833d7d65819f545bea77099523e567bcd9466285185479768a0a49622c,kotlin,swift,PASS,PASS,PASS,PASS,PASS,PASS,SKIP,SKIP,SKIP,DIRECT,
035829a6b361970af87f3f06bcebb1420df400553d941c652b3c92f378719d05,kotlin,r,PASS,PASS,PASS,PASS,PASS,PASS,SKIP,SKIP,SKIP,DIRECT,
035829a6b361970af87f3f06bcebb1420df400553d941c652b3c92f378719d05,kotlin,go,PASS,PASS,PASS,PASS,PASS,PASS,SKIP,SKIP,SKIP,DIRECT,
035829a6b361970af87f3f06bcebb1420df400553d941c652b3c92f378719d05,kotlin,rust,PASS,PASS,PASS,PASS,PASS,PASS,SKIP,SKIP,SKIP,DIRECT,
035829a6b361970af87f3f06bcebb1420df400553d941c652b3c92f378719d05,kotlin,cpp,PASS,PASS,PASS,PASS,PASS,PASS,SKIP,SKIP,SKIP,DIRECT,
035829a6b361970af87f3f06bcebb1420df400553d941c652b3c92f378719d05,kotlin,c,PASS,PASS,PASS,PASS,PASS,PASS,SKIP,SKIP,SKIP,DIRECT,
035829a6b361970af87f3f06bcebb1420df400553d941c652b3c92f378719d05,kotlin,python,PASS,PASS,PASS,PASS,PASS,PASS,SKIP,SKIP,SKIP,DIRECT,
035829a6b361970af87f3f06bcebb1420df400553d941c652b3c92f378719d05,kotlin,zig,PASS,PASS,PASS,PASS,PASS,PASS,SKIP,SKIP,SKIP,DIRECT,
035829a6b361970af87f3f06bcebb1420df400553d941c652b3c92f378719d05,kotlin,julia,PASS,PASS,PASS,PASS,PASS,PASS,SKIP,SKIP,SKIP,DIRECT,
035829a6b361970af87f3f06bcebb1420df400553d941c652b3c92f378719d05,kotlin,nim,PASS,PASS,PASS,PASS,PASS,PASS,SKIP,SKIP,SKIP,DIRECT,
035829a6b361970af87f3f06bcebb1420df400553d941c652b3c92f378719d05,kotlin,csharp,PASS,PASS,PASS,PASS,PASS,PASS,SKIP,SKIP,SKIP,DIRECT,
035829a6b361970af87f3f06bcebb1420df400553d941c652b3c92f378719d05,kotlin,java,PASS,PASS,PASS,PASS,PASS,PASS,SKIP,SKIP,SKIP,DIRECT,
035829a6b361970af87f3f06bcebb1420df400553d941c652b3c92f378719d05,kotlin,kotlin,PASS,PASS,PASS,PASS,PASS,PASS,SKIP,SKIP,SKIP,DIRECT,
035829a6b361970af87f3f06bcebb1420df400553d941c652b3c92f378719d05,kotlin,swift,PASS,PASS,PASS,PASS,PASS,PASS,SKIP,SKIP,SKIP,DIRECT,
c82ed8ed67dafdc35762ebd01d9f721edb1b8d84127a4187314d196127cbfb1c,kotlin,r,PASS,PASS,PASS,PASS,PASS,PASS,SKIP,SKIP,SKIP,DIRECT,
c82ed8ed67dafdc35762ebd01d9f721edb1b8d84127a4187314d196127cbfb1c,kotlin,go,PASS,PASS,PASS,PASS,PASS,PASS,SKIP,SKIP,SKIP,DIRECT,
c82ed8ed67dafdc35762ebd01d9f721edb1b8d84127a4187314d196127cbfb1c,kotlin,rust,PASS,PASS,PASS,PASS,PASS,PASS,SKIP,SKIP,SKIP,DIRECT,
c82ed8ed67dafdc35762ebd01d9f721edb1b8d84127a4187314d196127cbfb1c,kotlin,cpp,PASS,PASS,PASS,PASS,PASS,PASS,SKIP,SKIP,SKIP,DIRECT,
c82ed8ed67dafdc35762ebd01d9f721edb1b8d84127a4187314d196127cbfb1c,kotlin,c,PASS,PASS,PASS,PASS,PASS,PASS,SKIP,SKIP,SKIP,DIRECT,
c82ed8ed67dafdc35762ebd01d9f721edb1b8d84127a4187314d196127cbfb1c,kotlin,python,PASS,PASS,PASS,PASS,FAIL,SKIP,SKIP,SKIP,SKIP,DIRECT,"DIRECT_NATIVE_UNAVAILABLE: target python emitted invalid syntax (other: Sorry: IndentationError: expected an indented block after function definition on line 2 (program.py, line 2))"
c82ed8ed67dafdc35762ebd01d9f721edb1b8d84127a4187314d196127cbfb1c,kotlin,zig,PASS,PASS,PASS,PASS,PASS,PASS,SKIP,SKIP,SKIP,DIRECT,
c82ed8ed67dafdc35762ebd01d9f721edb1b8d84127a4187314d196127cbfb1c,kotlin,julia,PASS,PASS,PASS,PASS,PASS,PASS,SKIP,SKIP,SKIP,DIRECT,
c82ed8ed67dafdc35762ebd01d9f721edb1b8d84127a4187314d196127cbfb1c,kotlin,nim,PASS,PASS,PASS,PASS,PASS,PASS,SKIP,SKIP,SKIP,DIRECT,
c82ed8ed67dafdc35762ebd01d9f721edb1b8d84127a4187314d196127cbfb1c,kotlin,csharp,PASS,PASS,PASS,PASS,PASS,PASS,SKIP,SKIP,SKIP,DIRECT,
c82ed8ed67dafdc35762ebd01d9f721edb1b8d84127a4187314d196127cbfb1c,kotlin,java,PASS,PASS,PASS,PASS,FAIL,SKIP,SKIP,SKIP,SKIP,DIRECT,DIRECT_NATIVE_UNAVAILABLE: target java emitted invalid syntax (other: C:\Users\tarek\AppData\Local\Temp\codetranspiler-syntax-2550344718\Main.java:5: Fehler: Inkompatible Typen: Ungültiger Rückgabetyp in Lambda-Ausdruck java.util.function.F
c82ed8ed67dafdc35762ebd01d9f721edb1b8d84127a4187314d196127cbfb1c,kotlin,kotlin,PASS,PASS,PASS,PASS,PASS,PASS,SKIP,SKIP,SKIP,DIRECT,
c82ed8ed67dafdc35762ebd01d9f721edb1b8d84127a4187314d196127cbfb1c,kotlin,swift,PASS,PASS,PASS,PASS,PASS,PASS,SKIP,SKIP,SKIP,DIRECT,
