quotient_id,generic_repair_family,affected_cases,status
Q0001,existing-handler-review,5,RECORDED_BEFORE_REPAIR
Q0002,existing-handler-review,5,RECORDED_BEFORE_REPAIR
Q0003,existing-handler-review,5,RECORDED_BEFORE_REPAIR
Q0004,existing-handler-review,5,RECORDED_BEFORE_REPAIR
Q0005,existing-handler-review,1,RECORDED_BEFORE_REPAIR
Q0006,existing-handler-review,44,RECORDED_BEFORE_REPAIR
Q0007,existing-handler-review,44,RECORDED_BEFORE_REPAIR
Q0008,existing-handler-review,44,RECORDED_BEFORE_REPAIR
Q0009,existing-handler-review,44,RECORDED_BEFORE_REPAIR
