"offset","shard","status","exit_code","elapsed_seconds","summary"
"0","shard-0000","FAIL",,"51,3","C:\Users\tarek\Desktop\Transpiler\Universal-Code-Transpiler - Kopie\matrices\post_decompiler_mining_replay_v5\source_shards\shard-0000\final_summary.json"
"50","shard-0050","FAIL",,"98,8","C:\Users\tarek\Desktop\Transpiler\Universal-Code-Transpiler - Kopie\matrices\post_decompiler_mining_replay_v5\source_shards\shard-0050\final_summary.json"
"100","shard-0100","FAIL",,"89,8","C:\Users\tarek\Desktop\Transpiler\Universal-Code-Transpiler - Kopie\matrices\post_decompiler_mining_replay_v5\source_shards\shard-0100\final_summary.json"
"150","shard-0150","FAIL",,"140,6","C:\Users\tarek\Desktop\Transpiler\Universal-Code-Transpiler - Kopie\matrices\post_decompiler_mining_replay_v5\source_shards\shard-0150\final_summary.json"
"200","shard-0200","FAIL",,"124,3","C:\Users\tarek\Desktop\Transpiler\Universal-Code-Transpiler - Kopie\matrices\post_decompiler_mining_replay_v5\source_shards\shard-0200\final_summary.json"
"250","shard-0250","FAIL",,"106,3","C:\Users\tarek\Desktop\Transpiler\Universal-Code-Transpiler - Kopie\matrices\post_decompiler_mining_replay_v5\source_shards\shard-0250\final_summary.json"
"300","shard-0300","FAIL",,"138,7","C:\Users\tarek\Desktop\Transpiler\Universal-Code-Transpiler - Kopie\matrices\post_decompiler_mining_replay_v5\source_shards\shard-0300\final_summary.json"
"350","shard-0350","FAIL",,"120,8","C:\Users\tarek\Desktop\Transpiler\Universal-Code-Transpiler - Kopie\matrices\post_decompiler_mining_replay_v5\source_shards\shard-0350\final_summary.json"
"400","shard-0400","FAIL",,"127","C:\Users\tarek\Desktop\Transpiler\Universal-Code-Transpiler - Kopie\matrices\post_decompiler_mining_replay_v5\source_shards\shard-0400\final_summary.json"
"450","shard-0450","FAIL",,"107,5","C:\Users\tarek\Desktop\Transpiler\Universal-Code-Transpiler - Kopie\matrices\post_decompiler_mining_replay_v5\source_shards\shard-0450\final_summary.json"
"500","shard-0500","FAIL",,"131,9","C:\Users\tarek\Desktop\Transpiler\Universal-Code-Transpiler - Kopie\matrices\post_decompiler_mining_replay_v5\source_shards\shard-0500\final_summary.json"
"550","shard-0550","FAIL",,"102,6","C:\Users\tarek\Desktop\Transpiler\Universal-Code-Transpiler - Kopie\matrices\post_decompiler_mining_replay_v5\source_shards\shard-0550\final_summary.json"
"600","shard-0600","FAIL",,"85,6","C:\Users\tarek\Desktop\Transpiler\Universal-Code-Transpiler - Kopie\matrices\post_decompiler_mining_replay_v5\source_shards\shard-0600\final_summary.json"
"650","shard-0650","FAIL",,"116,7","C:\Users\tarek\Desktop\Transpiler\Universal-Code-Transpiler - Kopie\matrices\post_decompiler_mining_replay_v5\source_shards\shard-0650\final_summary.json"
"700","shard-0700","FAIL",,"87,2","C:\Users\tarek\Desktop\Transpiler\Universal-Code-Transpiler - Kopie\matrices\post_decompiler_mining_replay_v5\source_shards\shard-0700\final_summary.json"
"750","shard-0750","FAIL",,"99,5","C:\Users\tarek\Desktop\Transpiler\Universal-Code-Transpiler - Kopie\matrices\post_decompiler_mining_replay_v5\source_shards\shard-0750\final_summary.json"
"800","shard-0800","FAIL",,"115,1","C:\Users\tarek\Desktop\Transpiler\Universal-Code-Transpiler - Kopie\matrices\post_decompiler_mining_replay_v5\source_shards\shard-0800\final_summary.json"
"850","shard-0850","FAIL",,"168","C:\Users\tarek\Desktop\Transpiler\Universal-Code-Transpiler - Kopie\matrices\post_decompiler_mining_replay_v5\source_shards\shard-0850\final_summary.json"
"900","shard-0900","FAIL",,"146,7","C:\Users\tarek\Desktop\Transpiler\Universal-Code-Transpiler - Kopie\matrices\post_decompiler_mining_replay_v5\source_shards\shard-0900\final_summary.json"
"950","shard-0950","FAIL",,"151,6","C:\Users\tarek\Desktop\Transpiler\Universal-Code-Transpiler - Kopie\matrices\post_decompiler_mining_replay_v5\source_shards\shard-0950\final_summary.json"
"1000","shard-1000","FAIL",,"181,8","C:\Users\tarek\Desktop\Transpiler\Universal-Code-Transpiler - Kopie\matrices\post_decompiler_mining_replay_v5\source_shards\shard-1000\final_summary.json"
"1050","shard-1050","FAIL",,"136","C:\Users\tarek\Desktop\Transpiler\Universal-Code-Transpiler - Kopie\matrices\post_decompiler_mining_replay_v5\source_shards\shard-1050\final_summary.json"
"1100","shard-1100","FAIL",,"154,8","C:\Users\tarek\Desktop\Transpiler\Universal-Code-Transpiler - Kopie\matrices\post_decompiler_mining_replay_v5\source_shards\shard-1100\final_summary.json"
"1150","shard-1150","FAIL",,"144,3","C:\Users\tarek\Desktop\Transpiler\Universal-Code-Transpiler - Kopie\matrices\post_decompiler_mining_replay_v5\source_shards\shard-1150\final_summary.json"
"1200","shard-1200","FAIL",,"149,2","C:\Users\tarek\Desktop\Transpiler\Universal-Code-Transpiler - Kopie\matrices\post_decompiler_mining_replay_v5\source_shards\shard-1200\final_summary.json"
"1250","shard-1250","FAIL",,"158,1","C:\Users\tarek\Desktop\Transpiler\Universal-Code-Transpiler - Kopie\matrices\post_decompiler_mining_replay_v5\source_shards\shard-1250\final_summary.json"
"1300","shard-1300","FAIL",,"109,9","C:\Users\tarek\Desktop\Transpiler\Universal-Code-Transpiler - Kopie\matrices\post_decompiler_mining_replay_v5\source_shards\shard-1300\final_summary.json"
"1350","shard-1350","FAIL",,"155,4","C:\Users\tarek\Desktop\Transpiler\Universal-Code-Transpiler - Kopie\matrices\post_decompiler_mining_replay_v5\source_shards\shard-1350\final_summary.json"
"1400","shard-1400","FAIL",,"144,8","C:\Users\tarek\Desktop\Transpiler\Universal-Code-Transpiler - Kopie\matrices\post_decompiler_mining_replay_v5\source_shards\shard-1400\final_summary.json"
"1450","shard-1450","FAIL",,"123,6","C:\Users\tarek\Desktop\Transpiler\Universal-Code-Transpiler - Kopie\matrices\post_decompiler_mining_replay_v5\source_shards\shard-1450\final_summary.json"
"1500","shard-1500","FAIL",,"131,7","C:\Users\tarek\Desktop\Transpiler\Universal-Code-Transpiler - Kopie\matrices\post_decompiler_mining_replay_v5\source_shards\shard-1500\final_summary.json"
"1550","shard-1550","FAIL",,"60,2","C:\Users\tarek\Desktop\Transpiler\Universal-Code-Transpiler - Kopie\matrices\post_decompiler_mining_replay_v5\source_shards\shard-1550\final_summary.json"
"1600","shard-1600","FAIL",,"113","C:\Users\tarek\Desktop\Transpiler\Universal-Code-Transpiler - Kopie\matrices\post_decompiler_mining_replay_v5\source_shards\shard-1600\final_summary.json"
"1650","shard-1650","FAIL",,"85,3","C:\Users\tarek\Desktop\Transpiler\Universal-Code-Transpiler - Kopie\matrices\post_decompiler_mining_replay_v5\source_shards\shard-1650\final_summary.json"
"1700","shard-1700","FAIL",,"73,1","C:\Users\tarek\Desktop\Transpiler\Universal-Code-Transpiler - Kopie\matrices\post_decompiler_mining_replay_v5\source_shards\shard-1700\final_summary.json"
