failure_id,case_id,feature,value
357da21dd33e581536536b6d23b18e14549291b2891ca30d1c95947a4caffea0,a64087e927818e77d680762ea7721605d619e1b20d9d9359992aed8679719917,stage,V4_NATIVE_EMISSION
357da21dd33e581536536b6d23b18e14549291b2891ca30d1c95947a4caffea0,a64087e927818e77d680762ea7721605d619e1b20d9d9359992aed8679719917,class,BACKEND
8fca2536bc86f46a22fe8a2414b65e0aa1b9e752ab6ede0da4629d96f6673525,a64087e927818e77d680762ea7721605d619e1b20d9d9359992aed8679719917,stage,V4_NATIVE_EMISSION
8fca2536bc86f46a22fe8a2414b65e0aa1b9e752ab6ede0da4629d96f6673525,a64087e927818e77d680762ea7721605d619e1b20d9d9359992aed8679719917,class,BACKEND
17a8e4e66ea20ffea4859b2b4439a65af6ae7afb6717e929d07ad419065fc814,a64087e927818e77d680762ea7721605d619e1b20d9d9359992aed8679719917,stage,V4_NATIVE_EMISSION
17a8e4e66ea20ffea4859b2b4439a65af6ae7afb6717e929d07ad419065fc814,a64087e927818e77d680762ea7721605d619e1b20d9d9359992aed8679719917,class,BACKEND
4e6b30f719c506590cd46f3543bfdbdd20f5fcc46fa0740eae5afc3212422f21,a64087e927818e77d680762ea7721605d619e1b20d9d9359992aed8679719917,stage,V4_NATIVE_EMISSION
4e6b30f719c506590cd46f3543bfdbdd20f5fcc46fa0740eae5afc3212422f21,a64087e927818e77d680762ea7721605d619e1b20d9d9359992aed8679719917,class,BACKEND
8621a905fc9ad51241a89502eba59a96ea0706fb1ecabd4bdf7e7825da1641a4,a64087e927818e77d680762ea7721605d619e1b20d9d9359992aed8679719917,stage,V4_NATIVE_EMISSION
8621a905fc9ad51241a89502eba59a96ea0706fb1ecabd4bdf7e7825da1641a4,a64087e927818e77d680762ea7721605d619e1b20d9d9359992aed8679719917,class,BACKEND
36b942047a9e15f9036e027731775ff87ddf3e62bf9d01bf4116c58fdb725743,a64087e927818e77d680762ea7721605d619e1b20d9d9359992aed8679719917,stage,V4_NATIVE_EMISSION
36b942047a9e15f9036e027731775ff87ddf3e62bf9d01bf4116c58fdb725743,a64087e927818e77d680762ea7721605d619e1b20d9d9359992aed8679719917,class,BACKEND
42f945ac753d3d565951f84daa9ca44f740ce350618a7933f0fca994baa91d13,a64087e927818e77d680762ea7721605d619e1b20d9d9359992aed8679719917,stage,V4_NATIVE_EMISSION
42f945ac753d3d565951f84daa9ca44f740ce350618a7933f0fca994baa91d13,a64087e927818e77d680762ea7721605d619e1b20d9d9359992aed8679719917,class,BACKEND
66d8bb05334bd3baa49e42d6954912281694865212b3deacd29d68cca39d6c87,a64087e927818e77d680762ea7721605d619e1b20d9d9359992aed8679719917,stage,V4_NATIVE_EMISSION
66d8bb05334bd3baa49e42d6954912281694865212b3deacd29d68cca39d6c87,a64087e927818e77d680762ea7721605d619e1b20d9d9359992aed8679719917,class,BACKEND
c0a82e74570c25b39384ff631a68b307880fddaf99dee70dfcd761a1a4542b92,a64087e927818e77d680762ea7721605d619e1b20d9d9359992aed8679719917,stage,V4_NATIVE_EMISSION
c0a82e74570c25b39384ff631a68b307880fddaf99dee70dfcd761a1a4542b92,a64087e927818e77d680762ea7721605d619e1b20d9d9359992aed8679719917,class,BACKEND
d0ca893892fa6a4d0791a5282bca21da4cf0f82aa3f69e2bbb96db7d4ed81c08,a64087e927818e77d680762ea7721605d619e1b20d9d9359992aed8679719917,stage,V4_NATIVE_EMISSION
d0ca893892fa6a4d0791a5282bca21da4cf0f82aa3f69e2bbb96db7d4ed81c08,a64087e927818e77d680762ea7721605d619e1b20d9d9359992aed8679719917,class,BACKEND
f5d18753222d089b7d70b8fd45c010a3b51f70101bfa591863856e086486a6af,a64087e927818e77d680762ea7721605d619e1b20d9d9359992aed8679719917,stage,V4_NATIVE_EMISSION
f5d18753222d089b7d70b8fd45c010a3b51f70101bfa591863856e086486a6af,a64087e927818e77d680762ea7721605d619e1b20d9d9359992aed8679719917,class,BACKEND
92e28a60f0ce7cffb7324e1f7d995b61f808ab4e7bbd108e4b2143d2f893a649,a64087e927818e77d680762ea7721605d619e1b20d9d9359992aed8679719917,stage,V4_NATIVE_EMISSION
92e28a60f0ce7cffb7324e1f7d995b61f808ab4e7bbd108e4b2143d2f893a649,a64087e927818e77d680762ea7721605d619e1b20d9d9359992aed8679719917,class,BACKEND
2cc7442828606483b9667b444ae3146ad133eb7f565ca7e7f83d86744e7e0ff9,9699d562bb79060abbbe6fc5dc162f27487c4f7afcdcf153d41054bcdc4a270f,stage,V4_NATIVE_EMISSION
2cc7442828606483b9667b444ae3146ad133eb7f565ca7e7f83d86744e7e0ff9,9699d562bb79060abbbe6fc5dc162f27487c4f7afcdcf153d41054bcdc4a270f,class,BACKEND
9b65e41597aa79f70491020663792ade58ea92eb72dd8d8778dd0acdde7b0c2f,9699d562bb79060abbbe6fc5dc162f27487c4f7afcdcf153d41054bcdc4a270f,stage,V4_NATIVE_EMISSION
9b65e41597aa79f70491020663792ade58ea92eb72dd8d8778dd0acdde7b0c2f,9699d562bb79060abbbe6fc5dc162f27487c4f7afcdcf153d41054bcdc4a270f,class,BACKEND
061e75fc2ac47e97223b869cbededf8a479d0c95049486a5e312f52e298874db,9699d562bb79060abbbe6fc5dc162f27487c4f7afcdcf153d41054bcdc4a270f,stage,V4_NATIVE_EMISSION
061e75fc2ac47e97223b869cbededf8a479d0c95049486a5e312f52e298874db,9699d562bb79060abbbe6fc5dc162f27487c4f7afcdcf153d41054bcdc4a270f,class,BACKEND
8690905c1d3a1d74fb75206ba8bd0c3f80bde8e0f1f136ef2324bf8fdc019959,9699d562bb79060abbbe6fc5dc162f27487c4f7afcdcf153d41054bcdc4a270f,stage,V4_NATIVE_EMISSION
8690905c1d3a1d74fb75206ba8bd0c3f80bde8e0f1f136ef2324bf8fdc019959,9699d562bb79060abbbe6fc5dc162f27487c4f7afcdcf153d41054bcdc4a270f,class,BACKEND
6a7f9fef1092e77e649b22578c29e20012ad9a41d8f103eaa51a474dd4f880c9,9699d562bb79060abbbe6fc5dc162f27487c4f7afcdcf153d41054bcdc4a270f,stage,V4_NATIVE_EMISSION
6a7f9fef1092e77e649b22578c29e20012ad9a41d8f103eaa51a474dd4f880c9,9699d562bb79060abbbe6fc5dc162f27487c4f7afcdcf153d41054bcdc4a270f,class,BACKEND
69908604a93917facf796ccfd04e79c02cba35060807e3ed6d4b434b6a886d23,9699d562bb79060abbbe6fc5dc162f27487c4f7afcdcf153d41054bcdc4a270f,stage,V4_NATIVE_EMISSION
69908604a93917facf796ccfd04e79c02cba35060807e3ed6d4b434b6a886d23,9699d562bb79060abbbe6fc5dc162f27487c4f7afcdcf153d41054bcdc4a270f,class,BACKEND
45cb0a58f1502146e42c42d977c8cd9ae30b3feefc4aabca967c6a5ebbca3170,9699d562bb79060abbbe6fc5dc162f27487c4f7afcdcf153d41054bcdc4a270f,stage,V4_NATIVE_EMISSION
45cb0a58f1502146e42c42d977c8cd9ae30b3feefc4aabca967c6a5ebbca3170,9699d562bb79060abbbe6fc5dc162f27487c4f7afcdcf153d41054bcdc4a270f,class,BACKEND
54b54ddb3e9a942ae47c51c8785618264f03f71fb6437edceb1decaa796c8f99,9699d562bb79060abbbe6fc5dc162f27487c4f7afcdcf153d41054bcdc4a270f,stage,V4_NATIVE_EMISSION
54b54ddb3e9a942ae47c51c8785618264f03f71fb6437edceb1decaa796c8f99,9699d562bb79060abbbe6fc5dc162f27487c4f7afcdcf153d41054bcdc4a270f,class,BACKEND
4b58f0b6e14f89318d109ac034dea6b5dc9848a52423079ba24ea680b8a87b5b,9699d562bb79060abbbe6fc5dc162f27487c4f7afcdcf153d41054bcdc4a270f,stage,V4_NATIVE_EMISSION
4b58f0b6e14f89318d109ac034dea6b5dc9848a52423079ba24ea680b8a87b5b,9699d562bb79060abbbe6fc5dc162f27487c4f7afcdcf153d41054bcdc4a270f,class,BACKEND
d16ca7464f4babfbeb5587ff1ee0880cab381bf57689a3abeff0b6eda6680932,9699d562bb79060abbbe6fc5dc162f27487c4f7afcdcf153d41054bcdc4a270f,stage,V4_NATIVE_EMISSION
d16ca7464f4babfbeb5587ff1ee0880cab381bf57689a3abeff0b6eda6680932,9699d562bb79060abbbe6fc5dc162f27487c4f7afcdcf153d41054bcdc4a270f,class,BACKEND
3f4f2d71c9565b5dedb485771a2bda7fe52a611d9a4e3e960e4284ab3514a6b8,9699d562bb79060abbbe6fc5dc162f27487c4f7afcdcf153d41054bcdc4a270f,stage,V4_NATIVE_EMISSION
3f4f2d71c9565b5dedb485771a2bda7fe52a611d9a4e3e960e4284ab3514a6b8,9699d562bb79060abbbe6fc5dc162f27487c4f7afcdcf153d41054bcdc4a270f,class,BACKEND
e47fd66b79ee9ddf0c9b7aa0344b5e7f691d5934edb7761c9c702c193609b03c,9699d562bb79060abbbe6fc5dc162f27487c4f7afcdcf153d41054bcdc4a270f,stage,V4_NATIVE_EMISSION
e47fd66b79ee9ddf0c9b7aa0344b5e7f691d5934edb7761c9c702c193609b03c,9699d562bb79060abbbe6fc5dc162f27487c4f7afcdcf153d41054bcdc4a270f,class,BACKEND
51c1039ee7771ada028a9620c0b08e9a2b2816b6d2cdb6155c9a60bfd9d33d8c,9699d562bb79060abbbe6fc5dc162f27487c4f7afcdcf153d41054bcdc4a270f,stage,V4_NATIVE_EMISSION
51c1039ee7771ada028a9620c0b08e9a2b2816b6d2cdb6155c9a60bfd9d33d8c,9699d562bb79060abbbe6fc5dc162f27487c4f7afcdcf153d41054bcdc4a270f,class,BACKEND
3a2c6a5252f972c6ae1d91e77373c955ccd76162914d48cf750d912af36a6d23,b53c764e76339ec4025f44718c76f18eb6ac85efdb02dc30ea2cb8d0542d79a5,stage,V4_NATIVE_EMISSION
3a2c6a5252f972c6ae1d91e77373c955ccd76162914d48cf750d912af36a6d23,b53c764e76339ec4025f44718c76f18eb6ac85efdb02dc30ea2cb8d0542d79a5,class,BACKEND
0026cc7018c23c74f9acd9a4854d6dee52a7e9aef312312b4bb495b35700cb88,b53c764e76339ec4025f44718c76f18eb6ac85efdb02dc30ea2cb8d0542d79a5,stage,V4_NATIVE_EMISSION
0026cc7018c23c74f9acd9a4854d6dee52a7e9aef312312b4bb495b35700cb88,b53c764e76339ec4025f44718c76f18eb6ac85efdb02dc30ea2cb8d0542d79a5,class,BACKEND
7e8cfec9665176de547bbc890141692a9f277c74c1e8e712274580993a422a8e,b53c764e76339ec4025f44718c76f18eb6ac85efdb02dc30ea2cb8d0542d79a5,stage,V4_NATIVE_EMISSION
7e8cfec9665176de547bbc890141692a9f277c74c1e8e712274580993a422a8e,b53c764e76339ec4025f44718c76f18eb6ac85efdb02dc30ea2cb8d0542d79a5,class,BACKEND
20c4e994fef1630ef894ff33b1492d9757d763e1687501968345ff8a2a5267e9,b53c764e76339ec4025f44718c76f18eb6ac85efdb02dc30ea2cb8d0542d79a5,stage,V4_NATIVE_EMISSION
20c4e994fef1630ef894ff33b1492d9757d763e1687501968345ff8a2a5267e9,b53c764e76339ec4025f44718c76f18eb6ac85efdb02dc30ea2cb8d0542d79a5,class,BACKEND
a127e24455e85bc7d2f5dcac750fe2bfb1122559d4cc0c951c2f1c07cd6fe534,b53c764e76339ec4025f44718c76f18eb6ac85efdb02dc30ea2cb8d0542d79a5,stage,V4_NATIVE_EMISSION
a127e24455e85bc7d2f5dcac750fe2bfb1122559d4cc0c951c2f1c07cd6fe534,b53c764e76339ec4025f44718c76f18eb6ac85efdb02dc30ea2cb8d0542d79a5,class,BACKEND
138605148bab40869c91fbb5aee0266f9ca9f3df391ab3af8a795345249088f9,b53c764e76339ec4025f44718c76f18eb6ac85efdb02dc30ea2cb8d0542d79a5,stage,V4_NATIVE_EMISSION
138605148bab40869c91fbb5aee0266f9ca9f3df391ab3af8a795345249088f9,b53c764e76339ec4025f44718c76f18eb6ac85efdb02dc30ea2cb8d0542d79a5,class,BACKEND
2e2ecd72217f3f45ed86e6984a276b6cf7812750afe29c3281a292ea65211b16,b53c764e76339ec4025f44718c76f18eb6ac85efdb02dc30ea2cb8d0542d79a5,stage,V4_NATIVE_EMISSION
2e2ecd72217f3f45ed86e6984a276b6cf7812750afe29c3281a292ea65211b16,b53c764e76339ec4025f44718c76f18eb6ac85efdb02dc30ea2cb8d0542d79a5,class,BACKEND
27f475d2af27b44c31075091c8e95e9992510b52dff620f2a7f761d6d4c794bb,b53c764e76339ec4025f44718c76f18eb6ac85efdb02dc30ea2cb8d0542d79a5,stage,V4_NATIVE_EMISSION
27f475d2af27b44c31075091c8e95e9992510b52dff620f2a7f761d6d4c794bb,b53c764e76339ec4025f44718c76f18eb6ac85efdb02dc30ea2cb8d0542d79a5,class,BACKEND
8dc163388c5e9a3f23118588357b3fabc82d87caf89cd44eaed6fc80187dd1af,b53c764e76339ec4025f44718c76f18eb6ac85efdb02dc30ea2cb8d0542d79a5,stage,V4_NATIVE_EMISSION
8dc163388c5e9a3f23118588357b3fabc82d87caf89cd44eaed6fc80187dd1af,b53c764e76339ec4025f44718c76f18eb6ac85efdb02dc30ea2cb8d0542d79a5,class,BACKEND
750cfbd9e26bb24166191048de7897036df5be2c4b2fa06b41f2fbcede765d25,b53c764e76339ec4025f44718c76f18eb6ac85efdb02dc30ea2cb8d0542d79a5,stage,V4_NATIVE_EMISSION
750cfbd9e26bb24166191048de7897036df5be2c4b2fa06b41f2fbcede765d25,b53c764e76339ec4025f44718c76f18eb6ac85efdb02dc30ea2cb8d0542d79a5,class,BACKEND
d592d7bd4cf4fd813ff0eb78b41f9b3507336437ae2135f404d86f5b9e2c187f,b53c764e76339ec4025f44718c76f18eb6ac85efdb02dc30ea2cb8d0542d79a5,stage,V4_NATIVE_EMISSION
d592d7bd4cf4fd813ff0eb78b41f9b3507336437ae2135f404d86f5b9e2c187f,b53c764e76339ec4025f44718c76f18eb6ac85efdb02dc30ea2cb8d0542d79a5,class,BACKEND
06970b41ef7b50eeeac42ee787404989d58c8b23ca38c4f148c29708217b0cbd,b53c764e76339ec4025f44718c76f18eb6ac85efdb02dc30ea2cb8d0542d79a5,stage,V4_NATIVE_EMISSION
06970b41ef7b50eeeac42ee787404989d58c8b23ca38c4f148c29708217b0cbd,b53c764e76339ec4025f44718c76f18eb6ac85efdb02dc30ea2cb8d0542d79a5,class,BACKEND
65d017f8e4271eb5ca327c73277eb468a797c6c73963a5dd20d471b408b10745,b53c764e76339ec4025f44718c76f18eb6ac85efdb02dc30ea2cb8d0542d79a5,stage,V4_NATIVE_EMISSION
65d017f8e4271eb5ca327c73277eb468a797c6c73963a5dd20d471b408b10745,b53c764e76339ec4025f44718c76f18eb6ac85efdb02dc30ea2cb8d0542d79a5,class,BACKEND
a323685f98193dd96f191ac359f71e818ae15617de0a126816b5f3aeaad660c2,274821fa44ca86f57ccaf8543fa364818ee48d3a77a14c77bca2d721fb7227a2,stage,V4_NATIVE_EMISSION
a323685f98193dd96f191ac359f71e818ae15617de0a126816b5f3aeaad660c2,274821fa44ca86f57ccaf8543fa364818ee48d3a77a14c77bca2d721fb7227a2,class,BACKEND
55d418c1ab377ab3ba3ea793d8ea074eda4e7d9ecc1d964ad26937e039a6a4fe,274821fa44ca86f57ccaf8543fa364818ee48d3a77a14c77bca2d721fb7227a2,stage,V4_NATIVE_EMISSION
55d418c1ab377ab3ba3ea793d8ea074eda4e7d9ecc1d964ad26937e039a6a4fe,274821fa44ca86f57ccaf8543fa364818ee48d3a77a14c77bca2d721fb7227a2,class,BACKEND
bfb33d3b7e6488a78feec6d1e8653a808c272fc671870d11c053b7c31527e3e9,274821fa44ca86f57ccaf8543fa364818ee48d3a77a14c77bca2d721fb7227a2,stage,V4_NATIVE_EMISSION
bfb33d3b7e6488a78feec6d1e8653a808c272fc671870d11c053b7c31527e3e9,274821fa44ca86f57ccaf8543fa364818ee48d3a77a14c77bca2d721fb7227a2,class,BACKEND
1f30ba321d61456308cbc51523c3e23e71a41708d4578824259f384bc3baeac6,274821fa44ca86f57ccaf8543fa364818ee48d3a77a14c77bca2d721fb7227a2,stage,V4_NATIVE_EMISSION
1f30ba321d61456308cbc51523c3e23e71a41708d4578824259f384bc3baeac6,274821fa44ca86f57ccaf8543fa364818ee48d3a77a14c77bca2d721fb7227a2,class,BACKEND
b11fc845db740d228c835d7d1049088f9e134508f0861cf25e549ed32fcbf447,274821fa44ca86f57ccaf8543fa364818ee48d3a77a14c77bca2d721fb7227a2,stage,V4_NATIVE_EMISSION
b11fc845db740d228c835d7d1049088f9e134508f0861cf25e549ed32fcbf447,274821fa44ca86f57ccaf8543fa364818ee48d3a77a14c77bca2d721fb7227a2,class,BACKEND
a45f147fa66ea6724b4fa4cb06bcdfdda34d5c3e217cf3df05ba8af8e4746c4d,274821fa44ca86f57ccaf8543fa364818ee48d3a77a14c77bca2d721fb7227a2,stage,V4_NATIVE_EMISSION
a45f147fa66ea6724b4fa4cb06bcdfdda34d5c3e217cf3df05ba8af8e4746c4d,274821fa44ca86f57ccaf8543fa364818ee48d3a77a14c77bca2d721fb7227a2,class,BACKEND
b1b8768e431f12f72c0d574e92be781f77b65d99aff6817ed5e84a960c5bb893,274821fa44ca86f57ccaf8543fa364818ee48d3a77a14c77bca2d721fb7227a2,stage,V4_NATIVE_EMISSION
b1b8768e431f12f72c0d574e92be781f77b65d99aff6817ed5e84a960c5bb893,274821fa44ca86f57ccaf8543fa364818ee48d3a77a14c77bca2d721fb7227a2,class,BACKEND
df90e19ade85ff6163dc90ba6c3bd5d5fcfbd43cc4e1e5bea88c16b3a2b4e230,274821fa44ca86f57ccaf8543fa364818ee48d3a77a14c77bca2d721fb7227a2,stage,V4_NATIVE_EMISSION
df90e19ade85ff6163dc90ba6c3bd5d5fcfbd43cc4e1e5bea88c16b3a2b4e230,274821fa44ca86f57ccaf8543fa364818ee48d3a77a14c77bca2d721fb7227a2,class,BACKEND
d22faba7f7fef3cffce298267ae5e01205795bcc00b2ad752b340a81ac257d93,274821fa44ca86f57ccaf8543fa364818ee48d3a77a14c77bca2d721fb7227a2,stage,V4_NATIVE_EMISSION
d22faba7f7fef3cffce298267ae5e01205795bcc00b2ad752b340a81ac257d93,274821fa44ca86f57ccaf8543fa364818ee48d3a77a14c77bca2d721fb7227a2,class,BACKEND
9519fd0a64d08ec59ebee82e46c654bbf8284103fc53270ff14e56c07aa48089,274821fa44ca86f57ccaf8543fa364818ee48d3a77a14c77bca2d721fb7227a2,stage,V4_NATIVE_EMISSION
9519fd0a64d08ec59ebee82e46c654bbf8284103fc53270ff14e56c07aa48089,274821fa44ca86f57ccaf8543fa364818ee48d3a77a14c77bca2d721fb7227a2,class,BACKEND
65ae23340294c3a20f255081f375c55e8f259ada36dd5fdca20535f988b9a66d,274821fa44ca86f57ccaf8543fa364818ee48d3a77a14c77bca2d721fb7227a2,stage,V4_NATIVE_EMISSION
65ae23340294c3a20f255081f375c55e8f259ada36dd5fdca20535f988b9a66d,274821fa44ca86f57ccaf8543fa364818ee48d3a77a14c77bca2d721fb7227a2,class,BACKEND
c3a8b33e8d2801de41780592f929d7c8924f7b83d53d875b7b278408c72a2c60,274821fa44ca86f57ccaf8543fa364818ee48d3a77a14c77bca2d721fb7227a2,stage,V4_NATIVE_EMISSION
c3a8b33e8d2801de41780592f929d7c8924f7b83d53d875b7b278408c72a2c60,274821fa44ca86f57ccaf8543fa364818ee48d3a77a14c77bca2d721fb7227a2,class,BACKEND
c1d71dbf03523bbdca23f4d62dcebfb975b57e07331041859aa294e8ea4c5065,274821fa44ca86f57ccaf8543fa364818ee48d3a77a14c77bca2d721fb7227a2,stage,V4_NATIVE_EMISSION
c1d71dbf03523bbdca23f4d62dcebfb975b57e07331041859aa294e8ea4c5065,274821fa44ca86f57ccaf8543fa364818ee48d3a77a14c77bca2d721fb7227a2,class,BACKEND
535608bd514ddceeb30ab1bb3c0683bd9fd372f7a22deac4a75f291653aecdfb,ad54913bef340c7a1b8692c023d535b7881b1dbde575c48657a8a77a03389086,stage,V4_NATIVE_EMISSION
535608bd514ddceeb30ab1bb3c0683bd9fd372f7a22deac4a75f291653aecdfb,ad54913bef340c7a1b8692c023d535b7881b1dbde575c48657a8a77a03389086,class,BACKEND
4509bbd1d3ee1efe372047c7aa44b6eed482ba2ee0fc38e325069f04bafc1a0d,ad54913bef340c7a1b8692c023d535b7881b1dbde575c48657a8a77a03389086,stage,V4_NATIVE_EMISSION
4509bbd1d3ee1efe372047c7aa44b6eed482ba2ee0fc38e325069f04bafc1a0d,ad54913bef340c7a1b8692c023d535b7881b1dbde575c48657a8a77a03389086,class,BACKEND
60d3ad12fb0b71cfe5a3480877dd4bd043a56be01fd00968ba418dab87978f57,ad54913bef340c7a1b8692c023d535b7881b1dbde575c48657a8a77a03389086,stage,V4_NATIVE_EMISSION
60d3ad12fb0b71cfe5a3480877dd4bd043a56be01fd00968ba418dab87978f57,ad54913bef340c7a1b8692c023d535b7881b1dbde575c48657a8a77a03389086,class,BACKEND
be25aee1cabf282b390389fa5fc190c0d36d90b13febe0390ddbe38f15037dd4,ad54913bef340c7a1b8692c023d535b7881b1dbde575c48657a8a77a03389086,stage,V4_NATIVE_EMISSION
be25aee1cabf282b390389fa5fc190c0d36d90b13febe0390ddbe38f15037dd4,ad54913bef340c7a1b8692c023d535b7881b1dbde575c48657a8a77a03389086,class,BACKEND
9762c3dd0ba42b33ffd53140c4cc6a8a4ac5f397a850e791cd8256b3181113f1,ad54913bef340c7a1b8692c023d535b7881b1dbde575c48657a8a77a03389086,stage,V4_NATIVE_EMISSION
9762c3dd0ba42b33ffd53140c4cc6a8a4ac5f397a850e791cd8256b3181113f1,ad54913bef340c7a1b8692c023d535b7881b1dbde575c48657a8a77a03389086,class,BACKEND
4c75e88097b90db1a92e3ffacbad9c31615b7832dd3fdfe5544878e2354bc43e,ad54913bef340c7a1b8692c023d535b7881b1dbde575c48657a8a77a03389086,stage,V4_NATIVE_EMISSION
4c75e88097b90db1a92e3ffacbad9c31615b7832dd3fdfe5544878e2354bc43e,ad54913bef340c7a1b8692c023d535b7881b1dbde575c48657a8a77a03389086,class,BACKEND
cfc4c76e24245ee90433126066fd443746a0ecb00fdd8a03827f1c7ddd135c4b,ad54913bef340c7a1b8692c023d535b7881b1dbde575c48657a8a77a03389086,stage,V4_NATIVE_EMISSION
cfc4c76e24245ee90433126066fd443746a0ecb00fdd8a03827f1c7ddd135c4b,ad54913bef340c7a1b8692c023d535b7881b1dbde575c48657a8a77a03389086,class,BACKEND
aee7348a8026704dfb6b2dd804ed94fe32def14f5839b4455127819c72f67e39,ad54913bef340c7a1b8692c023d535b7881b1dbde575c48657a8a77a03389086,stage,V4_NATIVE_EMISSION
aee7348a8026704dfb6b2dd804ed94fe32def14f5839b4455127819c72f67e39,ad54913bef340c7a1b8692c023d535b7881b1dbde575c48657a8a77a03389086,class,BACKEND
783a1700da2011b351528323e8e9e1dacdb4a76efc810b75a11352cfed48f42b,ad54913bef340c7a1b8692c023d535b7881b1dbde575c48657a8a77a03389086,stage,V4_NATIVE_EMISSION
783a1700da2011b351528323e8e9e1dacdb4a76efc810b75a11352cfed48f42b,ad54913bef340c7a1b8692c023d535b7881b1dbde575c48657a8a77a03389086,class,BACKEND
4d3d5d4a18fd37976171afe3cdb4a7b9c4943e13eabec55486d46dba4786704c,ad54913bef340c7a1b8692c023d535b7881b1dbde575c48657a8a77a03389086,stage,V4_NATIVE_EMISSION
4d3d5d4a18fd37976171afe3cdb4a7b9c4943e13eabec55486d46dba4786704c,ad54913bef340c7a1b8692c023d535b7881b1dbde575c48657a8a77a03389086,class,BACKEND
5ca7cec9fc0a424c3af1398d944c7a1287d86fbab4d6b493460dd16405de9667,ad54913bef340c7a1b8692c023d535b7881b1dbde575c48657a8a77a03389086,stage,V4_NATIVE_EMISSION
5ca7cec9fc0a424c3af1398d944c7a1287d86fbab4d6b493460dd16405de9667,ad54913bef340c7a1b8692c023d535b7881b1dbde575c48657a8a77a03389086,class,BACKEND
abc438c295c09a6e4c81729ba811b27a2c6e33f7641fdfb7af32f54b3767a647,ad54913bef340c7a1b8692c023d535b7881b1dbde575c48657a8a77a03389086,stage,V4_NATIVE_EMISSION
abc438c295c09a6e4c81729ba811b27a2c6e33f7641fdfb7af32f54b3767a647,ad54913bef340c7a1b8692c023d535b7881b1dbde575c48657a8a77a03389086,class,BACKEND
d916d5d6ea95b480320e3d130e2e59435be95341a1411bb69b314f3eea7464f7,ad54913bef340c7a1b8692c023d535b7881b1dbde575c48657a8a77a03389086,stage,V4_NATIVE_EMISSION
d916d5d6ea95b480320e3d130e2e59435be95341a1411bb69b314f3eea7464f7,ad54913bef340c7a1b8692c023d535b7881b1dbde575c48657a8a77a03389086,class,BACKEND
7872164684306f96f0263525b73d195cbd8afbadf1094b90d4e66a0916829220,e671be7b5b0308c49e525fae4f88e958cd5751a3b19bbcda440c9db303c1ae8c,stage,V4_NATIVE_EMISSION
7872164684306f96f0263525b73d195cbd8afbadf1094b90d4e66a0916829220,e671be7b5b0308c49e525fae4f88e958cd5751a3b19bbcda440c9db303c1ae8c,class,BACKEND
d73dd73b360de8672b2e1e40f6a7d60b25555ac87c5ab234a010b3d7fe3d54f4,e671be7b5b0308c49e525fae4f88e958cd5751a3b19bbcda440c9db303c1ae8c,stage,V4_NATIVE_EMISSION
d73dd73b360de8672b2e1e40f6a7d60b25555ac87c5ab234a010b3d7fe3d54f4,e671be7b5b0308c49e525fae4f88e958cd5751a3b19bbcda440c9db303c1ae8c,class,BACKEND
a32009d4917e979a5ca59bdef67559ba11a6a54ee8c220a8e022211a5fde83db,e671be7b5b0308c49e525fae4f88e958cd5751a3b19bbcda440c9db303c1ae8c,stage,V4_NATIVE_EMISSION
a32009d4917e979a5ca59bdef67559ba11a6a54ee8c220a8e022211a5fde83db,e671be7b5b0308c49e525fae4f88e958cd5751a3b19bbcda440c9db303c1ae8c,class,BACKEND
18e77e48f8e1ff91fcc61312e0d8ce832534de997a6f59679efe8ae3a00088ef,e671be7b5b0308c49e525fae4f88e958cd5751a3b19bbcda440c9db303c1ae8c,stage,V4_NATIVE_EMISSION
18e77e48f8e1ff91fcc61312e0d8ce832534de997a6f59679efe8ae3a00088ef,e671be7b5b0308c49e525fae4f88e958cd5751a3b19bbcda440c9db303c1ae8c,class,BACKEND
fdfcc92bdfd7dfb886e43de491a2cffafb970f2b9b81df1ad08d8c91b09eb2e4,e671be7b5b0308c49e525fae4f88e958cd5751a3b19bbcda440c9db303c1ae8c,stage,V4_NATIVE_EMISSION
fdfcc92bdfd7dfb886e43de491a2cffafb970f2b9b81df1ad08d8c91b09eb2e4,e671be7b5b0308c49e525fae4f88e958cd5751a3b19bbcda440c9db303c1ae8c,class,BACKEND
0b9d7ef662430db3d94d881cd486a44f3c33cfce72fa386f2ea9e02774472e2f,e671be7b5b0308c49e525fae4f88e958cd5751a3b19bbcda440c9db303c1ae8c,stage,V4_NATIVE_EMISSION
0b9d7ef662430db3d94d881cd486a44f3c33cfce72fa386f2ea9e02774472e2f,e671be7b5b0308c49e525fae4f88e958cd5751a3b19bbcda440c9db303c1ae8c,class,BACKEND
be2f476b8f7faee483ee78396994d791fba8481528f704a5d322b7f168472685,e671be7b5b0308c49e525fae4f88e958cd5751a3b19bbcda440c9db303c1ae8c,stage,V4_NATIVE_EMISSION
be2f476b8f7faee483ee78396994d791fba8481528f704a5d322b7f168472685,e671be7b5b0308c49e525fae4f88e958cd5751a3b19bbcda440c9db303c1ae8c,class,BACKEND
2e46b421b3ceca744eab4b4b01544fd41658565cbc18e33aa86383bc3b5a73fa,e671be7b5b0308c49e525fae4f88e958cd5751a3b19bbcda440c9db303c1ae8c,stage,V4_NATIVE_EMISSION
2e46b421b3ceca744eab4b4b01544fd41658565cbc18e33aa86383bc3b5a73fa,e671be7b5b0308c49e525fae4f88e958cd5751a3b19bbcda440c9db303c1ae8c,class,BACKEND
1399dd3bd3cee2c76c25fbaae2e85c1eb2126db4590173b30411af52d095591f,e671be7b5b0308c49e525fae4f88e958cd5751a3b19bbcda440c9db303c1ae8c,stage,V4_NATIVE_EMISSION
1399dd3bd3cee2c76c25fbaae2e85c1eb2126db4590173b30411af52d095591f,e671be7b5b0308c49e525fae4f88e958cd5751a3b19bbcda440c9db303c1ae8c,class,BACKEND
658ec607f8bb70806d43f9fbf179ade5dac187d5e418f9c992d08b59df337aa0,e671be7b5b0308c49e525fae4f88e958cd5751a3b19bbcda440c9db303c1ae8c,stage,V4_NATIVE_EMISSION
658ec607f8bb70806d43f9fbf179ade5dac187d5e418f9c992d08b59df337aa0,e671be7b5b0308c49e525fae4f88e958cd5751a3b19bbcda440c9db303c1ae8c,class,BACKEND
bbd9a830ec44f79179655e46d7d04492ec4ac3105bf26800123ede463c84b9aa,e671be7b5b0308c49e525fae4f88e958cd5751a3b19bbcda440c9db303c1ae8c,stage,V4_NATIVE_EMISSION
bbd9a830ec44f79179655e46d7d04492ec4ac3105bf26800123ede463c84b9aa,e671be7b5b0308c49e525fae4f88e958cd5751a3b19bbcda440c9db303c1ae8c,class,BACKEND
4d88853684644b752e00b8c3ac221da468eb269e016fd5379809be19a94e885e,e671be7b5b0308c49e525fae4f88e958cd5751a3b19bbcda440c9db303c1ae8c,stage,V4_NATIVE_EMISSION
4d88853684644b752e00b8c3ac221da468eb269e016fd5379809be19a94e885e,e671be7b5b0308c49e525fae4f88e958cd5751a3b19bbcda440c9db303c1ae8c,class,BACKEND
4d6ea53a2d711e5b88b8a23b49398a2568766838fd29480d55352b41d7009b86,e671be7b5b0308c49e525fae4f88e958cd5751a3b19bbcda440c9db303c1ae8c,stage,V4_NATIVE_EMISSION
4d6ea53a2d711e5b88b8a23b49398a2568766838fd29480d55352b41d7009b86,e671be7b5b0308c49e525fae4f88e958cd5751a3b19bbcda440c9db303c1ae8c,class,BACKEND
8a18f9a409918db79c6c026da7b506fa38a4b66ab643c9171b656f7123594a82,3db4e9a17645faf21fd28fe48d751f3e230987aeea757e7ca92ea0f972004267,stage,V4_NATIVE_EMISSION
8a18f9a409918db79c6c026da7b506fa38a4b66ab643c9171b656f7123594a82,3db4e9a17645faf21fd28fe48d751f3e230987aeea757e7ca92ea0f972004267,class,BACKEND
5b42a71fd88302f7a5b8c995f9bbae5c7f4419e15d5a301b9535b678d09c59f4,3db4e9a17645faf21fd28fe48d751f3e230987aeea757e7ca92ea0f972004267,stage,V4_NATIVE_EMISSION
5b42a71fd88302f7a5b8c995f9bbae5c7f4419e15d5a301b9535b678d09c59f4,3db4e9a17645faf21fd28fe48d751f3e230987aeea757e7ca92ea0f972004267,class,BACKEND
067aa12df4ac1a1c4b2a3c5f812d301e5abe7644c91d855dd64e534c54b0dab9,3db4e9a17645faf21fd28fe48d751f3e230987aeea757e7ca92ea0f972004267,stage,V4_NATIVE_EMISSION
067aa12df4ac1a1c4b2a3c5f812d301e5abe7644c91d855dd64e534c54b0dab9,3db4e9a17645faf21fd28fe48d751f3e230987aeea757e7ca92ea0f972004267,class,BACKEND
c383cf220c9924b33cb9f42227fb8742d5c84bfa271a8d1bbd628c06e4540a4a,3db4e9a17645faf21fd28fe48d751f3e230987aeea757e7ca92ea0f972004267,stage,V4_NATIVE_EMISSION
c383cf220c9924b33cb9f42227fb8742d5c84bfa271a8d1bbd628c06e4540a4a,3db4e9a17645faf21fd28fe48d751f3e230987aeea757e7ca92ea0f972004267,class,BACKEND
3160222b9577066674cec7928f7135a39e86f97b76bc5c9d3a561db971072cda,3db4e9a17645faf21fd28fe48d751f3e230987aeea757e7ca92ea0f972004267,stage,V4_NATIVE_EMISSION
3160222b9577066674cec7928f7135a39e86f97b76bc5c9d3a561db971072cda,3db4e9a17645faf21fd28fe48d751f3e230987aeea757e7ca92ea0f972004267,class,BACKEND
35f955513314c7d7c62f47dd7b5449498130500297bd9ac2cd977fd0f293881c,3db4e9a17645faf21fd28fe48d751f3e230987aeea757e7ca92ea0f972004267,stage,V4_NATIVE_EMISSION
35f955513314c7d7c62f47dd7b5449498130500297bd9ac2cd977fd0f293881c,3db4e9a17645faf21fd28fe48d751f3e230987aeea757e7ca92ea0f972004267,class,BACKEND
c1f2c40367d4814e900a333b967caa3c9803ee974138b32973e5a431582ee2e3,3db4e9a17645faf21fd28fe48d751f3e230987aeea757e7ca92ea0f972004267,stage,V4_NATIVE_EMISSION
c1f2c40367d4814e900a333b967caa3c9803ee974138b32973e5a431582ee2e3,3db4e9a17645faf21fd28fe48d751f3e230987aeea757e7ca92ea0f972004267,class,BACKEND
c1d20656e15c12f31dff7bbdf114b8b939c5fd025ff196ea15496e8ff9a03763,3db4e9a17645faf21fd28fe48d751f3e230987aeea757e7ca92ea0f972004267,stage,V4_NATIVE_EMISSION
c1d20656e15c12f31dff7bbdf114b8b939c5fd025ff196ea15496e8ff9a03763,3db4e9a17645faf21fd28fe48d751f3e230987aeea757e7ca92ea0f972004267,class,BACKEND
ec03413d2e53e7525896c5a9f509edbddc4f0dcc8898fe8d390e42bcd7a9e6a6,3db4e9a17645faf21fd28fe48d751f3e230987aeea757e7ca92ea0f972004267,stage,V4_NATIVE_EMISSION
ec03413d2e53e7525896c5a9f509edbddc4f0dcc8898fe8d390e42bcd7a9e6a6,3db4e9a17645faf21fd28fe48d751f3e230987aeea757e7ca92ea0f972004267,class,BACKEND
0a98973b10177be1ff57fcca5598627bf49da8dfc8d7a00c0eaeb16c5ac4708e,3db4e9a17645faf21fd28fe48d751f3e230987aeea757e7ca92ea0f972004267,stage,V4_NATIVE_EMISSION
0a98973b10177be1ff57fcca5598627bf49da8dfc8d7a00c0eaeb16c5ac4708e,3db4e9a17645faf21fd28fe48d751f3e230987aeea757e7ca92ea0f972004267,class,BACKEND
5cff56f25c2cd172d2e91de046c1c0fd453f23eec616631c4a04615854d1f2ef,3db4e9a17645faf21fd28fe48d751f3e230987aeea757e7ca92ea0f972004267,stage,V4_NATIVE_EMISSION
5cff56f25c2cd172d2e91de046c1c0fd453f23eec616631c4a04615854d1f2ef,3db4e9a17645faf21fd28fe48d751f3e230987aeea757e7ca92ea0f972004267,class,BACKEND
f132839856dc3ffec8e374cbd7ad1e8ec52f5685535381a1bb656e2e1cdccb38,3db4e9a17645faf21fd28fe48d751f3e230987aeea757e7ca92ea0f972004267,stage,V4_NATIVE_EMISSION
f132839856dc3ffec8e374cbd7ad1e8ec52f5685535381a1bb656e2e1cdccb38,3db4e9a17645faf21fd28fe48d751f3e230987aeea757e7ca92ea0f972004267,class,BACKEND
023d6c6a8f13c9f4d14027bae5914f3a029f5c1f7a95567776f71f747d8411ad,3db4e9a17645faf21fd28fe48d751f3e230987aeea757e7ca92ea0f972004267,stage,V4_NATIVE_EMISSION
023d6c6a8f13c9f4d14027bae5914f3a029f5c1f7a95567776f71f747d8411ad,3db4e9a17645faf21fd28fe48d751f3e230987aeea757e7ca92ea0f972004267,class,BACKEND
02ae636c3f37508c169be21e04b9b49f784f5a13be98b671517a926effea1f44,e931fd79936de49e6a6e625f8d53e620422ad6ccb81541dccf07cfe111107e72,stage,V4_NATIVE_EMISSION
02ae636c3f37508c169be21e04b9b49f784f5a13be98b671517a926effea1f44,e931fd79936de49e6a6e625f8d53e620422ad6ccb81541dccf07cfe111107e72,class,BACKEND
d4c8c61083ab714a222b7a30cc9e3005ea8b8d0081ccff719579e1c90e121b4c,e931fd79936de49e6a6e625f8d53e620422ad6ccb81541dccf07cfe111107e72,stage,V4_NATIVE_EMISSION
d4c8c61083ab714a222b7a30cc9e3005ea8b8d0081ccff719579e1c90e121b4c,e931fd79936de49e6a6e625f8d53e620422ad6ccb81541dccf07cfe111107e72,class,BACKEND
905966a25a58b00f0ee4f9ff85e4d87451b3be5f95eff8cc6e3e6d6c7f95615c,e931fd79936de49e6a6e625f8d53e620422ad6ccb81541dccf07cfe111107e72,stage,V4_NATIVE_EMISSION
905966a25a58b00f0ee4f9ff85e4d87451b3be5f95eff8cc6e3e6d6c7f95615c,e931fd79936de49e6a6e625f8d53e620422ad6ccb81541dccf07cfe111107e72,class,BACKEND
9509c44b369f5cfa0e7ee85311dda20ce91f963277a5b3cc2ebf8915fd209bd0,e931fd79936de49e6a6e625f8d53e620422ad6ccb81541dccf07cfe111107e72,stage,V4_NATIVE_EMISSION
9509c44b369f5cfa0e7ee85311dda20ce91f963277a5b3cc2ebf8915fd209bd0,e931fd79936de49e6a6e625f8d53e620422ad6ccb81541dccf07cfe111107e72,class,BACKEND
95a2d8860dedbd7109a23953343fcb41c8d51d56bc80172a17d21200e7dabefd,e931fd79936de49e6a6e625f8d53e620422ad6ccb81541dccf07cfe111107e72,stage,V4_NATIVE_EMISSION
95a2d8860dedbd7109a23953343fcb41c8d51d56bc80172a17d21200e7dabefd,e931fd79936de49e6a6e625f8d53e620422ad6ccb81541dccf07cfe111107e72,class,BACKEND
004480ab260e150e20fa4ba38c0461b7e9e9852edc1f81f5d7faba3501a69f8e,e931fd79936de49e6a6e625f8d53e620422ad6ccb81541dccf07cfe111107e72,stage,V4_NATIVE_EMISSION
004480ab260e150e20fa4ba38c0461b7e9e9852edc1f81f5d7faba3501a69f8e,e931fd79936de49e6a6e625f8d53e620422ad6ccb81541dccf07cfe111107e72,class,BACKEND
86578f62a5bfcf4f9df5d2303c924b2511b72638b49b61b2b28538ce0f21dcb7,e931fd79936de49e6a6e625f8d53e620422ad6ccb81541dccf07cfe111107e72,stage,V4_NATIVE_EMISSION
86578f62a5bfcf4f9df5d2303c924b2511b72638b49b61b2b28538ce0f21dcb7,e931fd79936de49e6a6e625f8d53e620422ad6ccb81541dccf07cfe111107e72,class,BACKEND
bb965cb72f704fa6aae4402dcc0e933fdfcd2947126de135a51e7b9b4d1fa59b,e931fd79936de49e6a6e625f8d53e620422ad6ccb81541dccf07cfe111107e72,stage,V4_NATIVE_EMISSION
bb965cb72f704fa6aae4402dcc0e933fdfcd2947126de135a51e7b9b4d1fa59b,e931fd79936de49e6a6e625f8d53e620422ad6ccb81541dccf07cfe111107e72,class,BACKEND
8241e4c868dea793e8c6a9be4278a6538a2ffdaea4d3d6701a7813a7ee7ac0f6,e931fd79936de49e6a6e625f8d53e620422ad6ccb81541dccf07cfe111107e72,stage,V4_NATIVE_EMISSION
8241e4c868dea793e8c6a9be4278a6538a2ffdaea4d3d6701a7813a7ee7ac0f6,e931fd79936de49e6a6e625f8d53e620422ad6ccb81541dccf07cfe111107e72,class,BACKEND
4f2fed3650c7639189d8eaf4a5926c6978bedfef53ee94bb45a11b2474b69806,e931fd79936de49e6a6e625f8d53e620422ad6ccb81541dccf07cfe111107e72,stage,V4_NATIVE_EMISSION
4f2fed3650c7639189d8eaf4a5926c6978bedfef53ee94bb45a11b2474b69806,e931fd79936de49e6a6e625f8d53e620422ad6ccb81541dccf07cfe111107e72,class,BACKEND
7969ad6147523d0128d7b329c22605cc162234ee9a1b8d3f15dd461328b84877,e931fd79936de49e6a6e625f8d53e620422ad6ccb81541dccf07cfe111107e72,stage,V4_NATIVE_EMISSION
7969ad6147523d0128d7b329c22605cc162234ee9a1b8d3f15dd461328b84877,e931fd79936de49e6a6e625f8d53e620422ad6ccb81541dccf07cfe111107e72,class,BACKEND
b6c6fbf9339ad977444a55c9e4683ad1e06262a192bdc650f3ffc7332ac67775,e931fd79936de49e6a6e625f8d53e620422ad6ccb81541dccf07cfe111107e72,stage,V4_NATIVE_EMISSION
b6c6fbf9339ad977444a55c9e4683ad1e06262a192bdc650f3ffc7332ac67775,e931fd79936de49e6a6e625f8d53e620422ad6ccb81541dccf07cfe111107e72,class,BACKEND
c8a24c6349d74f648872a7978950c6ea6b12013ffe0297685b786347331a47d3,e931fd79936de49e6a6e625f8d53e620422ad6ccb81541dccf07cfe111107e72,stage,V4_NATIVE_EMISSION
c8a24c6349d74f648872a7978950c6ea6b12013ffe0297685b786347331a47d3,e931fd79936de49e6a6e625f8d53e620422ad6ccb81541dccf07cfe111107e72,class,BACKEND
dcd712d7ed2d028d0a70f6ccd6b602f5cfe53e86f4f68c5dd2570e70df040a54,cda06ede848033bc22cc4de111b2ffbd2da3aeca340e15d7652fc621585febb2,stage,V4_NATIVE_EMISSION
dcd712d7ed2d028d0a70f6ccd6b602f5cfe53e86f4f68c5dd2570e70df040a54,cda06ede848033bc22cc4de111b2ffbd2da3aeca340e15d7652fc621585febb2,class,BACKEND
e7fcff1726d77bc2bfd156252880faddb1cfb0a7d4d19a2b721b077f1afdb10d,cda06ede848033bc22cc4de111b2ffbd2da3aeca340e15d7652fc621585febb2,stage,V4_NATIVE_EMISSION
e7fcff1726d77bc2bfd156252880faddb1cfb0a7d4d19a2b721b077f1afdb10d,cda06ede848033bc22cc4de111b2ffbd2da3aeca340e15d7652fc621585febb2,class,BACKEND
a5bf7d4d6eb95f140fa629c54714f623aba8acfe3139af99f9b574a32e9f14db,cda06ede848033bc22cc4de111b2ffbd2da3aeca340e15d7652fc621585febb2,stage,V4_NATIVE_EMISSION
a5bf7d4d6eb95f140fa629c54714f623aba8acfe3139af99f9b574a32e9f14db,cda06ede848033bc22cc4de111b2ffbd2da3aeca340e15d7652fc621585febb2,class,BACKEND
ffddde64dafd7785de03f4b979f86e11c3f6f550b681a885187dcae3c5ea3164,cda06ede848033bc22cc4de111b2ffbd2da3aeca340e15d7652fc621585febb2,stage,V4_NATIVE_EMISSION
ffddde64dafd7785de03f4b979f86e11c3f6f550b681a885187dcae3c5ea3164,cda06ede848033bc22cc4de111b2ffbd2da3aeca340e15d7652fc621585febb2,class,BACKEND
e84482446f56a5b80d956b820348db3b1ff8924e557132ce262bb47ecb3efeb9,cda06ede848033bc22cc4de111b2ffbd2da3aeca340e15d7652fc621585febb2,stage,V4_NATIVE_EMISSION
e84482446f56a5b80d956b820348db3b1ff8924e557132ce262bb47ecb3efeb9,cda06ede848033bc22cc4de111b2ffbd2da3aeca340e15d7652fc621585febb2,class,BACKEND
9946d700dd1c5def69597fbfdd82fbbf1ef88e6f0a917a41d55af89644ce4405,cda06ede848033bc22cc4de111b2ffbd2da3aeca340e15d7652fc621585febb2,stage,V4_NATIVE_EMISSION
9946d700dd1c5def69597fbfdd82fbbf1ef88e6f0a917a41d55af89644ce4405,cda06ede848033bc22cc4de111b2ffbd2da3aeca340e15d7652fc621585febb2,class,BACKEND
ab11d5c456a172bcaff2242accc8081e9c7be58b43ecd393d2ac6287aee26cd7,cda06ede848033bc22cc4de111b2ffbd2da3aeca340e15d7652fc621585febb2,stage,V4_NATIVE_EMISSION
ab11d5c456a172bcaff2242accc8081e9c7be58b43ecd393d2ac6287aee26cd7,cda06ede848033bc22cc4de111b2ffbd2da3aeca340e15d7652fc621585febb2,class,BACKEND
4cd3231b1138154140becfc90676b0fe9814ce9725ed93088a9b41aabd8d9f53,cda06ede848033bc22cc4de111b2ffbd2da3aeca340e15d7652fc621585febb2,stage,V4_NATIVE_EMISSION
4cd3231b1138154140becfc90676b0fe9814ce9725ed93088a9b41aabd8d9f53,cda06ede848033bc22cc4de111b2ffbd2da3aeca340e15d7652fc621585febb2,class,BACKEND
86b381f950d4aff596a62f31d1ea6b9921d81dba12fd17ebd1ee86c473d5cfa9,cda06ede848033bc22cc4de111b2ffbd2da3aeca340e15d7652fc621585febb2,stage,V4_NATIVE_EMISSION
86b381f950d4aff596a62f31d1ea6b9921d81dba12fd17ebd1ee86c473d5cfa9,cda06ede848033bc22cc4de111b2ffbd2da3aeca340e15d7652fc621585febb2,class,BACKEND
dc1631341a98028afe5320fd1285280ffe366c1f564f17d5e30cca2f556525f9,cda06ede848033bc22cc4de111b2ffbd2da3aeca340e15d7652fc621585febb2,stage,V4_NATIVE_EMISSION
dc1631341a98028afe5320fd1285280ffe366c1f564f17d5e30cca2f556525f9,cda06ede848033bc22cc4de111b2ffbd2da3aeca340e15d7652fc621585febb2,class,BACKEND
8bcf77989fa7bb69434e03f49f28a2b799c29aa16dcd2e2a56ad55e776fdbafb,cda06ede848033bc22cc4de111b2ffbd2da3aeca340e15d7652fc621585febb2,stage,V4_NATIVE_EMISSION
8bcf77989fa7bb69434e03f49f28a2b799c29aa16dcd2e2a56ad55e776fdbafb,cda06ede848033bc22cc4de111b2ffbd2da3aeca340e15d7652fc621585febb2,class,BACKEND
83769f1cafca892ab111557f15bfea82d04a285bf78c8ed99796b953680b6aa8,cda06ede848033bc22cc4de111b2ffbd2da3aeca340e15d7652fc621585febb2,stage,V4_NATIVE_EMISSION
83769f1cafca892ab111557f15bfea82d04a285bf78c8ed99796b953680b6aa8,cda06ede848033bc22cc4de111b2ffbd2da3aeca340e15d7652fc621585febb2,class,BACKEND
253b6855e340eb60bc6096617a16af08beff946bbe2d36b0697617d8d528e925,cda06ede848033bc22cc4de111b2ffbd2da3aeca340e15d7652fc621585febb2,stage,V4_NATIVE_EMISSION
253b6855e340eb60bc6096617a16af08beff946bbe2d36b0697617d8d528e925,cda06ede848033bc22cc4de111b2ffbd2da3aeca340e15d7652fc621585febb2,class,BACKEND
fe61f3c8d2d5802867847ecc7abd34f5fc9b76aa687290f9713476abbc9e8c45,bb4fe639688e2d58e82c87a3d983e2cbde2a548775a5d4b6b139ef9e7f4b5de5,stage,V4_NATIVE_EMISSION
fe61f3c8d2d5802867847ecc7abd34f5fc9b76aa687290f9713476abbc9e8c45,bb4fe639688e2d58e82c87a3d983e2cbde2a548775a5d4b6b139ef9e7f4b5de5,class,BACKEND
8ba0bf8170dabdafa248b8db8e94c4caeb054988fa6ad036d11e5d3ec41695ee,bb4fe639688e2d58e82c87a3d983e2cbde2a548775a5d4b6b139ef9e7f4b5de5,stage,V4_NATIVE_EMISSION
8ba0bf8170dabdafa248b8db8e94c4caeb054988fa6ad036d11e5d3ec41695ee,bb4fe639688e2d58e82c87a3d983e2cbde2a548775a5d4b6b139ef9e7f4b5de5,class,BACKEND
90ffa039d3edd01a60cea719990431782b91b1dea81f2a7a49a84ea52fd2f421,bb4fe639688e2d58e82c87a3d983e2cbde2a548775a5d4b6b139ef9e7f4b5de5,stage,V4_NATIVE_EMISSION
90ffa039d3edd01a60cea719990431782b91b1dea81f2a7a49a84ea52fd2f421,bb4fe639688e2d58e82c87a3d983e2cbde2a548775a5d4b6b139ef9e7f4b5de5,class,BACKEND
1ce0472444ef66d6ca0f98efadb0334e8e21d23baa75d1fe6022057cdf1230ef,bb4fe639688e2d58e82c87a3d983e2cbde2a548775a5d4b6b139ef9e7f4b5de5,stage,V4_NATIVE_EMISSION
1ce0472444ef66d6ca0f98efadb0334e8e21d23baa75d1fe6022057cdf1230ef,bb4fe639688e2d58e82c87a3d983e2cbde2a548775a5d4b6b139ef9e7f4b5de5,class,BACKEND
6a42820c6ceb3caf20550125a064d9c0bf4e2a0c53711660f664393e2ca6a636,bb4fe639688e2d58e82c87a3d983e2cbde2a548775a5d4b6b139ef9e7f4b5de5,stage,V4_NATIVE_EMISSION
6a42820c6ceb3caf20550125a064d9c0bf4e2a0c53711660f664393e2ca6a636,bb4fe639688e2d58e82c87a3d983e2cbde2a548775a5d4b6b139ef9e7f4b5de5,class,BACKEND
123b137f508f3fcf94dcda11fc7a786fc20daff9d94e31040d727fae93926797,bb4fe639688e2d58e82c87a3d983e2cbde2a548775a5d4b6b139ef9e7f4b5de5,stage,V4_NATIVE_EMISSION
123b137f508f3fcf94dcda11fc7a786fc20daff9d94e31040d727fae93926797,bb4fe639688e2d58e82c87a3d983e2cbde2a548775a5d4b6b139ef9e7f4b5de5,class,BACKEND
2af1080871c67f246b0139eee87dee5a73da0dbb6b188e1b1c7ae4d5c165b1d0,bb4fe639688e2d58e82c87a3d983e2cbde2a548775a5d4b6b139ef9e7f4b5de5,stage,V4_NATIVE_EMISSION
2af1080871c67f246b0139eee87dee5a73da0dbb6b188e1b1c7ae4d5c165b1d0,bb4fe639688e2d58e82c87a3d983e2cbde2a548775a5d4b6b139ef9e7f4b5de5,class,BACKEND
90096e155353b2da33638cb79fb7ec62aa5f67a69800b4feb01f792679e1cd4e,bb4fe639688e2d58e82c87a3d983e2cbde2a548775a5d4b6b139ef9e7f4b5de5,stage,V4_NATIVE_EMISSION
90096e155353b2da33638cb79fb7ec62aa5f67a69800b4feb01f792679e1cd4e,bb4fe639688e2d58e82c87a3d983e2cbde2a548775a5d4b6b139ef9e7f4b5de5,class,BACKEND
b6b62ee2af747261aba19c83c428cd983f747e940cbd36db402eb01b1e34f1c5,bb4fe639688e2d58e82c87a3d983e2cbde2a548775a5d4b6b139ef9e7f4b5de5,stage,V4_NATIVE_EMISSION
b6b62ee2af747261aba19c83c428cd983f747e940cbd36db402eb01b1e34f1c5,bb4fe639688e2d58e82c87a3d983e2cbde2a548775a5d4b6b139ef9e7f4b5de5,class,BACKEND
a79073c1fbf7e2f628dcb94a0ddc35f264fcf7e2eed0b5a31179d2c0d2e210b0,bb4fe639688e2d58e82c87a3d983e2cbde2a548775a5d4b6b139ef9e7f4b5de5,stage,V4_NATIVE_EMISSION
a79073c1fbf7e2f628dcb94a0ddc35f264fcf7e2eed0b5a31179d2c0d2e210b0,bb4fe639688e2d58e82c87a3d983e2cbde2a548775a5d4b6b139ef9e7f4b5de5,class,BACKEND
a7688aabb943ce13854d84c38e42c5a0cfbe78df585eb4f9398e9ac006107420,bb4fe639688e2d58e82c87a3d983e2cbde2a548775a5d4b6b139ef9e7f4b5de5,stage,V4_NATIVE_EMISSION
a7688aabb943ce13854d84c38e42c5a0cfbe78df585eb4f9398e9ac006107420,bb4fe639688e2d58e82c87a3d983e2cbde2a548775a5d4b6b139ef9e7f4b5de5,class,BACKEND
550c6485921eb64edff394555950cb0e47977b19e93cc26500125d77041281f3,bb4fe639688e2d58e82c87a3d983e2cbde2a548775a5d4b6b139ef9e7f4b5de5,stage,V4_NATIVE_EMISSION
550c6485921eb64edff394555950cb0e47977b19e93cc26500125d77041281f3,bb4fe639688e2d58e82c87a3d983e2cbde2a548775a5d4b6b139ef9e7f4b5de5,class,BACKEND
e5891c02815c23e2daaa2b47ab851d2608387ac5a45ef54561f96fe3d033d178,bb4fe639688e2d58e82c87a3d983e2cbde2a548775a5d4b6b139ef9e7f4b5de5,stage,V4_NATIVE_EMISSION
e5891c02815c23e2daaa2b47ab851d2608387ac5a45ef54561f96fe3d033d178,bb4fe639688e2d58e82c87a3d983e2cbde2a548775a5d4b6b139ef9e7f4b5de5,class,BACKEND
e04273fb6fdca0d931c8be48035eb9a2f3f894ea2ea603f5b875d2ea6cfde07f,9461d25fc81b67a05ff1b5ffe23bcfecb4b61f3987ff11cf34b275fe996ce1bb,stage,V4_NATIVE_EMISSION
e04273fb6fdca0d931c8be48035eb9a2f3f894ea2ea603f5b875d2ea6cfde07f,9461d25fc81b67a05ff1b5ffe23bcfecb4b61f3987ff11cf34b275fe996ce1bb,class,BACKEND
82d6c4112ff98f1a0cd21fbb1a6411ef757e66a3e44be82a26532241db337cac,9461d25fc81b67a05ff1b5ffe23bcfecb4b61f3987ff11cf34b275fe996ce1bb,stage,V4_NATIVE_EMISSION
82d6c4112ff98f1a0cd21fbb1a6411ef757e66a3e44be82a26532241db337cac,9461d25fc81b67a05ff1b5ffe23bcfecb4b61f3987ff11cf34b275fe996ce1bb,class,BACKEND
129a6b0f65c7c9264c3e05313d5c933d8f2b85589125b56ab1271d183c401d68,9461d25fc81b67a05ff1b5ffe23bcfecb4b61f3987ff11cf34b275fe996ce1bb,stage,V4_NATIVE_EMISSION
129a6b0f65c7c9264c3e05313d5c933d8f2b85589125b56ab1271d183c401d68,9461d25fc81b67a05ff1b5ffe23bcfecb4b61f3987ff11cf34b275fe996ce1bb,class,BACKEND
7b9a31180e088bc80a08c83cb061b95a67d7c8e7c18c184c2623140d42edcb3a,9461d25fc81b67a05ff1b5ffe23bcfecb4b61f3987ff11cf34b275fe996ce1bb,stage,V4_NATIVE_EMISSION
7b9a31180e088bc80a08c83cb061b95a67d7c8e7c18c184c2623140d42edcb3a,9461d25fc81b67a05ff1b5ffe23bcfecb4b61f3987ff11cf34b275fe996ce1bb,class,BACKEND
84e8ba1bccecd7575020891b3a073a6d94cac69809b3015db4f40a3e09c17eb1,9461d25fc81b67a05ff1b5ffe23bcfecb4b61f3987ff11cf34b275fe996ce1bb,stage,V4_NATIVE_EMISSION
84e8ba1bccecd7575020891b3a073a6d94cac69809b3015db4f40a3e09c17eb1,9461d25fc81b67a05ff1b5ffe23bcfecb4b61f3987ff11cf34b275fe996ce1bb,class,BACKEND
98a07900806496fb9206a7970e811a6f9859f10593ed3f425a0508855b161b7a,9461d25fc81b67a05ff1b5ffe23bcfecb4b61f3987ff11cf34b275fe996ce1bb,stage,V4_NATIVE_EMISSION
98a07900806496fb9206a7970e811a6f9859f10593ed3f425a0508855b161b7a,9461d25fc81b67a05ff1b5ffe23bcfecb4b61f3987ff11cf34b275fe996ce1bb,class,BACKEND
5fa901b189dd4376d0fa96d1ae4e745cdd0473e5342708f25901b600761e6549,9461d25fc81b67a05ff1b5ffe23bcfecb4b61f3987ff11cf34b275fe996ce1bb,stage,V4_NATIVE_EMISSION
5fa901b189dd4376d0fa96d1ae4e745cdd0473e5342708f25901b600761e6549,9461d25fc81b67a05ff1b5ffe23bcfecb4b61f3987ff11cf34b275fe996ce1bb,class,BACKEND
6b44cb0bd1273175f93cb273893bbf022fb7ba245e09594740bc28cd2df30bc0,9461d25fc81b67a05ff1b5ffe23bcfecb4b61f3987ff11cf34b275fe996ce1bb,stage,V4_NATIVE_EMISSION
6b44cb0bd1273175f93cb273893bbf022fb7ba245e09594740bc28cd2df30bc0,9461d25fc81b67a05ff1b5ffe23bcfecb4b61f3987ff11cf34b275fe996ce1bb,class,BACKEND
b953e4ba3ee2486f7b6200fcec24e81c0c3a4cb8c19c29d4941c28435bff1b53,9461d25fc81b67a05ff1b5ffe23bcfecb4b61f3987ff11cf34b275fe996ce1bb,stage,V4_NATIVE_EMISSION
b953e4ba3ee2486f7b6200fcec24e81c0c3a4cb8c19c29d4941c28435bff1b53,9461d25fc81b67a05ff1b5ffe23bcfecb4b61f3987ff11cf34b275fe996ce1bb,class,BACKEND
e31f6c19f54e956b3776eb7f854c9583950b032ab25611af77ebb9736a6d7548,9461d25fc81b67a05ff1b5ffe23bcfecb4b61f3987ff11cf34b275fe996ce1bb,stage,V4_NATIVE_EMISSION
e31f6c19f54e956b3776eb7f854c9583950b032ab25611af77ebb9736a6d7548,9461d25fc81b67a05ff1b5ffe23bcfecb4b61f3987ff11cf34b275fe996ce1bb,class,BACKEND
d56bd3588d755fc26e08ba6285faca22ec9e6d4942a916a7de220a8c831ce2f6,9461d25fc81b67a05ff1b5ffe23bcfecb4b61f3987ff11cf34b275fe996ce1bb,stage,V4_NATIVE_EMISSION
d56bd3588d755fc26e08ba6285faca22ec9e6d4942a916a7de220a8c831ce2f6,9461d25fc81b67a05ff1b5ffe23bcfecb4b61f3987ff11cf34b275fe996ce1bb,class,BACKEND
69a516c987692aae860eb7c2abf22b994c856ba30c6a2988f419a45e5858fe33,9461d25fc81b67a05ff1b5ffe23bcfecb4b61f3987ff11cf34b275fe996ce1bb,stage,V4_NATIVE_EMISSION
69a516c987692aae860eb7c2abf22b994c856ba30c6a2988f419a45e5858fe33,9461d25fc81b67a05ff1b5ffe23bcfecb4b61f3987ff11cf34b275fe996ce1bb,class,BACKEND
3a1e77d0c825f44e729f0b48c440d99599410f7bdad2569ff8d99cb6118fe7e9,9461d25fc81b67a05ff1b5ffe23bcfecb4b61f3987ff11cf34b275fe996ce1bb,stage,V4_NATIVE_EMISSION
3a1e77d0c825f44e729f0b48c440d99599410f7bdad2569ff8d99cb6118fe7e9,9461d25fc81b67a05ff1b5ffe23bcfecb4b61f3987ff11cf34b275fe996ce1bb,class,BACKEND
0878fb965edd6a3c00bd4201b85b0d09b4c20199e84a6b1e75f4cb87b84cd23c,f1d479e816e82992e85cc336836f93fad04dc1465b30c98cde96531358e1950e,stage,V4_NATIVE_EMISSION
0878fb965edd6a3c00bd4201b85b0d09b4c20199e84a6b1e75f4cb87b84cd23c,f1d479e816e82992e85cc336836f93fad04dc1465b30c98cde96531358e1950e,class,BACKEND
118ca481440c6b3314add4a9b5919b76cbbc1ff7d2acc3bda6ee7634e2904a2b,f1d479e816e82992e85cc336836f93fad04dc1465b30c98cde96531358e1950e,stage,V4_NATIVE_EMISSION
118ca481440c6b3314add4a9b5919b76cbbc1ff7d2acc3bda6ee7634e2904a2b,f1d479e816e82992e85cc336836f93fad04dc1465b30c98cde96531358e1950e,class,BACKEND
246b6d47054a7b44a27acd930cac5863255b2ac3b7895b090d9139027a4f96e5,f1d479e816e82992e85cc336836f93fad04dc1465b30c98cde96531358e1950e,stage,V4_NATIVE_EMISSION
246b6d47054a7b44a27acd930cac5863255b2ac3b7895b090d9139027a4f96e5,f1d479e816e82992e85cc336836f93fad04dc1465b30c98cde96531358e1950e,class,BACKEND
2db4513a35c5e04cc6237c2e80cd6aab2dd2d48bae823502f81dab458c236e58,f1d479e816e82992e85cc336836f93fad04dc1465b30c98cde96531358e1950e,stage,V4_NATIVE_EMISSION
2db4513a35c5e04cc6237c2e80cd6aab2dd2d48bae823502f81dab458c236e58,f1d479e816e82992e85cc336836f93fad04dc1465b30c98cde96531358e1950e,class,BACKEND
8c90f07cc32e887f7a4111a50d6dfb9ee325e39d16efc4aedba81887fba73d56,ca5422cd00833b9a76166a0ccc4c87882eda22cf9a1d961f0b2427fe7b7a4702,stage,V4_NATIVE_EMISSION
8c90f07cc32e887f7a4111a50d6dfb9ee325e39d16efc4aedba81887fba73d56,ca5422cd00833b9a76166a0ccc4c87882eda22cf9a1d961f0b2427fe7b7a4702,class,BACKEND
ec1a0902d95b459f8c5019d927fa0a3952fa668ceaed4ee22ccd9083f8cd3504,ca5422cd00833b9a76166a0ccc4c87882eda22cf9a1d961f0b2427fe7b7a4702,stage,V4_NATIVE_EMISSION
ec1a0902d95b459f8c5019d927fa0a3952fa668ceaed4ee22ccd9083f8cd3504,ca5422cd00833b9a76166a0ccc4c87882eda22cf9a1d961f0b2427fe7b7a4702,class,BACKEND
d6717ddba12ba22df9375d69a238496b46d7d13091029899b5248d424cb57376,ca5422cd00833b9a76166a0ccc4c87882eda22cf9a1d961f0b2427fe7b7a4702,stage,V4_NATIVE_EMISSION
d6717ddba12ba22df9375d69a238496b46d7d13091029899b5248d424cb57376,ca5422cd00833b9a76166a0ccc4c87882eda22cf9a1d961f0b2427fe7b7a4702,class,BACKEND
2ff866f7e818d45d2c04e4ed1f4c2191296015eee3565810cf16c8d21a690cae,ca5422cd00833b9a76166a0ccc4c87882eda22cf9a1d961f0b2427fe7b7a4702,stage,V4_NATIVE_EMISSION
2ff866f7e818d45d2c04e4ed1f4c2191296015eee3565810cf16c8d21a690cae,ca5422cd00833b9a76166a0ccc4c87882eda22cf9a1d961f0b2427fe7b7a4702,class,BACKEND
c2df2f4d42a56a15ed2690a5012df28e17503eec1b0206871bcdaad5097a5e10,ca5422cd00833b9a76166a0ccc4c87882eda22cf9a1d961f0b2427fe7b7a4702,stage,V4_NATIVE_EMISSION
c2df2f4d42a56a15ed2690a5012df28e17503eec1b0206871bcdaad5097a5e10,ca5422cd00833b9a76166a0ccc4c87882eda22cf9a1d961f0b2427fe7b7a4702,class,BACKEND
df5c197b867d6dc8251685a8329d8d29023529546a6a6d3f8c555fa79461bb32,ca5422cd00833b9a76166a0ccc4c87882eda22cf9a1d961f0b2427fe7b7a4702,stage,V4_NATIVE_EMISSION
df5c197b867d6dc8251685a8329d8d29023529546a6a6d3f8c555fa79461bb32,ca5422cd00833b9a76166a0ccc4c87882eda22cf9a1d961f0b2427fe7b7a4702,class,BACKEND
af7e9a961e4077e3999e3a42a94f11ab6a28f68cb51a2fb14ee0263c7129cfac,ca5422cd00833b9a76166a0ccc4c87882eda22cf9a1d961f0b2427fe7b7a4702,stage,V4_NATIVE_EMISSION
af7e9a961e4077e3999e3a42a94f11ab6a28f68cb51a2fb14ee0263c7129cfac,ca5422cd00833b9a76166a0ccc4c87882eda22cf9a1d961f0b2427fe7b7a4702,class,BACKEND
186511a23aaca97489136684f29e9c08434ceeb2c07c7e0b3e05cfd8b8696272,ca5422cd00833b9a76166a0ccc4c87882eda22cf9a1d961f0b2427fe7b7a4702,stage,V4_NATIVE_EMISSION
186511a23aaca97489136684f29e9c08434ceeb2c07c7e0b3e05cfd8b8696272,ca5422cd00833b9a76166a0ccc4c87882eda22cf9a1d961f0b2427fe7b7a4702,class,BACKEND
227b7bcf6acb62598ca0869bc84a956ba87c9595ed2d88dea0c62bfbf465f801,ca5422cd00833b9a76166a0ccc4c87882eda22cf9a1d961f0b2427fe7b7a4702,stage,V4_NATIVE_EMISSION
227b7bcf6acb62598ca0869bc84a956ba87c9595ed2d88dea0c62bfbf465f801,ca5422cd00833b9a76166a0ccc4c87882eda22cf9a1d961f0b2427fe7b7a4702,class,BACKEND
1b4c05b6c80477e8199339d77dc741e9b62ffcf9f460efe7514b3970e9ab3a3e,ca5422cd00833b9a76166a0ccc4c87882eda22cf9a1d961f0b2427fe7b7a4702,stage,V4_NATIVE_EMISSION
1b4c05b6c80477e8199339d77dc741e9b62ffcf9f460efe7514b3970e9ab3a3e,ca5422cd00833b9a76166a0ccc4c87882eda22cf9a1d961f0b2427fe7b7a4702,class,BACKEND
1ab2edeafc535f6de9d73b050db6bd4d59463ea1781b324f71687ba26b71bc3c,ca5422cd00833b9a76166a0ccc4c87882eda22cf9a1d961f0b2427fe7b7a4702,stage,V4_NATIVE_EMISSION
1ab2edeafc535f6de9d73b050db6bd4d59463ea1781b324f71687ba26b71bc3c,ca5422cd00833b9a76166a0ccc4c87882eda22cf9a1d961f0b2427fe7b7a4702,class,BACKEND
9ad845c1df557221fd6623f95673f057acf2feb21d8d939d71b96998133cd859,ca5422cd00833b9a76166a0ccc4c87882eda22cf9a1d961f0b2427fe7b7a4702,stage,V4_NATIVE_EMISSION
9ad845c1df557221fd6623f95673f057acf2feb21d8d939d71b96998133cd859,ca5422cd00833b9a76166a0ccc4c87882eda22cf9a1d961f0b2427fe7b7a4702,class,BACKEND
69edfa7f8c539b45503101499e4426320bbee34cd02729ec1bba4d007bd63ec1,ca5422cd00833b9a76166a0ccc4c87882eda22cf9a1d961f0b2427fe7b7a4702,stage,V4_NATIVE_EMISSION
69edfa7f8c539b45503101499e4426320bbee34cd02729ec1bba4d007bd63ec1,ca5422cd00833b9a76166a0ccc4c87882eda22cf9a1d961f0b2427fe7b7a4702,class,BACKEND
70f52af4501d6639f3232fcfc8d4eed3b17681a150f013d5362a331e39346a91,70ce8bab6462acaba5a6276b43b472302a6f03ada77b8ebc2dd8d7e004256e41,stage,V0_SOURCE_PARSE
70f52af4501d6639f3232fcfc8d4eed3b17681a150f013d5362a331e39346a91,70ce8bab6462acaba5a6276b43b472302a6f03ada77b8ebc2dd8d7e004256e41,class,FRONTEND
cf7d9838046c5786b6287176e23e38be92f187d835227c925db12a7c7622a814,70ce8bab6462acaba5a6276b43b472302a6f03ada77b8ebc2dd8d7e004256e41,stage,V0_SOURCE_PARSE
cf7d9838046c5786b6287176e23e38be92f187d835227c925db12a7c7622a814,70ce8bab6462acaba5a6276b43b472302a6f03ada77b8ebc2dd8d7e004256e41,class,FRONTEND
bf9202f3c6a2a6b1f833d0442f899dc203fd8bbc3271ef3fc9135ef579b5ebe0,70ce8bab6462acaba5a6276b43b472302a6f03ada77b8ebc2dd8d7e004256e41,stage,V0_SOURCE_PARSE
bf9202f3c6a2a6b1f833d0442f899dc203fd8bbc3271ef3fc9135ef579b5ebe0,70ce8bab6462acaba5a6276b43b472302a6f03ada77b8ebc2dd8d7e004256e41,class,FRONTEND
4df9f6891390c4a353a1f409297da0b8d96bfc26047457433a717dc96db40d5d,70ce8bab6462acaba5a6276b43b472302a6f03ada77b8ebc2dd8d7e004256e41,stage,V0_SOURCE_PARSE
4df9f6891390c4a353a1f409297da0b8d96bfc26047457433a717dc96db40d5d,70ce8bab6462acaba5a6276b43b472302a6f03ada77b8ebc2dd8d7e004256e41,class,FRONTEND
adf20a8c857ae98b144b76b4b847a1b2932e0d84657953ff5126f7be864dc5c5,70ce8bab6462acaba5a6276b43b472302a6f03ada77b8ebc2dd8d7e004256e41,stage,V0_SOURCE_PARSE
adf20a8c857ae98b144b76b4b847a1b2932e0d84657953ff5126f7be864dc5c5,70ce8bab6462acaba5a6276b43b472302a6f03ada77b8ebc2dd8d7e004256e41,class,FRONTEND
9b0bcb7195ca6d4ded4519d0c63064adbc9d7829f91e0e50c317e5a7109d9101,70ce8bab6462acaba5a6276b43b472302a6f03ada77b8ebc2dd8d7e004256e41,stage,V0_SOURCE_PARSE
9b0bcb7195ca6d4ded4519d0c63064adbc9d7829f91e0e50c317e5a7109d9101,70ce8bab6462acaba5a6276b43b472302a6f03ada77b8ebc2dd8d7e004256e41,class,FRONTEND
823d2d5facdc8c999b17d08af05d8ec829fcceefc81613db8ccb6f4f4ee0b7cd,70ce8bab6462acaba5a6276b43b472302a6f03ada77b8ebc2dd8d7e004256e41,stage,V0_SOURCE_PARSE
823d2d5facdc8c999b17d08af05d8ec829fcceefc81613db8ccb6f4f4ee0b7cd,70ce8bab6462acaba5a6276b43b472302a6f03ada77b8ebc2dd8d7e004256e41,class,FRONTEND
75b8e984b5838e068d25a3d3cf54cb2f61244b4d2a7053af42c83f19a08862e3,70ce8bab6462acaba5a6276b43b472302a6f03ada77b8ebc2dd8d7e004256e41,stage,V0_SOURCE_PARSE
75b8e984b5838e068d25a3d3cf54cb2f61244b4d2a7053af42c83f19a08862e3,70ce8bab6462acaba5a6276b43b472302a6f03ada77b8ebc2dd8d7e004256e41,class,FRONTEND
ce6aea63f457e9991dfebfa96689e1df73eab898bd15b4ce566f79c40b527a6b,70ce8bab6462acaba5a6276b43b472302a6f03ada77b8ebc2dd8d7e004256e41,stage,V0_SOURCE_PARSE
ce6aea63f457e9991dfebfa96689e1df73eab898bd15b4ce566f79c40b527a6b,70ce8bab6462acaba5a6276b43b472302a6f03ada77b8ebc2dd8d7e004256e41,class,FRONTEND
b3fcf68afd3852d3a5de0379e048427c1461685be0d995fac719136ee5b9d142,70ce8bab6462acaba5a6276b43b472302a6f03ada77b8ebc2dd8d7e004256e41,stage,V0_SOURCE_PARSE
b3fcf68afd3852d3a5de0379e048427c1461685be0d995fac719136ee5b9d142,70ce8bab6462acaba5a6276b43b472302a6f03ada77b8ebc2dd8d7e004256e41,class,FRONTEND
0c5c3117031cdd2a8bdfda3f2005cb9f2f98f384b96804e9236aa27ffb6c9ec8,70ce8bab6462acaba5a6276b43b472302a6f03ada77b8ebc2dd8d7e004256e41,stage,V0_SOURCE_PARSE
0c5c3117031cdd2a8bdfda3f2005cb9f2f98f384b96804e9236aa27ffb6c9ec8,70ce8bab6462acaba5a6276b43b472302a6f03ada77b8ebc2dd8d7e004256e41,class,FRONTEND
44ac46c31f7f4863aca67a5fc106d574d85a35e13646bf09ba23823313a6e00e,70ce8bab6462acaba5a6276b43b472302a6f03ada77b8ebc2dd8d7e004256e41,stage,V0_SOURCE_PARSE
44ac46c31f7f4863aca67a5fc106d574d85a35e13646bf09ba23823313a6e00e,70ce8bab6462acaba5a6276b43b472302a6f03ada77b8ebc2dd8d7e004256e41,class,FRONTEND
d9bcc9ea50bbf25ab25f71c2a57fd3e20a316fb9f7c44080cd12404a0685fd29,70ce8bab6462acaba5a6276b43b472302a6f03ada77b8ebc2dd8d7e004256e41,stage,V0_SOURCE_PARSE
d9bcc9ea50bbf25ab25f71c2a57fd3e20a316fb9f7c44080cd12404a0685fd29,70ce8bab6462acaba5a6276b43b472302a6f03ada77b8ebc2dd8d7e004256e41,class,FRONTEND
61857a6bca504310b9e0ee71644956508c6f7b783ca67a5dce23bb6bf92dc834,5d4dcd5c7c259fc5d081cd10346d6cc7a0cad8492ee8047029dafde20bddf424,stage,V4_NATIVE_EMISSION
61857a6bca504310b9e0ee71644956508c6f7b783ca67a5dce23bb6bf92dc834,5d4dcd5c7c259fc5d081cd10346d6cc7a0cad8492ee8047029dafde20bddf424,class,BACKEND
39fdc080523e3067edd632cd69df9c7e3dd933688965cb7cf517b66d41b0f352,5d4dcd5c7c259fc5d081cd10346d6cc7a0cad8492ee8047029dafde20bddf424,stage,V4_NATIVE_EMISSION
39fdc080523e3067edd632cd69df9c7e3dd933688965cb7cf517b66d41b0f352,5d4dcd5c7c259fc5d081cd10346d6cc7a0cad8492ee8047029dafde20bddf424,class,BACKEND
30b20ca99a324f2e8140b58a00675023ad30d1f78c836e5251ed3e2590a23c13,5d4dcd5c7c259fc5d081cd10346d6cc7a0cad8492ee8047029dafde20bddf424,stage,V4_NATIVE_EMISSION
30b20ca99a324f2e8140b58a00675023ad30d1f78c836e5251ed3e2590a23c13,5d4dcd5c7c259fc5d081cd10346d6cc7a0cad8492ee8047029dafde20bddf424,class,BACKEND
d7b3c547ac117292d33cce22cef1a7078e6d9930d6fc6044a2c9ad0e16a6983b,5d4dcd5c7c259fc5d081cd10346d6cc7a0cad8492ee8047029dafde20bddf424,stage,V4_NATIVE_EMISSION
d7b3c547ac117292d33cce22cef1a7078e6d9930d6fc6044a2c9ad0e16a6983b,5d4dcd5c7c259fc5d081cd10346d6cc7a0cad8492ee8047029dafde20bddf424,class,BACKEND
acbc10277367c3c3907ee3be5437ba660f4707bc86d35d4aff3cd7f9839447ac,5d4dcd5c7c259fc5d081cd10346d6cc7a0cad8492ee8047029dafde20bddf424,stage,V4_NATIVE_EMISSION
acbc10277367c3c3907ee3be5437ba660f4707bc86d35d4aff3cd7f9839447ac,5d4dcd5c7c259fc5d081cd10346d6cc7a0cad8492ee8047029dafde20bddf424,class,BACKEND
119441eeebdeba616e5a2f7f0472434c971a75f5b2716adbeddc47fe87194b23,5d4dcd5c7c259fc5d081cd10346d6cc7a0cad8492ee8047029dafde20bddf424,stage,V4_NATIVE_EMISSION
119441eeebdeba616e5a2f7f0472434c971a75f5b2716adbeddc47fe87194b23,5d4dcd5c7c259fc5d081cd10346d6cc7a0cad8492ee8047029dafde20bddf424,class,BACKEND
de666d646e7ae573b32c372c7b773d520e121ee9a06029ce8568c8baa94ec1d9,5d4dcd5c7c259fc5d081cd10346d6cc7a0cad8492ee8047029dafde20bddf424,stage,V4_NATIVE_EMISSION
de666d646e7ae573b32c372c7b773d520e121ee9a06029ce8568c8baa94ec1d9,5d4dcd5c7c259fc5d081cd10346d6cc7a0cad8492ee8047029dafde20bddf424,class,BACKEND
287c9cbd632a6fc75ea940f25fcd23e5fbf74c543289c27235c9d675a3409b03,5d4dcd5c7c259fc5d081cd10346d6cc7a0cad8492ee8047029dafde20bddf424,stage,V4_NATIVE_EMISSION
287c9cbd632a6fc75ea940f25fcd23e5fbf74c543289c27235c9d675a3409b03,5d4dcd5c7c259fc5d081cd10346d6cc7a0cad8492ee8047029dafde20bddf424,class,BACKEND
cfbef20b002c58239a4a50f83d6aa66caa63b440310a00995d5e76416e7eedda,5d4dcd5c7c259fc5d081cd10346d6cc7a0cad8492ee8047029dafde20bddf424,stage,V4_NATIVE_EMISSION
cfbef20b002c58239a4a50f83d6aa66caa63b440310a00995d5e76416e7eedda,5d4dcd5c7c259fc5d081cd10346d6cc7a0cad8492ee8047029dafde20bddf424,class,BACKEND
91199f90fd6c577b7eb82145457a7942ce75390e631c8f3a72d31129633e517a,5d4dcd5c7c259fc5d081cd10346d6cc7a0cad8492ee8047029dafde20bddf424,stage,V4_NATIVE_EMISSION
91199f90fd6c577b7eb82145457a7942ce75390e631c8f3a72d31129633e517a,5d4dcd5c7c259fc5d081cd10346d6cc7a0cad8492ee8047029dafde20bddf424,class,BACKEND
c75a07c9c3d55b7cba8069c1f6196ef1914e81c1b2dfc3ace2efd228931cd527,5d4dcd5c7c259fc5d081cd10346d6cc7a0cad8492ee8047029dafde20bddf424,stage,V4_NATIVE_EMISSION
c75a07c9c3d55b7cba8069c1f6196ef1914e81c1b2dfc3ace2efd228931cd527,5d4dcd5c7c259fc5d081cd10346d6cc7a0cad8492ee8047029dafde20bddf424,class,BACKEND
9b7a4a2afc7ef875c4844f2f7b44ac264ef26a8e797dfc7fcbcf8910e46c9f6c,5d4dcd5c7c259fc5d081cd10346d6cc7a0cad8492ee8047029dafde20bddf424,stage,V4_NATIVE_EMISSION
9b7a4a2afc7ef875c4844f2f7b44ac264ef26a8e797dfc7fcbcf8910e46c9f6c,5d4dcd5c7c259fc5d081cd10346d6cc7a0cad8492ee8047029dafde20bddf424,class,BACKEND
e3cfc1ecbf24c0db5268b6ce655db26569273cecbbdc89f46b7a619b6a772789,5d4dcd5c7c259fc5d081cd10346d6cc7a0cad8492ee8047029dafde20bddf424,stage,V4_NATIVE_EMISSION
e3cfc1ecbf24c0db5268b6ce655db26569273cecbbdc89f46b7a619b6a772789,5d4dcd5c7c259fc5d081cd10346d6cc7a0cad8492ee8047029dafde20bddf424,class,BACKEND
970609981f9ecf660e50f4b6c6ad66748be91dd4dd859eb78d891ce6a316f913,0852f0693c2c50fedb97e1e06f85eac9aceea0566862186e530b9a1be4ce20aa,stage,V4_NATIVE_EMISSION
970609981f9ecf660e50f4b6c6ad66748be91dd4dd859eb78d891ce6a316f913,0852f0693c2c50fedb97e1e06f85eac9aceea0566862186e530b9a1be4ce20aa,class,BACKEND
faa33a69be9310b58f8ecae83caefe2eaa19506b37d03f2c6aa06a7b9f574849,41a1a99302c631d77415a9ed8c152e9ae2b038f0c5113fc0d148180d0bea4c8e,stage,V4_NATIVE_EMISSION
faa33a69be9310b58f8ecae83caefe2eaa19506b37d03f2c6aa06a7b9f574849,41a1a99302c631d77415a9ed8c152e9ae2b038f0c5113fc0d148180d0bea4c8e,class,BACKEND
5b62045d3169a114e7879a3b467b25d74880a9835d08cde2564516d462b6e47e,126066370ded84abd2691ba6a10e444fbf15d1bebf2e85a1f0da4c9e87ed94fc,stage,V4_NATIVE_EMISSION
5b62045d3169a114e7879a3b467b25d74880a9835d08cde2564516d462b6e47e,126066370ded84abd2691ba6a10e444fbf15d1bebf2e85a1f0da4c9e87ed94fc,class,BACKEND
73b16ba3949a9e2aa778287ed48529ad7a4dbb5375c38e6caf367eb0a5272dc9,126066370ded84abd2691ba6a10e444fbf15d1bebf2e85a1f0da4c9e87ed94fc,stage,V4_NATIVE_EMISSION
73b16ba3949a9e2aa778287ed48529ad7a4dbb5375c38e6caf367eb0a5272dc9,126066370ded84abd2691ba6a10e444fbf15d1bebf2e85a1f0da4c9e87ed94fc,class,BACKEND
9d915a0a4c9d82250c736bbb7f60c86d5d1d07689fa2cc51f2adf594b2028568,126066370ded84abd2691ba6a10e444fbf15d1bebf2e85a1f0da4c9e87ed94fc,stage,V4_NATIVE_EMISSION
9d915a0a4c9d82250c736bbb7f60c86d5d1d07689fa2cc51f2adf594b2028568,126066370ded84abd2691ba6a10e444fbf15d1bebf2e85a1f0da4c9e87ed94fc,class,BACKEND
6f099233aa47d9e9bc59645307d28bedf1288b12c39cc6c5eff9f13bbd1c9171,126066370ded84abd2691ba6a10e444fbf15d1bebf2e85a1f0da4c9e87ed94fc,stage,V4_NATIVE_EMISSION
6f099233aa47d9e9bc59645307d28bedf1288b12c39cc6c5eff9f13bbd1c9171,126066370ded84abd2691ba6a10e444fbf15d1bebf2e85a1f0da4c9e87ed94fc,class,BACKEND
72c6a17507c33b2fdcd623c2b915acd136288a39c54fc7b5089933f9c5430aa8,126066370ded84abd2691ba6a10e444fbf15d1bebf2e85a1f0da4c9e87ed94fc,stage,V4_NATIVE_EMISSION
72c6a17507c33b2fdcd623c2b915acd136288a39c54fc7b5089933f9c5430aa8,126066370ded84abd2691ba6a10e444fbf15d1bebf2e85a1f0da4c9e87ed94fc,class,BACKEND
d0b1b934800ba02a2a8d62222f5a00b6630a940488ec25b162a0b17c7f9c9a3e,126066370ded84abd2691ba6a10e444fbf15d1bebf2e85a1f0da4c9e87ed94fc,stage,V4_NATIVE_EMISSION
d0b1b934800ba02a2a8d62222f5a00b6630a940488ec25b162a0b17c7f9c9a3e,126066370ded84abd2691ba6a10e444fbf15d1bebf2e85a1f0da4c9e87ed94fc,class,BACKEND
1e97ff674c05f1dcf69291941aa940c96c9e32e2f0669cdc6f98dedd8340e946,126066370ded84abd2691ba6a10e444fbf15d1bebf2e85a1f0da4c9e87ed94fc,stage,V4_NATIVE_EMISSION
1e97ff674c05f1dcf69291941aa940c96c9e32e2f0669cdc6f98dedd8340e946,126066370ded84abd2691ba6a10e444fbf15d1bebf2e85a1f0da4c9e87ed94fc,class,BACKEND
d0e1fea61efa56774093c754c6b891474b98902573409383b354028bcefca420,126066370ded84abd2691ba6a10e444fbf15d1bebf2e85a1f0da4c9e87ed94fc,stage,V4_NATIVE_EMISSION
d0e1fea61efa56774093c754c6b891474b98902573409383b354028bcefca420,126066370ded84abd2691ba6a10e444fbf15d1bebf2e85a1f0da4c9e87ed94fc,class,BACKEND
779659481e98f22097db8a15e30b3fd14b6431188671c04a6ec921510406e7c0,126066370ded84abd2691ba6a10e444fbf15d1bebf2e85a1f0da4c9e87ed94fc,stage,V4_NATIVE_EMISSION
779659481e98f22097db8a15e30b3fd14b6431188671c04a6ec921510406e7c0,126066370ded84abd2691ba6a10e444fbf15d1bebf2e85a1f0da4c9e87ed94fc,class,BACKEND
a1dba5025213d60be9e1c86ee8cee1b53820ff7fcc6dfce64a850223c4a839b1,126066370ded84abd2691ba6a10e444fbf15d1bebf2e85a1f0da4c9e87ed94fc,stage,V4_NATIVE_EMISSION
a1dba5025213d60be9e1c86ee8cee1b53820ff7fcc6dfce64a850223c4a839b1,126066370ded84abd2691ba6a10e444fbf15d1bebf2e85a1f0da4c9e87ed94fc,class,BACKEND
71c1ea372fed237abfff8d4fae8cf6f22dd4f553a2bb6c73dbaaeb473fc80a1c,126066370ded84abd2691ba6a10e444fbf15d1bebf2e85a1f0da4c9e87ed94fc,stage,V4_NATIVE_EMISSION
71c1ea372fed237abfff8d4fae8cf6f22dd4f553a2bb6c73dbaaeb473fc80a1c,126066370ded84abd2691ba6a10e444fbf15d1bebf2e85a1f0da4c9e87ed94fc,class,BACKEND
5e5dad9e3a293a48f662e5d04051804cde677c60d5df3fe843f9f76549f94fb6,126066370ded84abd2691ba6a10e444fbf15d1bebf2e85a1f0da4c9e87ed94fc,stage,V4_NATIVE_EMISSION
5e5dad9e3a293a48f662e5d04051804cde677c60d5df3fe843f9f76549f94fb6,126066370ded84abd2691ba6a10e444fbf15d1bebf2e85a1f0da4c9e87ed94fc,class,BACKEND
9e3507051c84c2f6d68d9b1d9c4198f10ec2527fa4a5fc9a2fc7ff860c7d9af6,126066370ded84abd2691ba6a10e444fbf15d1bebf2e85a1f0da4c9e87ed94fc,stage,V4_NATIVE_EMISSION
9e3507051c84c2f6d68d9b1d9c4198f10ec2527fa4a5fc9a2fc7ff860c7d9af6,126066370ded84abd2691ba6a10e444fbf15d1bebf2e85a1f0da4c9e87ed94fc,class,BACKEND
9aa8b2cb6d35fae770aa449f6a1334391dc5a2515c32e00477a1968188712cb6,08a1bb8b1e94f5b7bacdab1686d7d403ad2b3e7fa31dd83a125d856d653f8d2f,stage,V4_NATIVE_EMISSION
9aa8b2cb6d35fae770aa449f6a1334391dc5a2515c32e00477a1968188712cb6,08a1bb8b1e94f5b7bacdab1686d7d403ad2b3e7fa31dd83a125d856d653f8d2f,class,BACKEND
289f3e0999f7df86dc3e8978532e995de5586ac68b1c23b7a5391daf186c9b7c,c12073e386c7dc4633b7141ffc829da54fd778f9a617cbfaeee6f18bc108f3a8,stage,V4_NATIVE_EMISSION
289f3e0999f7df86dc3e8978532e995de5586ac68b1c23b7a5391daf186c9b7c,c12073e386c7dc4633b7141ffc829da54fd778f9a617cbfaeee6f18bc108f3a8,class,BACKEND
c8d42053361b3fb6fe03b13f547bff9954d00ea11f4fada3cc51e66a4197ac64,c12073e386c7dc4633b7141ffc829da54fd778f9a617cbfaeee6f18bc108f3a8,stage,V4_NATIVE_EMISSION
c8d42053361b3fb6fe03b13f547bff9954d00ea11f4fada3cc51e66a4197ac64,c12073e386c7dc4633b7141ffc829da54fd778f9a617cbfaeee6f18bc108f3a8,class,BACKEND
bce65e6644d291ec72c9296cd4af697183c9999d1adc207185c9d5ae301fceca,9309c24a21715f1bbe108a41a9a02b65960f613b6b937f0e3544975155ea3d58,stage,V4_NATIVE_EMISSION
bce65e6644d291ec72c9296cd4af697183c9999d1adc207185c9d5ae301fceca,9309c24a21715f1bbe108a41a9a02b65960f613b6b937f0e3544975155ea3d58,class,BACKEND
3fc88cff8f43cafa51d5602163fd3b1d334a7db4bed4ea57da1ad57b9db5ac03,9309c24a21715f1bbe108a41a9a02b65960f613b6b937f0e3544975155ea3d58,stage,V4_NATIVE_EMISSION
3fc88cff8f43cafa51d5602163fd3b1d334a7db4bed4ea57da1ad57b9db5ac03,9309c24a21715f1bbe108a41a9a02b65960f613b6b937f0e3544975155ea3d58,class,BACKEND
c317f7f304def480cccaae141258f6fbd07b5733dfa7cd5c233541dc7e93befa,9309c24a21715f1bbe108a41a9a02b65960f613b6b937f0e3544975155ea3d58,stage,V4_NATIVE_EMISSION
c317f7f304def480cccaae141258f6fbd07b5733dfa7cd5c233541dc7e93befa,9309c24a21715f1bbe108a41a9a02b65960f613b6b937f0e3544975155ea3d58,class,BACKEND
ee6505c7ff1dda8a44d51006f91b99a3179e260ce4a4058c0f2c13b138789cb2,9309c24a21715f1bbe108a41a9a02b65960f613b6b937f0e3544975155ea3d58,stage,V4_NATIVE_EMISSION
ee6505c7ff1dda8a44d51006f91b99a3179e260ce4a4058c0f2c13b138789cb2,9309c24a21715f1bbe108a41a9a02b65960f613b6b937f0e3544975155ea3d58,class,BACKEND
f3e9cea1b93fc6db7b415ce2858ef8366171a2220741fdef1537612ce2327ca5,9309c24a21715f1bbe108a41a9a02b65960f613b6b937f0e3544975155ea3d58,stage,V4_NATIVE_EMISSION
f3e9cea1b93fc6db7b415ce2858ef8366171a2220741fdef1537612ce2327ca5,9309c24a21715f1bbe108a41a9a02b65960f613b6b937f0e3544975155ea3d58,class,BACKEND
c4a1055d33922924b7e55595594ca343b9f776a87aeeb92239e4bc6aaf6e4059,9309c24a21715f1bbe108a41a9a02b65960f613b6b937f0e3544975155ea3d58,stage,V4_NATIVE_EMISSION
c4a1055d33922924b7e55595594ca343b9f776a87aeeb92239e4bc6aaf6e4059,9309c24a21715f1bbe108a41a9a02b65960f613b6b937f0e3544975155ea3d58,class,BACKEND
052cc238f72662b0a62778686a7b22303891f09dc9f3b7d1e78f665d2a3df549,9309c24a21715f1bbe108a41a9a02b65960f613b6b937f0e3544975155ea3d58,stage,V4_NATIVE_EMISSION
052cc238f72662b0a62778686a7b22303891f09dc9f3b7d1e78f665d2a3df549,9309c24a21715f1bbe108a41a9a02b65960f613b6b937f0e3544975155ea3d58,class,BACKEND
bf21e64661ba1ef954b9f41558ac28d0b7229ad722c1a64b9d4b5747a0d65d15,9309c24a21715f1bbe108a41a9a02b65960f613b6b937f0e3544975155ea3d58,stage,V4_NATIVE_EMISSION
bf21e64661ba1ef954b9f41558ac28d0b7229ad722c1a64b9d4b5747a0d65d15,9309c24a21715f1bbe108a41a9a02b65960f613b6b937f0e3544975155ea3d58,class,BACKEND
594f3e025408ba91d6fe1a37506e0ace1c8d53e785d6f6620a89ea929e92b709,9309c24a21715f1bbe108a41a9a02b65960f613b6b937f0e3544975155ea3d58,stage,V4_NATIVE_EMISSION
594f3e025408ba91d6fe1a37506e0ace1c8d53e785d6f6620a89ea929e92b709,9309c24a21715f1bbe108a41a9a02b65960f613b6b937f0e3544975155ea3d58,class,BACKEND
7881e91fe7ea03c6e07221e8fabca89d74012498c52d7751349259604686f7e0,9309c24a21715f1bbe108a41a9a02b65960f613b6b937f0e3544975155ea3d58,stage,V4_NATIVE_EMISSION
7881e91fe7ea03c6e07221e8fabca89d74012498c52d7751349259604686f7e0,9309c24a21715f1bbe108a41a9a02b65960f613b6b937f0e3544975155ea3d58,class,BACKEND
71d387390a71c9e830235f9847f6389fe52000b6ab451eb20bd9f7ef0c44c7e6,9309c24a21715f1bbe108a41a9a02b65960f613b6b937f0e3544975155ea3d58,stage,V4_NATIVE_EMISSION
71d387390a71c9e830235f9847f6389fe52000b6ab451eb20bd9f7ef0c44c7e6,9309c24a21715f1bbe108a41a9a02b65960f613b6b937f0e3544975155ea3d58,class,BACKEND
4db7aadedbeeecf1c49e895bf5a08662f8be57fefbb4908001b0387ace932632,9309c24a21715f1bbe108a41a9a02b65960f613b6b937f0e3544975155ea3d58,stage,V4_NATIVE_EMISSION
4db7aadedbeeecf1c49e895bf5a08662f8be57fefbb4908001b0387ace932632,9309c24a21715f1bbe108a41a9a02b65960f613b6b937f0e3544975155ea3d58,class,BACKEND
6c0a92d9d4f2615cae5139f4715c5935eeb2b6ad33746155ef6b674c6fc42e52,c4fde7f3f6baae322c28a8ff65c075d62efce4fbaaadb549afc42ce541de415d,stage,V4_NATIVE_EMISSION
6c0a92d9d4f2615cae5139f4715c5935eeb2b6ad33746155ef6b674c6fc42e52,c4fde7f3f6baae322c28a8ff65c075d62efce4fbaaadb549afc42ce541de415d,class,BACKEND
5817efe103a50041335c67db889c567e6a845f9fc6cd628774921f11cc1ffaee,c4fde7f3f6baae322c28a8ff65c075d62efce4fbaaadb549afc42ce541de415d,stage,V4_NATIVE_EMISSION
5817efe103a50041335c67db889c567e6a845f9fc6cd628774921f11cc1ffaee,c4fde7f3f6baae322c28a8ff65c075d62efce4fbaaadb549afc42ce541de415d,class,BACKEND
5dcd35dfa8784f9d716601dd0e79880af341f1fa65c1e4e83b19e4235ef05c55,c4fde7f3f6baae322c28a8ff65c075d62efce4fbaaadb549afc42ce541de415d,stage,V4_NATIVE_EMISSION
5dcd35dfa8784f9d716601dd0e79880af341f1fa65c1e4e83b19e4235ef05c55,c4fde7f3f6baae322c28a8ff65c075d62efce4fbaaadb549afc42ce541de415d,class,BACKEND
b6b9f2624984f1d51790fba88d6a2072984b7f739525794934d341145c8b9d57,c4fde7f3f6baae322c28a8ff65c075d62efce4fbaaadb549afc42ce541de415d,stage,V4_NATIVE_EMISSION
b6b9f2624984f1d51790fba88d6a2072984b7f739525794934d341145c8b9d57,c4fde7f3f6baae322c28a8ff65c075d62efce4fbaaadb549afc42ce541de415d,class,BACKEND
e744f45f9fa8cd1ca04bbd92decc9901ef244f287db21a5755fa0fac5674ac20,c4fde7f3f6baae322c28a8ff65c075d62efce4fbaaadb549afc42ce541de415d,stage,V4_NATIVE_EMISSION
e744f45f9fa8cd1ca04bbd92decc9901ef244f287db21a5755fa0fac5674ac20,c4fde7f3f6baae322c28a8ff65c075d62efce4fbaaadb549afc42ce541de415d,class,BACKEND
349ee859358a692baf96229a97108119d14f7acc318164426be296dd84488b97,0acdce0b0d2318fce9a65ecb6c9f97415b5987d171ce178a3c9e45900d733d41,stage,V4_NATIVE_EMISSION
349ee859358a692baf96229a97108119d14f7acc318164426be296dd84488b97,0acdce0b0d2318fce9a65ecb6c9f97415b5987d171ce178a3c9e45900d733d41,class,BACKEND
68c0623943f423dd7ada23738602c03abcb4712f2c7b36f72b7c2edd87e5f0ed,0acdce0b0d2318fce9a65ecb6c9f97415b5987d171ce178a3c9e45900d733d41,stage,V4_NATIVE_EMISSION
68c0623943f423dd7ada23738602c03abcb4712f2c7b36f72b7c2edd87e5f0ed,0acdce0b0d2318fce9a65ecb6c9f97415b5987d171ce178a3c9e45900d733d41,class,BACKEND
3d24629f2504df8b979367ef75473e8c8b6b8b2722f5fd288de38bc3e4fdb6e5,0acdce0b0d2318fce9a65ecb6c9f97415b5987d171ce178a3c9e45900d733d41,stage,V4_NATIVE_EMISSION
3d24629f2504df8b979367ef75473e8c8b6b8b2722f5fd288de38bc3e4fdb6e5,0acdce0b0d2318fce9a65ecb6c9f97415b5987d171ce178a3c9e45900d733d41,class,BACKEND
2b14442af5dcfd2c852706f486c1bc7e7cf78df80aaae38cd9cd6a53f712d3db,0acdce0b0d2318fce9a65ecb6c9f97415b5987d171ce178a3c9e45900d733d41,stage,V4_NATIVE_EMISSION
2b14442af5dcfd2c852706f486c1bc7e7cf78df80aaae38cd9cd6a53f712d3db,0acdce0b0d2318fce9a65ecb6c9f97415b5987d171ce178a3c9e45900d733d41,class,BACKEND
cbc4988fe3b55b2c93fb90a46544a0533e8dfa58eb04f5c94cd1e2d3d40ce60c,0acdce0b0d2318fce9a65ecb6c9f97415b5987d171ce178a3c9e45900d733d41,stage,V4_NATIVE_EMISSION
cbc4988fe3b55b2c93fb90a46544a0533e8dfa58eb04f5c94cd1e2d3d40ce60c,0acdce0b0d2318fce9a65ecb6c9f97415b5987d171ce178a3c9e45900d733d41,class,BACKEND
c8189b47ebd273282f085080b41c36e7571e52a0b45dfc20a7b2af37f0eea20c,c61f597ad23e628b58a025b2fb5ba72c38cc892bf932186a96ab9598847687e6,stage,V4_NATIVE_EMISSION
c8189b47ebd273282f085080b41c36e7571e52a0b45dfc20a7b2af37f0eea20c,c61f597ad23e628b58a025b2fb5ba72c38cc892bf932186a96ab9598847687e6,class,BACKEND
bd0053f25c0cfdf44c03a37808ca945e2a6cbcf6ee0ef0fb3d08cdc1115437e1,c61f597ad23e628b58a025b2fb5ba72c38cc892bf932186a96ab9598847687e6,stage,V4_NATIVE_EMISSION
bd0053f25c0cfdf44c03a37808ca945e2a6cbcf6ee0ef0fb3d08cdc1115437e1,c61f597ad23e628b58a025b2fb5ba72c38cc892bf932186a96ab9598847687e6,class,BACKEND
250255b24cd60ca8cb485f29d592751bb6e58a78c2765736073447f77e229c6c,c61f597ad23e628b58a025b2fb5ba72c38cc892bf932186a96ab9598847687e6,stage,V4_NATIVE_EMISSION
250255b24cd60ca8cb485f29d592751bb6e58a78c2765736073447f77e229c6c,c61f597ad23e628b58a025b2fb5ba72c38cc892bf932186a96ab9598847687e6,class,BACKEND
8a3b67f77fdca8dba2281a183edec710bfc990db8146f59b9e76afe9949edf38,c61f597ad23e628b58a025b2fb5ba72c38cc892bf932186a96ab9598847687e6,stage,V4_NATIVE_EMISSION
8a3b67f77fdca8dba2281a183edec710bfc990db8146f59b9e76afe9949edf38,c61f597ad23e628b58a025b2fb5ba72c38cc892bf932186a96ab9598847687e6,class,BACKEND
54a4339f272a331a08620001e608cf048dccd7492e8da6be9c19e27dbaa04f4a,c61f597ad23e628b58a025b2fb5ba72c38cc892bf932186a96ab9598847687e6,stage,V4_NATIVE_EMISSION
54a4339f272a331a08620001e608cf048dccd7492e8da6be9c19e27dbaa04f4a,c61f597ad23e628b58a025b2fb5ba72c38cc892bf932186a96ab9598847687e6,class,BACKEND
ee27f0e4abdfbdea04861910b522171a90d81a28acf0cbc8b65bb5d68b40c770,c61f597ad23e628b58a025b2fb5ba72c38cc892bf932186a96ab9598847687e6,stage,V4_NATIVE_EMISSION
ee27f0e4abdfbdea04861910b522171a90d81a28acf0cbc8b65bb5d68b40c770,c61f597ad23e628b58a025b2fb5ba72c38cc892bf932186a96ab9598847687e6,class,BACKEND
75dcab1ceeff8ba069234ee4513359e5bcc96deb381a3ecceae7b9a14c24acd6,c61f597ad23e628b58a025b2fb5ba72c38cc892bf932186a96ab9598847687e6,stage,V4_NATIVE_EMISSION
75dcab1ceeff8ba069234ee4513359e5bcc96deb381a3ecceae7b9a14c24acd6,c61f597ad23e628b58a025b2fb5ba72c38cc892bf932186a96ab9598847687e6,class,BACKEND
f64d0a8b60c8a5acc70932c44a8d0f0f392ea873e516173a5a080024b4c83484,c61f597ad23e628b58a025b2fb5ba72c38cc892bf932186a96ab9598847687e6,stage,V4_NATIVE_EMISSION
f64d0a8b60c8a5acc70932c44a8d0f0f392ea873e516173a5a080024b4c83484,c61f597ad23e628b58a025b2fb5ba72c38cc892bf932186a96ab9598847687e6,class,BACKEND
3c97c79074f45779572c351ed6beaebba9046ea82c0af7ee7909e15a66722102,c61f597ad23e628b58a025b2fb5ba72c38cc892bf932186a96ab9598847687e6,stage,V4_NATIVE_EMISSION
3c97c79074f45779572c351ed6beaebba9046ea82c0af7ee7909e15a66722102,c61f597ad23e628b58a025b2fb5ba72c38cc892bf932186a96ab9598847687e6,class,BACKEND
8593bd5d367eae83d59fc8d7fc2fceb0ab81470541c6fd0ed815530d173eb546,c61f597ad23e628b58a025b2fb5ba72c38cc892bf932186a96ab9598847687e6,stage,V4_NATIVE_EMISSION
8593bd5d367eae83d59fc8d7fc2fceb0ab81470541c6fd0ed815530d173eb546,c61f597ad23e628b58a025b2fb5ba72c38cc892bf932186a96ab9598847687e6,class,BACKEND
9e43037d2dec3bbef68f9f4e9b5f8cd53aac96ac403b1eb208a00d191be0c849,c61f597ad23e628b58a025b2fb5ba72c38cc892bf932186a96ab9598847687e6,stage,V4_NATIVE_EMISSION
9e43037d2dec3bbef68f9f4e9b5f8cd53aac96ac403b1eb208a00d191be0c849,c61f597ad23e628b58a025b2fb5ba72c38cc892bf932186a96ab9598847687e6,class,BACKEND
e89d0ee361376ae64753f6bd5a6c6d8beea6f760d7dc615fd8689451c52351a3,c61f597ad23e628b58a025b2fb5ba72c38cc892bf932186a96ab9598847687e6,stage,V4_NATIVE_EMISSION
e89d0ee361376ae64753f6bd5a6c6d8beea6f760d7dc615fd8689451c52351a3,c61f597ad23e628b58a025b2fb5ba72c38cc892bf932186a96ab9598847687e6,class,BACKEND
690b191f5cf8f1658b0b5adeb20d344cf9e4cc7360a7b7438d2ee0cbf65aaabc,c61f597ad23e628b58a025b2fb5ba72c38cc892bf932186a96ab9598847687e6,stage,V4_NATIVE_EMISSION
690b191f5cf8f1658b0b5adeb20d344cf9e4cc7360a7b7438d2ee0cbf65aaabc,c61f597ad23e628b58a025b2fb5ba72c38cc892bf932186a96ab9598847687e6,class,BACKEND
acf572563cd144cabd6f40fd28a12a45ccfb0c72a507e7b83dc2646f31b1b732,051392b3545006a01d901a93277d69744b6f2b20811d9fc7e88b0ad7c8496841,stage,V4_NATIVE_EMISSION
acf572563cd144cabd6f40fd28a12a45ccfb0c72a507e7b83dc2646f31b1b732,051392b3545006a01d901a93277d69744b6f2b20811d9fc7e88b0ad7c8496841,class,BACKEND
f11561ce8cd96064b4b483e345992c9dcf304da59b5fe9e66d4e716c606fb8fa,051392b3545006a01d901a93277d69744b6f2b20811d9fc7e88b0ad7c8496841,stage,V4_NATIVE_EMISSION
f11561ce8cd96064b4b483e345992c9dcf304da59b5fe9e66d4e716c606fb8fa,051392b3545006a01d901a93277d69744b6f2b20811d9fc7e88b0ad7c8496841,class,BACKEND
29b38acad9951cf7bc0050856d685f1e31c978b59d9f35e0c0ccca9c1e627874,051392b3545006a01d901a93277d69744b6f2b20811d9fc7e88b0ad7c8496841,stage,V4_NATIVE_EMISSION
29b38acad9951cf7bc0050856d685f1e31c978b59d9f35e0c0ccca9c1e627874,051392b3545006a01d901a93277d69744b6f2b20811d9fc7e88b0ad7c8496841,class,BACKEND
39273f73e83a4eb614a360f727b68875e913a5cdf5870291a3ab669c45f1ebcc,051392b3545006a01d901a93277d69744b6f2b20811d9fc7e88b0ad7c8496841,stage,V4_NATIVE_EMISSION
39273f73e83a4eb614a360f727b68875e913a5cdf5870291a3ab669c45f1ebcc,051392b3545006a01d901a93277d69744b6f2b20811d9fc7e88b0ad7c8496841,class,BACKEND
dfa79d1eda04ff422cb2f757c45189a9de6e77e7a0faa05c7c4a9f7e1f772ad4,051392b3545006a01d901a93277d69744b6f2b20811d9fc7e88b0ad7c8496841,stage,V4_NATIVE_EMISSION
dfa79d1eda04ff422cb2f757c45189a9de6e77e7a0faa05c7c4a9f7e1f772ad4,051392b3545006a01d901a93277d69744b6f2b20811d9fc7e88b0ad7c8496841,class,BACKEND
0feb45b7f93c2b3ed3d1931283acad98a350cbafdffd11622f8862c9faa4a018,051392b3545006a01d901a93277d69744b6f2b20811d9fc7e88b0ad7c8496841,stage,V4_NATIVE_EMISSION
0feb45b7f93c2b3ed3d1931283acad98a350cbafdffd11622f8862c9faa4a018,051392b3545006a01d901a93277d69744b6f2b20811d9fc7e88b0ad7c8496841,class,BACKEND
69420a354540f6c93c92026c31c1e028adac36c2965d69cfd87a51dd94d8f384,051392b3545006a01d901a93277d69744b6f2b20811d9fc7e88b0ad7c8496841,stage,V4_NATIVE_EMISSION
69420a354540f6c93c92026c31c1e028adac36c2965d69cfd87a51dd94d8f384,051392b3545006a01d901a93277d69744b6f2b20811d9fc7e88b0ad7c8496841,class,BACKEND
12c548681926f05df0714a3bb6d77a3889ac409d3c41a3af8eccebbe82eaadcc,051392b3545006a01d901a93277d69744b6f2b20811d9fc7e88b0ad7c8496841,stage,V4_NATIVE_EMISSION
12c548681926f05df0714a3bb6d77a3889ac409d3c41a3af8eccebbe82eaadcc,051392b3545006a01d901a93277d69744b6f2b20811d9fc7e88b0ad7c8496841,class,BACKEND
f98d52447ed230d3e9823eccaaf2c0851b44d210af02615111348fc3aa48b449,051392b3545006a01d901a93277d69744b6f2b20811d9fc7e88b0ad7c8496841,stage,V4_NATIVE_EMISSION
f98d52447ed230d3e9823eccaaf2c0851b44d210af02615111348fc3aa48b449,051392b3545006a01d901a93277d69744b6f2b20811d9fc7e88b0ad7c8496841,class,BACKEND
135b28a0da5389c665dfab6c75a8f38b9275de084b2e98d88dd7f5b12540cb9f,051392b3545006a01d901a93277d69744b6f2b20811d9fc7e88b0ad7c8496841,stage,V4_NATIVE_EMISSION
135b28a0da5389c665dfab6c75a8f38b9275de084b2e98d88dd7f5b12540cb9f,051392b3545006a01d901a93277d69744b6f2b20811d9fc7e88b0ad7c8496841,class,BACKEND
e0ec66674d78cb5e0f1aa8ace5b6f3263387e709c2ad79f853482b00fdba94f2,051392b3545006a01d901a93277d69744b6f2b20811d9fc7e88b0ad7c8496841,stage,V4_NATIVE_EMISSION
e0ec66674d78cb5e0f1aa8ace5b6f3263387e709c2ad79f853482b00fdba94f2,051392b3545006a01d901a93277d69744b6f2b20811d9fc7e88b0ad7c8496841,class,BACKEND
cff63da93b3d10bed81d1f26ffa64f3ff7d278bcec8f01a8930a1a164fdc8e45,051392b3545006a01d901a93277d69744b6f2b20811d9fc7e88b0ad7c8496841,stage,V4_NATIVE_EMISSION
cff63da93b3d10bed81d1f26ffa64f3ff7d278bcec8f01a8930a1a164fdc8e45,051392b3545006a01d901a93277d69744b6f2b20811d9fc7e88b0ad7c8496841,class,BACKEND
ae98ed6a48cd4c7da18bfa057e1f31cf85ddf505708c7b4de6fcda5ebe3a205f,051392b3545006a01d901a93277d69744b6f2b20811d9fc7e88b0ad7c8496841,stage,V4_NATIVE_EMISSION
ae98ed6a48cd4c7da18bfa057e1f31cf85ddf505708c7b4de6fcda5ebe3a205f,051392b3545006a01d901a93277d69744b6f2b20811d9fc7e88b0ad7c8496841,class,BACKEND
e5a421a0e2e6257855316fe14d569bc7227873824eb5e8609f9c94c87bd1a783,5b8957588627177018d8f8291e1faaeda9d1e0df2a2a72b562baa9e8b375c30c,stage,V4_NATIVE_EMISSION
e5a421a0e2e6257855316fe14d569bc7227873824eb5e8609f9c94c87bd1a783,5b8957588627177018d8f8291e1faaeda9d1e0df2a2a72b562baa9e8b375c30c,class,BACKEND
11d5b79a7786b081610fb9212650333b82f30bd0efe2da258e4491031674ce8d,5b8957588627177018d8f8291e1faaeda9d1e0df2a2a72b562baa9e8b375c30c,stage,V4_NATIVE_EMISSION
11d5b79a7786b081610fb9212650333b82f30bd0efe2da258e4491031674ce8d,5b8957588627177018d8f8291e1faaeda9d1e0df2a2a72b562baa9e8b375c30c,class,BACKEND
28724c84a5dd364cd9dce6046a10e1c5e0e45e71c3f03dee44d8be070645b132,5b8957588627177018d8f8291e1faaeda9d1e0df2a2a72b562baa9e8b375c30c,stage,V4_NATIVE_EMISSION
28724c84a5dd364cd9dce6046a10e1c5e0e45e71c3f03dee44d8be070645b132,5b8957588627177018d8f8291e1faaeda9d1e0df2a2a72b562baa9e8b375c30c,class,BACKEND
a131aa2030febf7ac1f57ac1ee5f7173dbae1edc51ee451785752a8302dc15e2,5b8957588627177018d8f8291e1faaeda9d1e0df2a2a72b562baa9e8b375c30c,stage,V4_NATIVE_EMISSION
a131aa2030febf7ac1f57ac1ee5f7173dbae1edc51ee451785752a8302dc15e2,5b8957588627177018d8f8291e1faaeda9d1e0df2a2a72b562baa9e8b375c30c,class,BACKEND
2fb56803b48403761fb1a296d1a0f279479302557811238e8f917f750fada4cd,5b8957588627177018d8f8291e1faaeda9d1e0df2a2a72b562baa9e8b375c30c,stage,V4_NATIVE_EMISSION
2fb56803b48403761fb1a296d1a0f279479302557811238e8f917f750fada4cd,5b8957588627177018d8f8291e1faaeda9d1e0df2a2a72b562baa9e8b375c30c,class,BACKEND
e4bb4249d636b90822c436f785b704a517daa3e9ae55c9f07043f00e98e0c0df,5b8957588627177018d8f8291e1faaeda9d1e0df2a2a72b562baa9e8b375c30c,stage,V4_NATIVE_EMISSION
e4bb4249d636b90822c436f785b704a517daa3e9ae55c9f07043f00e98e0c0df,5b8957588627177018d8f8291e1faaeda9d1e0df2a2a72b562baa9e8b375c30c,class,BACKEND
8d8f34af9ed16adcccf996b3dc42f6612fefbbee7b37194473da8d8e4e8c5f1d,5b8957588627177018d8f8291e1faaeda9d1e0df2a2a72b562baa9e8b375c30c,stage,V4_NATIVE_EMISSION
8d8f34af9ed16adcccf996b3dc42f6612fefbbee7b37194473da8d8e4e8c5f1d,5b8957588627177018d8f8291e1faaeda9d1e0df2a2a72b562baa9e8b375c30c,class,BACKEND
88abb6a16af6a48f1020752f353e9545b7abb7f43ada9f8aba191980125eda4a,5b8957588627177018d8f8291e1faaeda9d1e0df2a2a72b562baa9e8b375c30c,stage,V4_NATIVE_EMISSION
88abb6a16af6a48f1020752f353e9545b7abb7f43ada9f8aba191980125eda4a,5b8957588627177018d8f8291e1faaeda9d1e0df2a2a72b562baa9e8b375c30c,class,BACKEND
e17e037a8210035a71df69f1a685883235baf51d82c26d81dbd8a29654c45496,5b8957588627177018d8f8291e1faaeda9d1e0df2a2a72b562baa9e8b375c30c,stage,V4_NATIVE_EMISSION
e17e037a8210035a71df69f1a685883235baf51d82c26d81dbd8a29654c45496,5b8957588627177018d8f8291e1faaeda9d1e0df2a2a72b562baa9e8b375c30c,class,BACKEND
04fd6833341669e029436f117d300057f81ddf78e93682c808b84c24b19631e7,5b8957588627177018d8f8291e1faaeda9d1e0df2a2a72b562baa9e8b375c30c,stage,V4_NATIVE_EMISSION
04fd6833341669e029436f117d300057f81ddf78e93682c808b84c24b19631e7,5b8957588627177018d8f8291e1faaeda9d1e0df2a2a72b562baa9e8b375c30c,class,BACKEND
f9338702689fe90aa6479998caf9a55ace0eb7e394720d8b38feebb56dce6b26,5b8957588627177018d8f8291e1faaeda9d1e0df2a2a72b562baa9e8b375c30c,stage,V4_NATIVE_EMISSION
f9338702689fe90aa6479998caf9a55ace0eb7e394720d8b38feebb56dce6b26,5b8957588627177018d8f8291e1faaeda9d1e0df2a2a72b562baa9e8b375c30c,class,BACKEND
76af47a0d299410f71d4ecd3cdd47f804df17b7b45342c5c8b429bf3b518e187,5b8957588627177018d8f8291e1faaeda9d1e0df2a2a72b562baa9e8b375c30c,stage,V4_NATIVE_EMISSION
76af47a0d299410f71d4ecd3cdd47f804df17b7b45342c5c8b429bf3b518e187,5b8957588627177018d8f8291e1faaeda9d1e0df2a2a72b562baa9e8b375c30c,class,BACKEND
a9fd09adf842306996d70871226bd58ddd4fd66ade159e54f538f3662e5608c2,5b8957588627177018d8f8291e1faaeda9d1e0df2a2a72b562baa9e8b375c30c,stage,V4_NATIVE_EMISSION
a9fd09adf842306996d70871226bd58ddd4fd66ade159e54f538f3662e5608c2,5b8957588627177018d8f8291e1faaeda9d1e0df2a2a72b562baa9e8b375c30c,class,BACKEND
ce9c81103ce9d19611f0e51db7e53eafbbb5a80832c9db438da88d2cdb90d315,1c437598e6f8d14c087b05722c66712ead1abd647be85b2b56f8842c3dcc8e71,stage,V4_NATIVE_EMISSION
ce9c81103ce9d19611f0e51db7e53eafbbb5a80832c9db438da88d2cdb90d315,1c437598e6f8d14c087b05722c66712ead1abd647be85b2b56f8842c3dcc8e71,class,BACKEND
0dd7dd37d1e8e05c6ee20b201300d8059e7b6582d28c2f3b59f099c1db371f1f,1c437598e6f8d14c087b05722c66712ead1abd647be85b2b56f8842c3dcc8e71,stage,V4_NATIVE_EMISSION
0dd7dd37d1e8e05c6ee20b201300d8059e7b6582d28c2f3b59f099c1db371f1f,1c437598e6f8d14c087b05722c66712ead1abd647be85b2b56f8842c3dcc8e71,class,BACKEND
2a776d78919368a1ec70c4ff7428ea5d7929a4d2c1461d0b4ac9fe06206ca585,1c437598e6f8d14c087b05722c66712ead1abd647be85b2b56f8842c3dcc8e71,stage,V4_NATIVE_EMISSION
2a776d78919368a1ec70c4ff7428ea5d7929a4d2c1461d0b4ac9fe06206ca585,1c437598e6f8d14c087b05722c66712ead1abd647be85b2b56f8842c3dcc8e71,class,BACKEND
8bc7dae70a91d9e236779d779241d87d38e4ebab20281671ab39d96bb6ca677f,1c437598e6f8d14c087b05722c66712ead1abd647be85b2b56f8842c3dcc8e71,stage,V4_NATIVE_EMISSION
8bc7dae70a91d9e236779d779241d87d38e4ebab20281671ab39d96bb6ca677f,1c437598e6f8d14c087b05722c66712ead1abd647be85b2b56f8842c3dcc8e71,class,BACKEND
ec9d7d311874537c6ace89edd1718a78bc16511c707e13fe3004b09245fbcbc4,1c437598e6f8d14c087b05722c66712ead1abd647be85b2b56f8842c3dcc8e71,stage,V4_NATIVE_EMISSION
ec9d7d311874537c6ace89edd1718a78bc16511c707e13fe3004b09245fbcbc4,1c437598e6f8d14c087b05722c66712ead1abd647be85b2b56f8842c3dcc8e71,class,BACKEND
074c753b6fa86c5f7fd778037fe5f2f946649f92e764895f144bc5d0f69bb450,1c437598e6f8d14c087b05722c66712ead1abd647be85b2b56f8842c3dcc8e71,stage,V4_NATIVE_EMISSION
074c753b6fa86c5f7fd778037fe5f2f946649f92e764895f144bc5d0f69bb450,1c437598e6f8d14c087b05722c66712ead1abd647be85b2b56f8842c3dcc8e71,class,BACKEND
76e85382eb61b963620be863095b2991d94b093abd2053499a5de41f7dd6a58a,1c437598e6f8d14c087b05722c66712ead1abd647be85b2b56f8842c3dcc8e71,stage,V4_NATIVE_EMISSION
76e85382eb61b963620be863095b2991d94b093abd2053499a5de41f7dd6a58a,1c437598e6f8d14c087b05722c66712ead1abd647be85b2b56f8842c3dcc8e71,class,BACKEND
bd8deaa19696c76449db7ca378965e21f4d2b1b4333b5be655b2cbed5db1fbe8,1c437598e6f8d14c087b05722c66712ead1abd647be85b2b56f8842c3dcc8e71,stage,V4_NATIVE_EMISSION
bd8deaa19696c76449db7ca378965e21f4d2b1b4333b5be655b2cbed5db1fbe8,1c437598e6f8d14c087b05722c66712ead1abd647be85b2b56f8842c3dcc8e71,class,BACKEND
43bfbc763c1cb36c6509e9d2cec1af8fd797ed1d73567bdf677fade3c291768a,1c437598e6f8d14c087b05722c66712ead1abd647be85b2b56f8842c3dcc8e71,stage,V4_NATIVE_EMISSION
43bfbc763c1cb36c6509e9d2cec1af8fd797ed1d73567bdf677fade3c291768a,1c437598e6f8d14c087b05722c66712ead1abd647be85b2b56f8842c3dcc8e71,class,BACKEND
31ac821b8677cd5ab9b04df34d85d55eb1f68b460dc283c4351b3be9961b1bc2,1c437598e6f8d14c087b05722c66712ead1abd647be85b2b56f8842c3dcc8e71,stage,V4_NATIVE_EMISSION
31ac821b8677cd5ab9b04df34d85d55eb1f68b460dc283c4351b3be9961b1bc2,1c437598e6f8d14c087b05722c66712ead1abd647be85b2b56f8842c3dcc8e71,class,BACKEND
ba2b43ea6e87461e7943cfacbc69ec1565fb92c0ba73c537607243180bb5923a,1c437598e6f8d14c087b05722c66712ead1abd647be85b2b56f8842c3dcc8e71,stage,V4_NATIVE_EMISSION
ba2b43ea6e87461e7943cfacbc69ec1565fb92c0ba73c537607243180bb5923a,1c437598e6f8d14c087b05722c66712ead1abd647be85b2b56f8842c3dcc8e71,class,BACKEND
751de99e6ae66747f501d723b13a934d43e6f541aee1f51a6a49fd3bd6283651,1c437598e6f8d14c087b05722c66712ead1abd647be85b2b56f8842c3dcc8e71,stage,V4_NATIVE_EMISSION
751de99e6ae66747f501d723b13a934d43e6f541aee1f51a6a49fd3bd6283651,1c437598e6f8d14c087b05722c66712ead1abd647be85b2b56f8842c3dcc8e71,class,BACKEND
ee4ee394193e6f8bcdd1cbde0aef9597dbd88786f38b853db69ccd7a18811f69,1c437598e6f8d14c087b05722c66712ead1abd647be85b2b56f8842c3dcc8e71,stage,V4_NATIVE_EMISSION
ee4ee394193e6f8bcdd1cbde0aef9597dbd88786f38b853db69ccd7a18811f69,1c437598e6f8d14c087b05722c66712ead1abd647be85b2b56f8842c3dcc8e71,class,BACKEND
0031452b3b94d85b10c9a67e344c304b63a589c3c175d4de0bd92edcd274d377,77cb3918f16d3cfffccce3e215f98b1d42c403d60f9129b5b060a11ed3391b52,stage,V4_NATIVE_EMISSION
0031452b3b94d85b10c9a67e344c304b63a589c3c175d4de0bd92edcd274d377,77cb3918f16d3cfffccce3e215f98b1d42c403d60f9129b5b060a11ed3391b52,class,BACKEND
81befaa00c801d196bda5ae941847a0711c87112f705ff19e55f8349769ac3fe,77cb3918f16d3cfffccce3e215f98b1d42c403d60f9129b5b060a11ed3391b52,stage,V4_NATIVE_EMISSION
81befaa00c801d196bda5ae941847a0711c87112f705ff19e55f8349769ac3fe,77cb3918f16d3cfffccce3e215f98b1d42c403d60f9129b5b060a11ed3391b52,class,BACKEND
a1391660aec1836f156abbbd33aa481b7b9b0fff1c09b05229f9bfd8a61fb359,77cb3918f16d3cfffccce3e215f98b1d42c403d60f9129b5b060a11ed3391b52,stage,V4_NATIVE_EMISSION
a1391660aec1836f156abbbd33aa481b7b9b0fff1c09b05229f9bfd8a61fb359,77cb3918f16d3cfffccce3e215f98b1d42c403d60f9129b5b060a11ed3391b52,class,BACKEND
d6ab410aa4cf5e0b55fe4a27305d8fc593d13a4df75cec69b3bb0190cf9ea195,77cb3918f16d3cfffccce3e215f98b1d42c403d60f9129b5b060a11ed3391b52,stage,V4_NATIVE_EMISSION
d6ab410aa4cf5e0b55fe4a27305d8fc593d13a4df75cec69b3bb0190cf9ea195,77cb3918f16d3cfffccce3e215f98b1d42c403d60f9129b5b060a11ed3391b52,class,BACKEND
6715fab00f8bc6c7a4b74e0b0c4a095be3747ac5790d1ee8092b514448103682,77cb3918f16d3cfffccce3e215f98b1d42c403d60f9129b5b060a11ed3391b52,stage,V4_NATIVE_EMISSION
6715fab00f8bc6c7a4b74e0b0c4a095be3747ac5790d1ee8092b514448103682,77cb3918f16d3cfffccce3e215f98b1d42c403d60f9129b5b060a11ed3391b52,class,BACKEND
6b11cb822446b66f3af4018bd79489ecb19b8ba724e8b6174f7adfebb5d265ae,77cb3918f16d3cfffccce3e215f98b1d42c403d60f9129b5b060a11ed3391b52,stage,V4_NATIVE_EMISSION
6b11cb822446b66f3af4018bd79489ecb19b8ba724e8b6174f7adfebb5d265ae,77cb3918f16d3cfffccce3e215f98b1d42c403d60f9129b5b060a11ed3391b52,class,BACKEND
fd712d565600374398122c81d4f8815bf4f6eff74f26d113b34d25f800cb1673,77cb3918f16d3cfffccce3e215f98b1d42c403d60f9129b5b060a11ed3391b52,stage,V4_NATIVE_EMISSION
fd712d565600374398122c81d4f8815bf4f6eff74f26d113b34d25f800cb1673,77cb3918f16d3cfffccce3e215f98b1d42c403d60f9129b5b060a11ed3391b52,class,BACKEND
0fcafdc9d3389ad4f0e81253d646a33097df9c2e14e45116158d56e35eb3ad59,77cb3918f16d3cfffccce3e215f98b1d42c403d60f9129b5b060a11ed3391b52,stage,V4_NATIVE_EMISSION
0fcafdc9d3389ad4f0e81253d646a33097df9c2e14e45116158d56e35eb3ad59,77cb3918f16d3cfffccce3e215f98b1d42c403d60f9129b5b060a11ed3391b52,class,BACKEND
738605c9a459dac6e57eafeb84177764959c830f78f79c1c683d68d1254f303e,77cb3918f16d3cfffccce3e215f98b1d42c403d60f9129b5b060a11ed3391b52,stage,V4_NATIVE_EMISSION
738605c9a459dac6e57eafeb84177764959c830f78f79c1c683d68d1254f303e,77cb3918f16d3cfffccce3e215f98b1d42c403d60f9129b5b060a11ed3391b52,class,BACKEND
5bf1b4c5f0f7f974722fd19d7424c276ff441a98945e92ad58ed91cafa51b1df,77cb3918f16d3cfffccce3e215f98b1d42c403d60f9129b5b060a11ed3391b52,stage,V4_NATIVE_EMISSION
5bf1b4c5f0f7f974722fd19d7424c276ff441a98945e92ad58ed91cafa51b1df,77cb3918f16d3cfffccce3e215f98b1d42c403d60f9129b5b060a11ed3391b52,class,BACKEND
fc508e983ef334a277d1561c1daade4402ddde2cd740272fe85d319ffb1671af,77cb3918f16d3cfffccce3e215f98b1d42c403d60f9129b5b060a11ed3391b52,stage,V4_NATIVE_EMISSION
fc508e983ef334a277d1561c1daade4402ddde2cd740272fe85d319ffb1671af,77cb3918f16d3cfffccce3e215f98b1d42c403d60f9129b5b060a11ed3391b52,class,BACKEND
65b22eaa7804fddd373c8ccf719f0f40342aac57f9e6ba55fe1b2176521a9e09,77cb3918f16d3cfffccce3e215f98b1d42c403d60f9129b5b060a11ed3391b52,stage,V4_NATIVE_EMISSION
65b22eaa7804fddd373c8ccf719f0f40342aac57f9e6ba55fe1b2176521a9e09,77cb3918f16d3cfffccce3e215f98b1d42c403d60f9129b5b060a11ed3391b52,class,BACKEND
ecc1860d67a604518c691d5bb02fd2849175ce1eae3f34af3da1bebd8899bde5,77cb3918f16d3cfffccce3e215f98b1d42c403d60f9129b5b060a11ed3391b52,stage,V4_NATIVE_EMISSION
ecc1860d67a604518c691d5bb02fd2849175ce1eae3f34af3da1bebd8899bde5,77cb3918f16d3cfffccce3e215f98b1d42c403d60f9129b5b060a11ed3391b52,class,BACKEND
