case_id,source_language,status,bytes,format,diagnostic
71c84a7033543f295e86dd285619e72f6737d110afe82b6fc6a5153751b29cc1,cpp,FAIL,0,,UNIMPLEMENTED_NATIVE_GAP function binding node=2
235bdd12c654931955975f1d4f9bb0419c3e598e25771b5ce3ce63f7d1468ae4,cpp,FAIL,0,,UNIMPLEMENTED_NATIVE_GAP function binding node=16
fe1af2507421db84ac2a540723ed3682eb1f46dd61cdf4fc5cf13a4f38b6e840,cpp,FAIL,0,,UNIMPLEMENTED_NATIVE_GAP node=1 kind=module operation=
95dd58ab315636c1c550e48f187e2bd83fc0327caa9745f0c9f7ea11f49c3f28,cpp,FAIL,0,,UNIMPLEMENTED_NATIVE_GAP function binding node=19
224c68f6817b553255c443761f91cf5fdb5a99454fa7991abffae39d81238e12,cpp,FAIL,0,,UNIMPLEMENTED_NATIVE_GAP node=1 kind=module operation=
b63561c06cb0724440d90d20b9f435cc6929c06b6c3883edf77eeacc42eabad1,cpp,FAIL,0,,UNIMPLEMENTED_NATIVE_GAP node=1 kind=module operation=
d9069c0217b9f508b65e99a4cb5596245fadba70502c4b672c8c2947863649d2,cpp,FAIL,0,,UNIMPLEMENTED_NATIVE_GAP node=1 kind=module operation=
bfcde7236cb49650a1ad2ad978a6d8ab7f09be49a6b6773f182f9a06b9493044,cpp,FAIL,0,,UNIMPLEMENTED_NATIVE_GAP node=1 kind=module operation=
e8bad0b8d677369ae8423a784403bdcc8d13b1ed788f1bf7c32442835d607ea7,cpp,FAIL,0,,"native unresolved binding ""asm"" node=1"
92b157730a3fb129ad6b03bd2133021835ef7eb240bfe4006f26c099bbfb549c,cpp,FAIL,0,,UNIMPLEMENTED_NATIVE_GAP function binding node=3
890310f57dc35d0d80b30fd222f97a2054186fb43409da5aea16c73a6780a257,cpp,FAIL,0,,UNIMPLEMENTED_NATIVE_GAP node=1 kind=module operation=
81e60f7aaf6f778f97ac55cedae4e7628cc628482a1dae16c40e9ea1e68b799b,cpp,FAIL,0,,UNIMPLEMENTED_NATIVE_GAP node=1 kind=module operation=
323a2dbb9736b4c598432d60302d83165413d4d498dd8933df553302bfaeeda6,cpp,FAIL,0,,UNIMPLEMENTED_NATIVE_GAP node=1 kind=module operation=
9f1991d91f8dbc24f2f71ae3afa95eb7bc7b5141e828623dfcee3ac6389181e0,cpp,FAIL,0,,UNIMPLEMENTED_NATIVE_GAP node=1 kind=module operation=
b802fb0a145afefce9ea3e42d59f5114f00321c467d68e2e7515d772f8840a29,cpp,FAIL,0,,UNIMPLEMENTED_NATIVE_GAP node=1 kind=module operation=
871af948fe2a4bc33e4781e72374cae133eed137acac45e2dd0dfaa93eef8b25,cpp,FAIL,0,,UNIMPLEMENTED_NATIVE_GAP node=1 kind=module operation=
972deaa307b31dd7948d5adcec065259fda62611d9f20c313ae68f707e545cc8,cpp,FAIL,0,,UNIMPLEMENTED_NATIVE_GAP function binding node=2
1166441b1f5cb83f0457aba652a6d4bc300b8820da42a0ce717facd3988696ad,cpp,FAIL,0,,"execution primitive ""call"": CALL_ARGUMENT: node 7 argument 4 has no structured value contract"
0db47a9a99aae80ac43c48ca844e49ef540776ac65d06e2939315eaf9d929e27,cpp,FAIL,0,,UNIMPLEMENTED_NATIVE_GAP node=1 kind=module operation=
4ca67a979b682ef5e937a61635989a8798268d38e2a2baba3097976665c820e7,cpp,FAIL,0,,UNIMPLEMENTED_NATIVE_GAP node=1 kind=module operation=
b266ad2c80b7d0c1abaec0d406208c365c33d372df35190af10db9b80cd8af15,cpp,FAIL,0,,UNIMPLEMENTED_NATIVE_GAP function binding node=5
a7fc18d43ea6cde40dcb29a9695f817bff2023851e1c18309402ee8e3950a47f,cpp,FAIL,0,,UNIMPLEMENTED_NATIVE_GAP node=1 kind=module operation=
a5194baa92efaeca2b0e2a71143816ec4c0fcc591773d592a6595cb9c85498e2,cpp,FAIL,0,,UNIMPLEMENTED_NATIVE_GAP node=1 kind=module operation=
19cb19f9f8b40bf61a71194ac1aee4387053a7b8b48ff870e5bace2c06afcaa7,cpp,FAIL,0,,UNIMPLEMENTED_NATIVE_GAP node=1 kind=module operation=
8cad2e3a986f3a57c100c2836acb07cac28a69bea605faef6f6867335a1cf52f,cpp,FAIL,0,,"native unresolved binding ""two"" node=1"
a5c689246d1c225713e0b2eacf1be511c32d5d02a782f364e046dffdf97065bf,cpp,FAIL,0,,"native unresolved binding ""two"" node=1"
7b1b0c78a2ac897ce6fed209a7961906e6e0c3725b0c5860ce57096b8143a416,cpp,FAIL,0,,UNIMPLEMENTED_NATIVE_GAP node=1 kind=module operation=
4ee457b9dc440f306346978f96e6ca9011930c493f72d42522f2cde6e14564c9,cpp,FAIL,0,,UNIMPLEMENTED_NATIVE_GAP function binding node=2
53511beecf20f622a265fc191c60df597794f7129b69a55c29b55cb224402920,cpp,FAIL,0,,UNIMPLEMENTED_NATIVE_GAP function binding node=4
77aa6e978e6139abcb5b8464755320c96a9dccbfb74e421d89dd0f397db90855,cpp,FAIL,0,,UNIMPLEMENTED_NATIVE_GAP function binding node=15
b4e02d360d06b5a92b326d9f3502935ffecb27b722e8e9898392bd07e6cbab5b,cpp,FAIL,0,,UNIMPLEMENTED_NATIVE_GAP function binding node=1
976c7ae18dd1543d9392fe087fe5137bcd8ec693a6422c6a745af949f1197b00,cpp,FAIL,0,,UNIMPLEMENTED_NATIVE_GAP node=1 kind=module operation=
bf9659461ce2a890ffbe71e2d511cc5cb6238d90311be9d1347ebb7635171bd5,cpp,FAIL,0,,native node 1 missing operand [expression]
a40d85e1b34ac58bf6991b3ab042f739c603c668d86b4889bd4ec3ace26921ef,cpp,FAIL,0,,native node 1 missing operand [expression]
f890c1df9e00f3fd7e5a46e95a13406c43ec779880c264029b25ac2e03f29b06,cpp,FAIL,0,,native node 1 missing operand [expression]
a78f279083c6e8b7b11bb8a8d40bbb7049c00764cde2a8740063d04d233541c3,cpp,FAIL,0,,"native unresolved binding ""if"" node=1"
30805f6495ea87542f07f7a9f61d69357698e8c9a32b8e29944695f7cc9f3af6,cpp,FAIL,0,,"native unresolved binding ""struct"" node=1"
b1a20fdad6f3d7a401cbbe0bb61c90421e318e0280feab072e91682b5fb0513e,cpp,FAIL,0,,native node 1 missing operand [expression]
9003ed095e5a7c1056ec320fd4c13df854250806b5baa0a45054f2b73e889729,cpp,FAIL,0,,"native unresolved binding ""if"" node=1"
cfc0d9f1f8622604a0b3806212b0269f28552193862ab50f32b78e4f9a61b291,cpp,FAIL,0,,UNIMPLEMENTED_NATIVE_GAP node=1 kind=module operation=
3a65210cbf0b0b007d5aedaba1354dd36b1734bfbfbc5e3313e8173ec93b45a3,cpp,FAIL,0,,UNIMPLEMENTED_NATIVE_GAP node=1 kind=module operation=
bb30fc8be198e59a55e2a8c3e388c535fb6878f8d83942e3b433377cfc81d40b,cpp,FAIL,0,,UNIMPLEMENTED_NATIVE_GAP function binding node=3
1c8bbf72e13a199d927c49830a8563db17c30329af0bbf159b7bc44d4e337cd9,cpp,FAIL,0,,UNIMPLEMENTED_NATIVE_GAP function binding node=3
0843b2f58c489b581b5258a40ffab8fe39bc906a3c48e37c2fcf37a5b2bb9079,cpp,FAIL,0,,UNIMPLEMENTED_NATIVE_GAP function binding node=3
31ec8d6ff4ebf6c631ce0dd5368b392c45d98d52d70d5350f2a4e185351d4692,cpp,FAIL,0,,UNIMPLEMENTED_NATIVE_GAP function binding node=1
