feature,abi_calling_convention,allocation,array_list,array_type,assignment,atomic,attribute_annotation,await,binary_op,break,bytecode_vm,call,capture,cast_conversion,channel,class,closure_lambda,code_generation,compile_time_eval,comprehension,constant,continue,defer_cleanup,dynamic_dispatch,enum,exception_try,ffi,filesystem,for,foreach_iteration,function,function_type,gc,generic,generic_constraint,global_state,goto_label,identifier,if,import,index,interface_trait,io,ir,layout_alignment,lifetime,literal_boolean,literal_null,literal_numeric,literal_string,lock_mutex,macro,manual_memory,map_dict,map_type,member_access,memory_model,module,mutation,name_resolution,network,optimizer,optional_nullable,overload_resolution,ownership,parameter,pattern,pointer,primitive_bool,primitive_float,primitive_integer,primitive_string,random,reference,reflection,return,scope,set,shadowing,slice,struct,subtyping,switch_match,symbol_table,task_async,thread,throw_raise,time,tuple,tuple_type,type_inference,unary_op,union_sum,unsafe,variable,visibility,while,yield
abi_calling_convention,0.00000,0.13747,0.00279,0.02520,0.07955,0.08094,0.13584,0.04450,0.04801,0.00391,0.08311,0.01154,0.05820,0.10595,0.04322,0.10902,0.10111,0.04141,0.03840,0.06032,0.13497,0.01594,0.10994,0.03356,0.11884,0.14485,0.84733,0.08217,0.02689,0.12125,0.15773,0.10155,0.74898,0.12363,0.08996,0.06131,0.06423,0.09025,0.01529,0.15669,0.08005,0.14325,0.10067,0.14692,0.77596,0.05476,0.13025,0.14889,0.01566,0.04361,0.07943,0.12193,0.77574,0.11087,0.02651,0.00000,0.00332,0.14441,0.14958,0.02653,0.08609,0.11309,0.12687,0.05398,0.70897,0.15249,0.09069,0.44752,0.01266,0.09587,0.10947,0.05147,0.09607,0.49289,0.08752,0.01539,0.06850,0.02893,0.04433,0.05488,0.14371,0.08743,0.02814,0.04063,0.12352,0.12953,0.10933,0.06149,0.13788,0.01839,0.07459,0.04097,0.03736,0.71979,0.15712,0.14297,0.00341,0.09210
allocation,0.13747,0.00000,0.00000,0.03952,0.06729,0.14963,0.11860,0.05313,0.05378,0.02128,0.10624,0.00721,0.06211,0.09923,0.03711,0.09888,0.08075,0.04721,0.04660,0.06140,0.13086,0.01392,0.12560,0.68708,0.11548,0.14312,0.14330,0.71931,0.00693,0.12178,0.15096,0.08192,0.14780,0.12179,0.06494,0.72317,0.13399,0.08583,0.01604,0.13729,0.08897,0.10601,0.72994,0.13487,0.16768,0.05959,0.12919,0.15058,0.02678,0.03818,0.11694,0.12910,0.25375,0.10646,0.01391,0.00000,0.00380,0.12391,0.80619,0.02692,0.72398,0.12912,0.10142,0.05085,0.12693,0.13395,0.07463,0.03759,0.01150,0.10692,0.14621,0.04439,0.74505,0.13898,0.72328,0.01235,0.06315,0.01310,0.03152,0.05242,0.15339,0.09229,0.02966,0.04919,0.12700,0.16256,0.09908,0.71581,0.13047,0.00683,0.07299,0.03973,0.04589,0.07182,0.17655,0.13416,0.00213,0.09059
array_list,0.00279,0.00000,0.00000,0.00000,0.29340,0.00000,0.00215,0.25000,0.25000,0.04167,0.00000,0.25000,0.03976,0.25447,0.00000,0.01637,0.25000,0.00000,0.00000,0.65000,0.02648,0.04167,0.04167,0.00000,0.03575,0.05869,0.02049,0.00000,0.04167,0.04434,0.01644,0.00000,0.00000,0.00000,0.00000,0.05712,0.07371,0.28484,0.04167,0.01217,0.45000,0.00291,0.00346,0.00224,0.01957,0.00000,0.25171,0.26445,0.25000,0.31492,0.00000,0.00000,0.00000,0.65389,0.00000,0.25000,0.00000,0.00166,0.00000,0.00000,0.00479,0.00000,0.00287,0.00000,0.00000,0.01917,0.28140,0.00000,0.00000,0.03042,0.00000,0.00000,0.00000,0.00000,0.00000,0.22981,0.00000,0.65000,0.00000,0.65000,0.02013,0.00000,0.04167,0.00000,0.00000,0.02200,0.06173,0.00000,0.65224,0.00000,0.00000,0.25000,0.00000,0.00000,0.01858,0.00339,0.04167,0.25295
array_type,0.02520,0.03952,0.00000,0.00000,0.03293,0.03566,0.10245,0.00213,0.00531,0.00000,0.00896,0.00000,0.00646,0.42952,0.01167,0.08219,0.03397,0.00569,0.00991,0.02183,0.08540,0.00000,0.02979,0.04452,0.09239,0.02605,0.03775,0.00553,0.00000,0.02959,0.08798,0.67010,0.03948,0.49344,0.67244,0.00232,0.05318,0.02030,0.00490,0.08592,0.03058,0.48225,0.01036,0.03441,0.05568,0.00386,0.03248,0.03427,0.00658,0.01056,0.03519,0.03286,0.05671,0.04415,0.65000,0.00000,0.00000,0.09102,0.04645,0.00474,0.01460,0.02734,0.68405,0.66183,0.00843,0.09546,0.02531,0.35413,0.67386,0.69251,0.69420,0.66557,0.01401,0.27941,0.01125,0.00000,0.00582,0.00000,0.00000,0.05483,0.10319,0.69747,0.00000,0.00616,0.02369,0.03458,0.02379,0.01350,0.04190,0.65000,0.69889,0.00000,0.78067,0.00863,0.09249,0.06013,0.00000,0.01231
assignment,0.07955,0.06729,0.29340,0.03293,0.00000,0.05026,0.11446,0.37379,0.74608,0.04897,0.06127,0.65000,0.07786,0.34907,0.02845,0.10659,0.37478,0.03643,0.03548,0.40291,0.10883,0.05726,0.13770,0.03650,0.10307,0.14754,0.08317,0.05261,0.13879,0.16539,0.10721,0.09322,0.05968,0.11921,0.10102,0.08140,0.08777,0.54633,0.06780,0.08672,0.60134,0.08449,0.06161,0.10574,0.07936,0.04486,0.75208,0.74821,0.66844,0.73972,0.04003,0.06328,0.06751,0.35938,0.03559,0.65000,0.00000,0.08845,0.10483,0.03448,0.05114,0.07941,0.08643,0.05767,0.04424,0.11112,0.37031,0.02913,0.01875,0.08982,0.03645,0.01419,0.06684,0.05604,0.05383,0.09393,0.10609,0.29270,0.05689,0.33709,0.07552,0.07061,0.06268,0.09038,0.11480,0.06101,0.14642,0.02287,0.36449,0.02506,0.03035,0.74986,0.04855,0.05270,0.09153,0.08150,0.07697,0.36152
atomic,0.08094,0.14963,0.00000,0.03566,0.05026,0.00000,0.07158,0.03252,0.02283,0.00738,0.08521,0.00000,0.03538,0.05876,0.66854,0.05905,0.05117,0.02395,0.02334,0.02429,0.09232,0.00859,0.07683,0.05000,0.09358,0.09231,0.10118,0.04082,0.00527,0.09859,0.09853,0.04363,0.10911,0.08340,0.03639,0.04329,0.08089,0.05050,0.02032,0.08538,0.07073,0.07086,0.04376,0.09246,0.10217,0.02893,0.08652,0.09351,0.01046,0.02351,0.76445,0.08581,0.13096,0.07217,0.04163,0.00000,0.68442,0.07099,0.12549,0.01112,0.04423,0.11688,0.07021,0.04521,0.11438,0.08583,0.05843,0.03707,0.01400,0.07029,0.12711,0.02419,0.06658,0.10150,0.03629,0.01452,0.03207,0.01523,0.01567,0.04280,0.10214,0.06331,0.01593,0.03487,0.54089,0.78702,0.06615,0.06784,0.08554,0.01125,0.05207,0.00000,0.03835,0.07641,0.11873,0.09269,0.00643,0.05533
attribute_annotation,0.13584,0.11860,0.00215,0.10245,0.11446,0.07158,0.00000,0.08472,0.08739,0.00301,0.09378,0.00889,0.14870,0.12388,0.05378,0.86609,0.16992,0.05663,0.04165,0.11297,0.81875,0.00644,0.16596,0.03500,0.37928,0.22001,0.15200,0.09571,0.04081,0.16961,0.86418,0.18472,0.10208,0.40928,0.15440,0.07088,0.07880,0.12686,0.02615,0.85546,0.10400,0.40949,0.13262,0.18958,0.17348,0.10017,0.21073,0.21668,0.01207,0.06667,0.07868,0.11831,0.11436,0.15366,0.08120,0.00000,0.00256,0.85484,0.18062,0.08402,0.10619,0.09706,0.21229,0.10869,0.05839,0.85992,0.13376,0.10324,0.06178,0.17319,0.13596,0.07797,0.10769,0.14324,0.08083,0.01769,0.15475,0.02619,0.09864,0.05525,0.39541,0.16922,0.01663,0.11620,0.17956,0.13549,0.19477,0.05738,0.19095,0.06877,0.10329,0.07757,0.10409,0.07595,0.81046,0.79299,0.01696,0.15526
await,0.04450,0.05313,0.25000,0.00213,0.37379,0.03252,0.08472,0.00000,0.35598,0.05049,0.06347,0.25000,0.06877,0.33174,0.02409,0.08479,0.37295,0.03919,0.02455,0.38701,0.09084,0.05194,0.14513,0.02229,0.06694,0.13435,0.05310,0.04272,0.15017,0.13533,0.08758,0.09645,0.04566,0.09544,0.07362,0.05472,0.06612,0.31575,0.07081,0.06998,0.37114,0.06238,0.06499,0.08866,0.06090,0.03459,0.33741,0.33208,0.26902,0.34313,0.03548,0.04293,0.04474,0.32001,0.00707,0.25000,0.00000,0.07860,0.07055,0.03344,0.07222,0.05695,0.05991,0.05583,0.03874,0.08429,0.35709,0.01088,0.01083,0.06024,0.02354,0.00000,0.04933,0.03749,0.04663,0.07323,0.07420,0.29703,0.05699,0.28330,0.05688,0.04375,0.04674,0.07537,0.34024,0.06717,0.14302,0.03654,0.33007,0.02242,0.00994,0.36665,0.01517,0.04594,0.06310,0.05367,0.07662,0.76692
binary_op,0.04801,0.05378,0.25000,0.00531,0.74608,0.02283,0.08739,0.35598,0.00000,0.05266,0.05328,0.66474,0.06184,0.36337,0.00240,0.06069,0.34412,0.03831,0.00000,0.42516,0.11161,0.05447,0.11617,0.00610,0.06125,0.11594,0.04531,0.00208,0.14234,0.11145,0.07372,0.10319,0.01450,0.11385,0.07367,0.04406,0.09525,0.55137,0.10824,0.05822,0.63669,0.02899,0.04245,0.05613,0.06210,0.00437,0.71804,0.71887,0.65000,0.71881,0.02681,0.05583,0.04723,0.29968,0.00000,0.65000,0.00000,0.06800,0.08646,0.02315,0.00467,0.07041,0.08871,0.01521,0.03380,0.08419,0.34884,0.00753,0.00000,0.05229,0.02758,0.05658,0.01008,0.05884,0.03692,0.08100,0.02633,0.30671,0.05519,0.27974,0.06287,0.03387,0.04167,0.02724,0.10319,0.03362,0.10601,0.01027,0.34338,0.00000,0.02277,0.91955,0.00210,0.02074,0.06791,0.02559,0.08522,0.36818
break,0.00391,0.02128,0.04167,0.00000,0.04897,0.00738,0.00301,0.05049,0.05266,0.00000,0.00618,0.04167,0.00669,0.07143,0.01610,0.00246,0.04599,0.00000,0.00000,0.05041,0.01889,0.73584,0.26757,0.00000,0.02550,0.26214,0.01637,0.00762,0.65000,0.65375,0.01173,0.00616,0.00645,0.00000,0.00000,0.00961,0.27021,0.04167,0.65000,0.00868,0.05010,0.00408,0.00485,0.00314,0.01564,0.01598,0.05303,0.05198,0.04167,0.04167,0.00000,0.00510,0.02259,0.04712,0.00000,0.04167,0.00000,0.00233,0.00342,0.00000,0.00671,0.00634,0.01912,0.00000,0.00000,0.01368,0.04695,0.00000,0.00000,0.02170,0.00000,0.00000,0.00644,0.00000,0.00931,0.65000,0.00803,0.04167,0.01633,0.04167,0.01609,0.00670,0.25000,0.01274,0.00365,0.01758,0.25301,0.00000,0.04480,0.00000,0.00000,0.04167,0.00000,0.00000,0.01326,0.00475,0.65000,0.06128
bytecode_vm,0.08311,0.10624,0.00000,0.00896,0.06127,0.08521,0.09378,0.06347,0.05328,0.00618,0.00000,0.00994,0.08042,0.07157,0.03645,0.08589,0.08142,0.71272,0.69315,0.08186,0.11030,0.00720,0.09781,0.02866,0.07811,0.10240,0.09706,0.07327,0.04337,0.10988,0.10383,0.06555,0.08768,0.08928,0.05677,0.08083,0.05863,0.07202,0.02977,0.10119,0.06948,0.07449,0.09176,0.73943,0.07841,0.04019,0.10380,0.10519,0.01789,0.04128,0.09638,0.74566,0.08710,0.07252,0.01155,0.00000,0.00000,0.09149,0.12164,0.05247,0.07488,0.80479,0.07584,0.04880,0.08428,0.09695,0.08664,0.01731,0.01173,0.05388,0.08811,0.01080,0.06917,0.09253,0.06455,0.01260,0.08641,0.02073,0.04689,0.04105,0.09088,0.05508,0.03408,0.07577,0.11233,0.11984,0.08235,0.03715,0.10139,0.00471,0.02376,0.03064,0.01936,0.07584,0.10304,0.08564,0.03722,0.10914
call,0.01154,0.00721,0.25000,0.00000,0.65000,0.00000,0.00889,0.25000,0.66474,0.04167,0.00994,0.00000,0.01974,0.25000,0.00000,0.00726,0.26276,0.00000,0.00000,0.26407,0.00640,0.04167,0.04663,0.00000,0.00864,0.04921,0.00462,0.02249,0.04167,0.05273,0.00728,0.00991,0.01038,0.00714,0.00000,0.00000,0.04167,0.45000,0.04167,0.00539,0.46131,0.00658,0.00651,0.00927,0.00971,0.00000,0.65706,0.65641,0.65000,0.65000,0.00000,0.00821,0.00766,0.25878,0.00000,0.65000,0.00000,0.00688,0.01010,0.00000,0.01080,0.01021,0.01188,0.00000,0.00000,0.00850,0.25850,0.00000,0.00000,0.00613,0.00000,0.00000,0.00000,0.00000,0.01499,0.04167,0.00000,0.25000,0.00000,0.25000,0.00999,0.01078,0.04167,0.00000,0.00588,0.00596,0.05056,0.00000,0.25925,0.00000,0.00000,0.65000,0.00000,0.01437,0.00824,0.01400,0.04167,0.26219
capture,0.05820,0.06211,0.03976,0.00646,0.07786,0.03538,0.14870,0.06877,0.06184,0.00669,0.08042,0.01974,0.00000,0.05587,0.02314,0.15806,0.11441,0.03800,0.02708,0.09318,0.13429,0.00779,0.11368,0.01412,0.12740,0.11889,0.07673,0.05753,0.04217,0.10701,0.15613,0.07724,0.05789,0.14084,0.07171,0.07333,0.03587,0.28341,0.02210,0.14532,0.07171,0.11504,0.13412,0.09643,0.07307,0.68082,0.11208,0.10966,0.00701,0.06079,0.04000,0.04790,0.06530,0.07528,0.00491,0.00000,0.00000,0.14468,0.10263,0.69167,0.06360,0.07222,0.06983,0.04382,0.04108,0.15288,0.10390,0.00917,0.00373,0.06970,0.02574,0.00942,0.05695,0.04418,0.06939,0.05505,0.73607,0.03797,0.67779,0.03870,0.11757,0.02705,0.01155,0.71882,0.09425,0.08864,0.12154,0.02720,0.09369,0.01785,0.01741,0.06132,0.02198,0.04335,0.13866,0.12487,0.02651,0.10887
cast_conversion,0.10595,0.09923,0.25447,0.42952,0.34907,0.05876,0.12388,0.33174,0.36337,0.07143,0.07157,0.25000,0.05587,0.00000,0.02624,0.10029,0.36775,0.03910,0.02569,0.36734,0.14674,0.04897,0.15044,0.01636,0.12113,0.16297,0.10236,0.07134,0.11457,0.17015,0.12377,0.50937,0.05081,0.53193,0.49562,0.04514,0.11625,0.36871,0.07617,0.10127,0.35931,0.50255,0.09203,0.12613,0.11821,0.05106,0.35939,0.36101,0.28513,0.32939,0.07325,0.08700,0.08965,0.36292,0.45879,0.25000,0.00000,0.10767,0.12496,0.01084,0.06305,0.08065,0.52115,0.43654,0.05459,0.13871,0.36088,0.01622,0.41189,0.50074,0.46533,0.46026,0.07502,0.06520,0.07200,0.07911,0.05994,0.28988,0.04882,0.31204,0.09732,0.48243,0.06241,0.03783,0.12127,0.07483,0.15407,0.04922,0.37294,0.42548,0.43708,0.36273,0.41700,0.06875,0.11119,0.09438,0.06898,0.36162
channel,0.04322,0.03711,0.00000,0.01167,0.02845,0.66854,0.05378,0.02409,0.00240,0.01610,0.03645,0.00000,0.02314,0.02624,0.00000,0.04186,0.02646,0.02570,0.04156,0.02834,0.04323,0.01876,0.03730,0.00447,0.03050,0.04706,0.04555,0.05440,0.00000,0.04218,0.03789,0.03454,0.03874,0.03402,0.02647,0.02624,0.00491,0.03852,0.00000,0.03854,0.02580,0.06099,0.03463,0.04913,0.04723,0.03899,0.04222,0.04300,0.01091,0.01392,0.67985,0.03296,0.02555,0.05074,0.00645,0.00000,0.65000,0.04803,0.04069,0.02713,0.08015,0.02587,0.04508,0.01367,0.01292,0.04645,0.03019,0.01177,0.00899,0.03793,0.02422,0.01408,0.04995,0.01211,0.05562,0.00000,0.04325,0.00000,0.02497,0.01513,0.03114,0.03853,0.00000,0.02645,0.49869,0.69494,0.05130,0.03294,0.03977,0.00000,0.00876,0.00000,0.01723,0.02633,0.03277,0.05849,0.00766,0.02842
class,0.10902,0.09888,0.01637,0.08219,0.10659,0.05905,0.86609,0.08479,0.06069,0.00246,0.08589,0.00726,0.15806,0.10029,0.04186,0.00000,0.17337,0.04924,0.03286,0.08477,0.79266,0.01003,0.18314,0.02958,0.35455,0.24508,0.13314,0.08586,0.03435,0.16713,0.86964,0.16395,0.09868,0.38659,0.13972,0.06632,0.06377,0.10526,0.02404,0.90695,0.08301,0.39963,0.13789,0.18783,0.17245,0.09093,0.25872,0.25454,0.01076,0.06123,0.06206,0.08923,0.08508,0.12936,0.07915,0.00000,0.00209,0.87595,0.16872,0.07994,0.09734,0.09206,0.19088,0.10069,0.05517,0.85177,0.12704,0.10261,0.06414,0.18395,0.10834,0.07192,0.09881,0.12458,0.07218,0.02420,0.12925,0.02136,0.09922,0.05384,0.37569,0.15193,0.01357,0.09865,0.16176,0.14126,0.22742,0.04572,0.18399,0.06344,0.09086,0.05182,0.09624,0.07740,0.78630,0.77900,0.01481,0.14610
closure_lambda,0.10111,0.08075,0.25000,0.03397,0.37478,0.05117,0.16992,0.37295,0.34412,0.04599,0.08142,0.26276,0.11441,0.36775,0.02646,0.17337,0.00000,0.03994,0.02988,0.38499,0.12823,0.04671,0.20224,0.03088,0.10485,0.21380,0.11437,0.07188,0.09488,0.18718,0.19333,0.11989,0.08059,0.13216,0.10034,0.07441,0.08804,0.34528,0.05953,0.14733,0.36107,0.12013,0.12317,0.14933,0.12978,0.05378,0.41900,0.41715,0.26253,0.31469,0.06090,0.07396,0.08443,0.36850,0.03669,0.25000,0.00000,0.15277,0.14802,0.02638,0.07084,0.07315,0.10954,0.05053,0.04103,0.16011,0.38614,0.02154,0.01111,0.09974,0.04486,0.03404,0.09795,0.06336,0.07973,0.07216,0.09508,0.27679,0.06301,0.30657,0.10310,0.08390,0.04914,0.07330,0.14401,0.10813,0.19890,0.04720,0.40892,0.02034,0.03512,0.33790,0.04719,0.06663,0.11801,0.10056,0.06258,0.39442
code_generation,0.04141,0.04721,0.00000,0.00569,0.03643,0.02395,0.05663,0.03919,0.03831,0.00000,0.71272,0.00000,0.03800,0.03910,0.02570,0.04924,0.03994,0.00000,0.66727,0.03897,0.06816,0.00000,0.06441,0.00719,0.04015,0.06632,0.04979,0.02799,0.02100,0.05731,0.05564,0.04303,0.03826,0.05852,0.03632,0.03950,0.03055,0.05192,0.00324,0.05136,0.02480,0.04527,0.04590,0.70872,0.04231,0.02402,0.05553,0.05286,0.00362,0.02078,0.03879,0.69756,0.03746,0.03882,0.00000,0.00000,0.00000,0.04880,0.05651,0.01096,0.03196,0.72015,0.05844,0.01932,0.01888,0.04938,0.04307,0.02598,0.00657,0.04753,0.03059,0.00629,0.03548,0.03914,0.05056,0.00926,0.05254,0.00000,0.05061,0.01716,0.04033,0.01586,0.03217,0.03611,0.05201,0.03550,0.05682,0.03002,0.05141,0.00000,0.00609,0.01503,0.00540,0.04810,0.04905,0.04357,0.01026,0.05670
compile_time_eval,0.03840,0.04660,0.00000,0.00991,0.03548,0.02334,0.04165,0.02455,0.00000,0.00000,0.69315,0.00000,0.02708,0.02569,0.04156,0.03286,0.02988,0.66727,0.00000,0.02523,0.04761,0.00000,0.02817,0.01368,0.04403,0.03791,0.03236,0.03588,0.00000,0.03558,0.03786,0.04334,0.06462,0.04583,0.03822,0.02237,0.01378,0.02714,0.00000,0.02859,0.02668,0.04435,0.02259,0.69833,0.03865,0.03640,0.03537,0.03208,0.01517,0.02266,0.02877,0.69581,0.03659,0.05231,0.00000,0.00000,0.00000,0.03586,0.04781,0.01588,0.04144,0.68468,0.04626,0.06113,0.00783,0.04358,0.02874,0.00818,0.01249,0.02104,0.02358,0.00000,0.03390,0.05452,0.02876,0.00000,0.05057,0.00000,0.00826,0.02974,0.03265,0.05763,0.01288,0.02128,0.04595,0.04551,0.03089,0.01979,0.04266,0.00000,0.04202,0.00000,0.02951,0.02914,0.04139,0.04516,0.00000,0.02529
comprehension,0.06032,0.06140,0.65000,0.02183,0.40291,0.02429,0.11297,0.38701,0.42516,0.05041,0.08186,0.26407,0.09318,0.36734,0.02834,0.08477,0.38499,0.03897,0.02523,0.00000,0.11811,0.05185,0.12911,0.02477,0.09026,0.13115,0.06515,0.04220,0.14924,0.14205,0.09457,0.11408,0.04521,0.14479,0.10797,0.08380,0.07322,0.36693,0.09464,0.07219,0.61731,0.06148,0.06812,0.07389,0.06211,0.04093,0.33590,0.33501,0.26886,0.34201,0.02653,0.06434,0.07737,0.74740,0.01051,0.25000,0.00000,0.08692,0.09821,0.02966,0.05554,0.07252,0.09754,0.03276,0.02959,0.11004,0.37069,0.01278,0.01074,0.05421,0.02558,0.05522,0.04999,0.05761,0.05452,0.07672,0.14872,0.71318,0.07733,0.70172,0.06741,0.03894,0.05173,0.13583,0.12914,0.04856,0.12284,0.03004,0.76177,0.00667,0.01019,0.44057,0.01805,0.04316,0.08445,0.07170,0.08394,0.39291
constant,0.13497,0.13086,0.02648,0.08540,0.10883,0.09232,0.81875,0.09084,0.11161,0.01889,0.11030,0.00640,0.13429,0.14674,0.04323,0.79266,0.12823,0.06816,0.04761,0.11811,0.00000,0.01236,0.14142,0.04132,0.37010,0.17592,0.13697,0.08066,0.04988,0.16594,0.82387,0.17296,0.10044,0.41237,0.14165,0.07058,0.10138,0.14976,0.03943,0.80804,0.12873,0.38485,0.11158,0.16802,0.14507,0.10844,0.15869,0.17326,0.05110,0.12747,0.07867,0.12386,0.12464,0.12320,0.06368,0.00000,0.00000,0.80521,0.16724,0.08378,0.09068,0.13247,0.20393,0.10784,0.07516,0.82343,0.13129,0.07120,0.06288,0.17548,0.13496,0.09366,0.09557,0.15915,0.08814,0.03943,0.14541,0.03661,0.10163,0.05550,0.39139,0.13784,0.03053,0.11161,0.16095,0.12152,0.15320,0.06239,0.17887,0.06668,0.09739,0.10115,0.07417,0.07067,0.80647,0.77318,0.02081,0.15408
continue,0.01594,0.01392,0.04167,0.00000,0.05726,0.00859,0.00644,0.05194,0.05447,0.73584,0.00720,0.04167,0.00779,0.04897,0.01876,0.01003,0.04671,0.00000,0.00000,0.05185,0.01236,0.00000,0.26508,0.00000,0.00625,0.26042,0.00401,0.01628,0.65000,0.66165,0.01007,0.00718,0.00751,0.00000,0.00000,0.01119,0.25000,0.04167,0.69728,0.00745,0.05149,0.01666,0.01036,0.01281,0.00703,0.01862,0.05142,0.05052,0.04167,0.04167,0.00000,0.00594,0.00554,0.04802,0.00000,0.04167,0.00000,0.00950,0.01395,0.00000,0.01433,0.01355,0.00469,0.00000,0.00000,0.01174,0.04782,0.00000,0.00000,0.01863,0.00000,0.00000,0.02001,0.00000,0.03797,0.65000,0.00935,0.04167,0.01902,0.04167,0.00395,0.00780,0.25000,0.01484,0.00780,0.01509,0.26229,0.00000,0.05444,0.00000,0.00000,0.04167,0.00000,0.00000,0.00325,0.01014,0.65000,0.05449
defer_cleanup,0.10994,0.12560,0.04167,0.02979,0.13770,0.07683,0.16596,0.14513,0.11617,0.26757,0.09781,0.04663,0.11368,0.15044,0.03730,0.18314,0.20224,0.06441,0.02817,0.12911,0.14142,0.26508,0.00000,0.03072,0.09692,0.86100,0.13936,0.09573,0.29920,0.40515,0.19177,0.11104,0.11190,0.13238,0.08293,0.07049,0.34415,0.13541,0.28870,0.16997,0.13032,0.12512,0.14906,0.17814,0.14250,0.04271,0.23829,0.22982,0.06377,0.10045,0.07503,0.08356,0.10647,0.16439,0.03989,0.04167,0.00000,0.17577,0.16691,0.02919,0.10248,0.10848,0.13392,0.04280,0.07332,0.17609,0.15489,0.02850,0.00702,0.10890,0.07939,0.02632,0.11025,0.08362,0.07907,0.27608,0.08643,0.06998,0.05354,0.08704,0.12835,0.08440,0.27661,0.05825,0.16058,0.14853,0.83723,0.05512,0.20168,0.02021,0.04617,0.10209,0.02191,0.07161,0.14146,0.10988,0.26935,0.17911
dynamic_dispatch,0.03356,0.68708,0.00000,0.04452,0.03650,0.05000,0.03500,0.02229,0.00610,0.00000,0.02866,0.00000,0.01412,0.01636,0.00447,0.02958,0.03088,0.00719,0.01368,0.02477,0.04132,0.00000,0.03072,0.00000,0.02342,0.03025,0.02891,0.66440,0.01169,0.02874,0.02798,0.04722,0.04066,0.03699,0.04733,0.68630,0.02994,0.01839,0.00000,0.02605,0.05483,0.03302,0.66698,0.03263,0.03356,0.00977,0.02898,0.03033,0.01665,0.01759,0.01439,0.02195,0.03673,0.04151,0.01968,0.00000,0.00000,0.02155,0.69050,0.01198,0.66268,0.05357,0.03847,0.04669,0.01642,0.03463,0.03726,0.03366,0.03017,0.01866,0.02912,0.00716,0.67272,0.04899,0.66811,0.00000,0.01560,0.03380,0.00000,0.06369,0.03659,0.02325,0.00000,0.02796,0.02293,0.03053,0.02059,0.65745,0.02855,0.00000,0.04294,0.00000,0.04224,0.02207,0.03651,0.01925,0.00000,0.01675
enum,0.11884,0.11548,0.03575,0.09239,0.10307,0.09358,0.37928,0.06694,0.06125,0.02550,0.07811,0.00864,0.12740,0.12113,0.03050,0.35455,0.10485,0.04015,0.04403,0.09026,0.37010,0.00625,0.09692,0.02342,0.00000,0.12291,0.12796,0.07645,0.02415,0.13729,0.38035,0.14205,0.08810,0.36947,0.14205,0.06377,0.08872,0.10330,0.01479,0.36595,0.08681,0.35870,0.07389,0.12651,0.11633,0.09590,0.12022,0.12488,0.01555,0.06346,0.08743,0.10165,0.11706,0.10922,0.10648,0.00000,0.00455,0.36057,0.13125,0.07536,0.07017,0.09072,0.15811,0.09420,0.08263,0.38492,0.10166,0.09685,0.05659,0.14529,0.14277,0.08247,0.07521,0.15166,0.06130,0.04266,0.12690,0.03879,0.09838,0.05352,0.37490,0.13512,0.02705,0.10525,0.11302,0.10767,0.10261,0.05154,0.11749,0.07935,0.10514,0.06392,0.08232,0.07084,0.38825,0.36725,0.00255,0.10629
exception_try,0.14485,0.14312,0.05869,0.02605,0.14754,0.09231,0.22001,0.13435,0.11594,0.26214,0.10240,0.04921,0.11889,0.16297,0.04706,0.24508,0.21380,0.06632,0.03791,0.13115,0.17592,0.26042,0.86100,0.03025,0.12291,0.00000,0.16673,0.10109,0.28644,0.43944,0.24985,0.12537,0.11364,0.15772,0.09550,0.07092,0.34335,0.16503,0.27971,0.24638,0.13377,0.16506,0.15854,0.21293,0.18338,0.05068,0.29730,0.30341,0.06663,0.10487,0.08446,0.12205,0.12446,0.18081,0.03030,0.04167,0.00000,0.22595,0.20258,0.03566,0.11113,0.11563,0.16077,0.04860,0.07953,0.22390,0.18238,0.03542,0.00999,0.13290,0.09016,0.03471,0.11205,0.09745,0.08175,0.27827,0.09067,0.06388,0.04612,0.09627,0.15280,0.10587,0.27109,0.05404,0.18298,0.16893,0.89971,0.05612,0.24355,0.01592,0.04271,0.10438,0.03708,0.08300,0.18218,0.14606,0.26540,0.21604
ffi,0.84733,0.14330,0.02049,0.03775,0.08317,0.10118,0.15200,0.05310,0.04531,0.01637,0.09706,0.00462,0.07673,0.10236,0.04555,0.13314,0.11437,0.04979,0.03236,0.06515,0.13697,0.00401,0.13936,0.02891,0.12796,0.16673,0.00000,0.10102,0.02370,0.14262,0.17148,0.09818,0.74569,0.12442,0.08983,0.06871,0.07431,0.09477,0.03131,0.17812,0.06880,0.13857,0.10647,0.16048,0.78802,0.04913,0.15961,0.17546,0.01253,0.04988,0.09752,0.11625,0.77872,0.12066,0.02451,0.00000,0.00292,0.15602,0.15951,0.03179,0.09127,0.10523,0.13348,0.04490,0.71516,0.15854,0.10058,0.44135,0.01116,0.11724,0.11528,0.03406,0.09596,0.48843,0.07774,0.03540,0.07863,0.02697,0.04798,0.05216,0.14789,0.08738,0.02480,0.04286,0.12863,0.14181,0.14171,0.05841,0.14410,0.01489,0.05695,0.03714,0.02911,0.72963,0.17015,0.14299,0.01666,0.12142
filesystem,0.08217,0.71931,0.00000,0.00553,0.05261,0.04082,0.09571,0.04272,0.00208,0.00762,0.07327,0.02249,0.05753,0.07134,0.05440,0.08586,0.07188,0.02799,0.03588,0.04220,0.08066,0.01628,0.09573,0.66440,0.07645,0.10109,0.10102,0.00000,0.00218,0.09176,0.09628,0.06105,0.05419,0.06767,0.06028,0.69837,0.01565,0.06748,0.00944,0.08142,0.03417,0.10376,0.75643,0.10680,0.06086,0.05743,0.09542,0.09299,0.01644,0.03163,0.05152,0.05731,0.05465,0.08715,0.04301,0.00000,0.00000,0.09492,0.74575,0.02569,0.75568,0.06464,0.10247,0.03559,0.03622,0.10634,0.07047,0.00952,0.01447,0.07139,0.03313,0.02962,0.73682,0.03801,0.71687,0.00273,0.05790,0.00787,0.02420,0.04978,0.05811,0.05403,0.02084,0.03701,0.08294,0.07757,0.09624,0.69101,0.08805,0.00000,0.00809,0.00000,0.01165,0.07294,0.08470,0.10111,0.00362,0.08453
for,0.02689,0.00693,0.04167,0.00000,0.13879,0.00527,0.04081,0.15017,0.14234,0.65000,0.04337,0.04167,0.04217,0.11457,0.00000,0.03435,0.09488,0.02100,0.00000,0.14924,0.04988,0.65000,0.29920,0.01169,0.02415,0.28644,0.02370,0.00218,0.00000,0.69273,0.03460,0.05966,0.00184,0.05460,0.06092,0.02561,0.25834,0.08448,0.79486,0.03040,0.12537,0.01400,0.02678,0.04238,0.01465,0.00456,0.08079,0.07778,0.04945,0.11365,0.00184,0.02609,0.00736,0.07178,0.00000,0.04167,0.00000,0.03044,0.04634,0.00000,0.00192,0.04152,0.03995,0.00466,0.00476,0.03816,0.09407,0.00000,0.00000,0.03338,0.00438,0.00000,0.01533,0.01290,0.03657,0.72531,0.01471,0.13216,0.02525,0.07986,0.02393,0.00191,0.26009,0.01971,0.04599,0.00264,0.29927,0.00000,0.08245,0.00000,0.00000,0.16343,0.00000,0.00212,0.02969,0.02134,0.84180,0.09935
foreach_iteration,0.12125,0.12178,0.04434,0.02959,0.16539,0.09859,0.16961,0.13533,0.11145,0.65375,0.10988,0.05273,0.10701,0.17015,0.04218,0.16713,0.18718,0.05731,0.03558,0.14205,0.16594,0.66165,0.40515,0.02874,0.13729,0.43944,0.14262,0.09176,0.69273,0.00000,0.18783,0.11738,0.10755,0.15488,0.10344,0.07259,0.34302,0.15358,0.67601,0.16767,0.15646,0.15445,0.12498,0.17796,0.14314,0.04885,0.22490,0.22990,0.05668,0.11732,0.08025,0.10634,0.10897,0.18955,0.04193,0.04167,0.00000,0.16076,0.17987,0.03151,0.10194,0.12461,0.15575,0.06102,0.07763,0.18978,0.18984,0.01884,0.01214,0.10680,0.07785,0.02886,0.10562,0.09457,0.08236,0.67241,0.09489,0.07262,0.06292,0.09926,0.13229,0.10082,0.27877,0.05786,0.16426,0.12207,0.43409,0.05455,0.23267,0.02049,0.04806,0.09362,0.03188,0.08027,0.16234,0.14441,0.67258,0.21186
function,0.15773,0.15096,0.01644,0.08798,0.10721,0.09853,0.86418,0.08758,0.07372,0.01173,0.10383,0.00728,0.15613,0.12377,0.03789,0.86964,0.19333,0.05564,0.03786,0.09457,0.82387,0.01007,0.19177,0.02798,0.38035,0.24985,0.17148,0.09628,0.03460,0.18783,0.00000,0.17907,0.11248,0.41246,0.14733,0.07852,0.13380,0.12603,0.02665,0.90018,0.09544,0.41413,0.14413,0.20471,0.19003,0.10157,0.23801,0.26812,0.02411,0.06655,0.08818,0.13392,0.13811,0.14047,0.07926,0.00000,0.01152,0.89132,0.19856,0.08574,0.10147,0.11330,0.23594,0.10021,0.08543,0.89075,0.12806,0.10402,0.06750,0.18720,0.15535,0.08501,0.11547,0.15764,0.08328,0.02730,0.14598,0.02145,0.09895,0.05493,0.42478,0.16057,0.01918,0.11503,0.17821,0.16360,0.21162,0.05765,0.22218,0.06537,0.11218,0.06426,0.08840,0.08717,0.87203,0.79599,0.01389,0.16417
function_type,0.10155,0.08192,0.00000,0.67010,0.09322,0.04363,0.18472,0.09645,0.10319,0.00616,0.06555,0.00991,0.07724,0.50937,0.03454,0.16395,0.11989,0.04303,0.04334,0.11408,0.17296,0.00718,0.11104,0.04722,0.14205,0.12537,0.09818,0.06105,0.05966,0.11738,0.17907,0.00000,0.07133,0.57559,0.75138,0.05375,0.04715,0.10907,0.04325,0.15271,0.11416,0.54359,0.07962,0.10673,0.11447,0.03685,0.11469,0.11255,0.01784,0.06177,0.04988,0.08451,0.07246,0.11211,0.67036,0.00000,0.00000,0.15850,0.12847,0.03182,0.06676,0.08057,0.77343,0.71059,0.04467,0.17971,0.10551,0.30093,0.66169,0.72622,0.70206,0.69832,0.06909,0.31848,0.06611,0.03417,0.06043,0.03815,0.05732,0.04692,0.14717,0.73453,0.02748,0.04128,0.12159,0.08463,0.11639,0.03952,0.12377,0.67584,0.70249,0.12054,0.70320,0.05945,0.15088,0.16246,0.03222,0.12363
gc,0.74898,0.14780,0.00000,0.03948,0.05968,0.10911,0.10208,0.04566,0.01450,0.00645,0.08768,0.01038,0.05789,0.05081,0.03874,0.09868,0.08059,0.03826,0.06462,0.04521,0.10044,0.00751,0.11190,0.04066,0.08810,0.11364,0.74569,0.05419,0.00184,0.10755,0.11248,0.07133,0.00000,0.10594,0.05424,0.05052,0.10026,0.04483,0.00977,0.09525,0.07584,0.09047,0.06291,0.10518,0.76770,0.05454,0.10185,0.10513,0.01867,0.03122,0.09152,0.08579,0.78267,0.10651,0.00775,0.00000,0.00000,0.09904,0.12661,0.01601,0.06891,0.11071,0.08429,0.06665,0.73916,0.10782,0.06878,0.43751,0.01656,0.07300,0.07815,0.01832,0.07618,0.51845,0.06853,0.00000,0.05519,0.01331,0.04143,0.05758,0.10562,0.09294,0.01114,0.03615,0.10408,0.13250,0.08455,0.04537,0.10811,0.00492,0.06823,0.00194,0.03093,0.71672,0.11690,0.10939,0.00307,0.06435
generic,0.12363,0.12179,0.00000,0.49344,0.11921,0.08340,0.40928,0.09544,0.11385,0.00000,0.08928,0.00714,0.14084,0.53193,0.03402,0.38659,0.13216,0.05852,0.04583,0.14479,0.41237,0.00000,0.13238,0.03699,0.36947,0.15772,0.12442,0.06767,0.05460,0.15488,0.41246,0.57559,0.10594,0.00000,0.55584,0.06608,0.10004,0.12542,0.02689,0.38946,0.15602,0.76567,0.08847,0.14716,0.14649,0.09444,0.14691,0.15731,0.02803,0.07526,0.07328,0.10397,0.14119,0.12861,0.47949,0.00000,0.00377,0.39241,0.15548,0.08277,0.06902,0.10531,0.59561,0.50398,0.07758,0.42466,0.11850,0.08062,0.45842,0.54276,0.52943,0.50315,0.07322,0.15990,0.06648,0.02844,0.15659,0.02978,0.10630,0.04812,0.37788,0.55172,0.02938,0.13277,0.16101,0.10595,0.13648,0.04064,0.17286,0.47426,0.52087,0.10487,0.50004,0.06811,0.39961,0.36808,0.02146,0.13290
generic_constraint,0.08996,0.06494,0.00000,0.67244,0.10102,0.03639,0.15440,0.07362,0.07367,0.00000,0.05677,0.00000,0.07171,0.49562,0.02647,0.13972,0.10034,0.03632,0.03822,0.10797,0.14165,0.00000,0.08293,0.04733,0.14205,0.09550,0.08983,0.06028,0.06092,0.10344,0.14733,0.75138,0.05424,0.55584,0.00000,0.06705,0.05045,0.09767,0.02224,0.12794,0.09522,0.53145,0.06722,0.10256,0.06488,0.04510,0.09272,0.08490,0.00846,0.07720,0.03030,0.07741,0.06203,0.12024,0.68614,0.00000,0.00000,0.14116,0.10799,0.03170,0.05645,0.05986,0.76370,0.69501,0.04844,0.15979,0.09319,0.26402,0.66533,0.70654,0.67985,0.69001,0.04576,0.30803,0.08234,0.04480,0.08950,0.04724,0.02759,0.05432,0.12646,0.71453,0.00930,0.07064,0.10096,0.05938,0.08015,0.02122,0.10621,0.67156,0.68577,0.08279,0.67978,0.06498,0.13567,0.12498,0.03201,0.08452
global_state,0.06131,0.72317,0.05712,0.00232,0.08140,0.04329,0.07088,0.05472,0.04406,0.00961,0.08083,0.00000,0.07333,0.04514,0.02624,0.06632,0.07441,0.03950,0.02237,0.08380,0.07058,0.01119,0.07049,0.68630,0.06377,0.07092,0.06871,0.69837,0.02561,0.07259,0.07852,0.05375,0.05052,0.06608,0.06705,0.00000,0.04176,0.07616,0.00000,0.06598,0.06719,0.06854,0.72792,0.06932,0.05927,0.04932,0.07643,0.07785,0.01362,0.05839,0.04865,0.05281,0.07303,0.08469,0.00385,0.00000,0.00815,0.06802,0.72535,0.03558,0.70593,0.06184,0.06904,0.05161,0.05229,0.07644,0.06135,0.01668,0.01180,0.05501,0.03444,0.01074,0.69514,0.04697,0.70546,0.04196,0.10151,0.00413,0.03194,0.02819,0.06808,0.03035,0.03734,0.09153,0.07320,0.07700,0.06383,0.67330,0.07147,0.02687,0.01991,0.02816,0.00661,0.04617,0.10038,0.07936,0.00000,0.07292
goto_label,0.06423,0.13399,0.07371,0.05318,0.08777,0.08089,0.07880,0.06612,0.09525,0.27021,0.05863,0.04167,0.03587,0.11625,0.00491,0.06377,0.08804,0.03055,0.01378,0.07322,0.10138,0.25000,0.34415,0.02994,0.08872,0.34335,0.07431,0.01565,0.25834,0.34302,0.13380,0.04715,0.10026,0.10004,0.05045,0.04176,0.00000,0.11353,0.26484,0.11653,0.11734,0.04985,0.03472,0.08085,0.13453,0.02523,0.14066,0.18219,0.07488,0.07042,0.07871,0.07649,0.16423,0.10120,0.00810,0.04167,0.00000,0.11676,0.10240,0.01374,0.00818,0.08708,0.13330,0.01661,0.09725,0.12900,0.08309,0.02175,0.00000,0.07828,0.09861,0.03338,0.02516,0.13090,0.02254,0.28414,0.04261,0.04167,0.02637,0.06787,0.16643,0.05588,0.26784,0.03743,0.07526,0.08643,0.31877,0.01259,0.18596,0.00411,0.08759,0.08136,0.02781,0.03776,0.17845,0.05533,0.25000,0.09107
identifier,0.09025,0.08583,0.28484,0.02030,0.54633,0.05050,0.12686,0.31575,0.55137,0.04167,0.07202,0.45000,0.28341,0.36871,0.03852,0.10526,0.34528,0.05192,0.02714,0.36693,0.14976,0.04167,0.13541,0.01839,0.10330,0.16503,0.09477,0.06748,0.08448,0.15358,0.12603,0.10907,0.04483,0.12542,0.09767,0.07616,0.11353,0.00000,0.09330,0.10888,0.47825,0.08988,0.08662,0.10616,0.10423,0.24066,0.56655,0.56913,0.51445,0.53446,0.06795,0.09415,0.08561,0.34657,0.01781,0.45000,0.00000,0.11188,0.11592,0.23261,0.06177,0.07480,0.12006,0.04337,0.04919,0.12509,0.36420,0.02730,0.01112,0.08150,0.05704,0.05607,0.06492,0.05801,0.05604,0.07459,0.28100,0.26210,0.23094,0.29853,0.09316,0.05894,0.06387,0.26646,0.11986,0.06940,0.15906,0.03035,0.37221,0.02011,0.02838,0.56362,0.01680,0.05992,0.11485,0.09192,0.07464,0.37150
if,0.01529,0.01604,0.04167,0.00490,0.06780,0.02032,0.02615,0.07081,0.10824,0.65000,0.02977,0.04167,0.02210,0.07617,0.00000,0.02404,0.05953,0.00324,0.00000,0.09464,0.03943,0.69728,0.28870,0.00000,0.01479,0.27971,0.03131,0.00944,0.79486,0.67601,0.02665,0.04325,0.00977,0.02689,0.02224,0.00000,0.26484,0.09330,0.00000,0.02627,0.07999,0.01575,0.00534,0.02526,0.02103,0.00000,0.07607,0.07287,0.04167,0.07174,0.02555,0.03398,0.01310,0.06344,0.03659,0.04167,0.00000,0.02515,0.03506,0.00000,0.00370,0.01747,0.03681,0.00000,0.02755,0.02791,0.05795,0.00000,0.00000,0.01912,0.01688,0.02661,0.00355,0.02190,0.00513,0.66743,0.00994,0.04167,0.00000,0.04167,0.02052,0.01660,0.31424,0.01579,0.03541,0.01528,0.28153,0.00000,0.07532,0.00000,0.00315,0.12218,0.00000,0.01352,0.02859,0.01176,0.87195,0.07464
import,0.15669,0.13729,0.01217,0.08592,0.08672,0.08538,0.85546,0.06998,0.05822,0.00868,0.10119,0.00539,0.14532,0.10127,0.03854,0.90695,0.14733,0.05136,0.02859,0.07219,0.80804,0.00745,0.16997,0.02605,0.36595,0.24638,0.17812,0.08142,0.03040,0.16767,0.90018,0.15271,0.09525,0.38946,0.12794,0.06598,0.11653,0.10888,0.02627,0.00000,0.07494,0.40197,0.13097,0.19089,0.19059,0.09003,0.25928,0.28856,0.02348,0.05858,0.08070,0.12252,0.13187,0.11486,0.07167,0.00364,0.00853,0.90896,0.18218,0.08214,0.08975,0.10036,0.20729,0.08879,0.07010,0.86153,0.11684,0.09751,0.06173,0.18584,0.15182,0.07925,0.09816,0.13684,0.06769,0.02021,0.12891,0.01588,0.08918,0.04464,0.43465,0.14397,0.01508,0.09925,0.16825,0.16410,0.21033,0.05525,0.20199,0.06138,0.10326,0.04813,0.08786,0.07167,0.86826,0.78224,0.01825,0.15246
index,0.08005,0.08897,0.45000,0.03058,0.60134,0.07073,0.10400,0.37114,0.63669,0.05010,0.06948,0.46131,0.07171,0.35931,0.02580,0.08301,0.36107,0.02480,0.02668,0.61731,0.12873,0.05149,0.13032,0.05483,0.08681,0.13377,0.06880,0.03417,0.12537,0.15646,0.09544,0.11416,0.07584,0.15602,0.09522,0.06719,0.11734,0.47825,0.07999,0.07494,0.00000,0.06792,0.04739,0.08824,0.08959,0.02729,0.54024,0.53712,0.47131,0.54178,0.04758,0.07204,0.08380,0.53750,0.01887,0.45000,0.00000,0.08365,0.10238,0.03198,0.03425,0.09592,0.10054,0.05215,0.06586,0.10563,0.36945,0.02813,0.02166,0.06576,0.04181,0.06863,0.04466,0.09584,0.05677,0.07487,0.07556,0.50224,0.05981,0.54637,0.08351,0.07270,0.06959,0.06916,0.12294,0.06685,0.12193,0.02855,0.57091,0.04610,0.04817,0.63535,0.05254,0.05467,0.08721,0.07121,0.07911,0.35777
interface_trait,0.14325,0.10601,0.00291,0.48225,0.08449,0.07086,0.40949,0.06238,0.02899,0.00408,0.07449,0.00658,0.11504,0.50255,0.06099,0.39963,0.12013,0.04527,0.04435,0.06148,0.38485,0.01666,0.12512,0.03302,0.35870,0.16506,0.13857,0.10376,0.01400,0.15445,0.41413,0.54359,0.09047,0.76567,0.53145,0.06854,0.04985,0.08988,0.01575,0.40197,0.06792,0.00000,0.12144,0.16358,0.11980,0.09599,0.15191,0.15862,0.01334,0.03057,0.06652,0.09659,0.08789,0.14004,0.49570,0.00000,0.00000,0.40869,0.15260,0.08696,0.12857,0.08705,0.59800,0.51672,0.05039,0.41848,0.09908,0.08110,0.46323,0.54584,0.50631,0.47619,0.10444,0.11121,0.07512,0.00468,0.13123,0.01054,0.09066,0.05416,0.35175,0.55529,0.01822,0.08932,0.13373,0.11582,0.14850,0.06032,0.14709,0.47544,0.50634,0.01842,0.48965,0.07147,0.38126,0.38410,0.00194,0.10854
io,0.10067,0.72994,0.00346,0.01036,0.06161,0.04376,0.13262,0.06499,0.04245,0.00485,0.09176,0.00651,0.13412,0.09203,0.03463,0.13789,0.12317,0.04590,0.02259,0.06812,0.11158,0.01036,0.14906,0.66698,0.07389,0.15854,0.10647,0.75643,0.02678,0.12498,0.14413,0.07962,0.06291,0.08847,0.06722,0.72792,0.03472,0.08662,0.00534,0.13097,0.04739,0.12144,0.00000,0.14311,0.10674,0.05182,0.15140,0.14575,0.03079,0.04800,0.05876,0.06144,0.07200,0.08471,0.00389,0.00000,0.00000,0.14036,0.78340,0.03496,0.74515,0.08257,0.10612,0.04244,0.04901,0.14106,0.10287,0.01071,0.01571,0.08272,0.04595,0.01650,0.75188,0.04728,0.73534,0.02257,0.07746,0.03297,0.04201,0.05528,0.08739,0.05332,0.00838,0.04726,0.11649,0.11148,0.14685,0.69719,0.12602,0.00000,0.01345,0.03026,0.01150,0.06553,0.11426,0.10449,0.00231,0.11188
ir,0.14692,0.13487,0.00224,0.03441,0.10574,0.09246,0.18958,0.08866,0.05613,0.00314,0.73943,0.00927,0.09643,0.12613,0.04913,0.18783,0.14933,0.70872,0.69833,0.07389,0.16802,0.01281,0.17814,0.03263,0.12651,0.21293,0.16048,0.10680,0.04238,0.17796,0.20471,0.10673,0.10518,0.14716,0.10256,0.06932,0.08085,0.10616,0.02526,0.19089,0.08824,0.16358,0.14311,0.00000,0.15560,0.05574,0.20318,0.20513,0.03803,0.06925,0.08814,0.76794,0.12037,0.15318,0.03723,0.00000,0.00266,0.19144,0.18217,0.03092,0.11953,0.75428,0.15103,0.05571,0.07177,0.20815,0.12729,0.03171,0.01017,0.13592,0.09140,0.02510,0.11968,0.08348,0.09144,0.01844,0.08498,0.02729,0.05388,0.06205,0.14460,0.11631,0.02441,0.04459,0.16846,0.14337,0.18937,0.07304,0.17233,0.01717,0.05044,0.04235,0.04514,0.08561,0.16823,0.15303,0.01519,0.14307
layout_alignment,0.77596,0.16768,0.01957,0.05568,0.07936,0.10217,0.17348,0.06090,0.06210,0.01564,0.07841,0.00971,0.07307,0.11821,0.04723,0.17245,0.12978,0.04231,0.03865,0.06211,0.14507,0.00703,0.14250,0.03356,0.11633,0.18338,0.78802,0.06086,0.01465,0.14314,0.19003,0.11447,0.76770,0.14649,0.06488,0.05927,0.13453,0.10423,0.02103,0.19059,0.08959,0.11980,0.10674,0.15560,0.00000,0.03873,0.18409,0.20189,0.01724,0.05517,0.09240,0.10551,0.82648,0.11230,0.02539,0.00000,0.00279,0.16578,0.16278,0.03073,0.06236,0.10090,0.12242,0.04526,0.73385,0.17979,0.10066,0.46521,0.01452,0.13976,0.13313,0.03958,0.08854,0.49975,0.06241,0.02085,0.06400,0.00991,0.04340,0.04145,0.17046,0.10112,0.01958,0.03596,0.13270,0.13398,0.15625,0.06154,0.17634,0.01548,0.06015,0.05650,0.06391,0.72081,0.18604,0.12644,0.00287,0.10851
lifetime,0.05476,0.05959,0.00000,0.00386,0.04486,0.02893,0.10017,0.03459,0.00437,0.01598,0.04019,0.00000,0.68082,0.05106,0.03899,0.09093,0.05378,0.02402,0.03640,0.04093,0.10844,0.01862,0.04271,0.00977,0.09590,0.05068,0.04913,0.05743,0.00456,0.04885,0.10157,0.03685,0.05454,0.09444,0.04510,0.04932,0.02523,0.24066,0.00000,0.09003,0.02729,0.09599,0.05182,0.05574,0.03873,0.00000,0.04316,0.04661,0.06597,0.04223,0.03130,0.03281,0.04212,0.04445,0.00000,0.00000,0.00000,0.09868,0.04775,0.66630,0.04936,0.04185,0.04620,0.05574,0.06543,0.10255,0.04028,0.00876,0.00892,0.05424,0.01950,0.01320,0.04062,0.04990,0.07843,0.01144,0.70250,0.00000,0.67006,0.04066,0.08794,0.03704,0.03450,0.66520,0.06074,0.05691,0.04956,0.03229,0.04468,0.01219,0.02690,0.00240,0.00000,0.03581,0.09943,0.09399,0.00000,0.04298
literal_boolean,0.13025,0.12919,0.25171,0.03248,0.75208,0.08652,0.21073,0.33741,0.71804,0.05303,0.10380,0.65706,0.11208,0.35939,0.04222,0.25872,0.41900,0.05553,0.03537,0.33590,0.15869,0.05142,0.23829,0.02898,0.12022,0.29730,0.15961,0.09542,0.08079,0.22490,0.23801,0.11469,0.10185,0.14691,0.09272,0.07643,0.14066,0.56655,0.07607,0.25928,0.54024,0.15191,0.15140,0.20318,0.18409,0.04316,0.00000,0.91531,0.67337,0.71112,0.07827,0.11666,0.11414,0.37864,0.02837,0.65000,0.00203,0.22781,0.19433,0.03815,0.09928,0.11073,0.16209,0.04686,0.07467,0.22023,0.38236,0.03808,0.01536,0.13400,0.09103,0.02552,0.10964,0.08976,0.07569,0.05854,0.08666,0.26956,0.05077,0.30391,0.15199,0.10788,0.06004,0.04849,0.17638,0.16116,0.27483,0.05722,0.45326,0.01490,0.04395,0.70547,0.04390,0.08154,0.17669,0.13550,0.06557,0.41905
literal_null,0.14889,0.15058,0.26445,0.03427,0.74821,0.09351,0.21668,0.33208,0.71887,0.05198,0.10519,0.65641,0.10966,0.36101,0.04300,0.25454,0.41715,0.05286,0.03208,0.33501,0.17326,0.05052,0.22982,0.03033,0.12488,0.30341,0.17546,0.09299,0.07778,0.22990,0.26812,0.11255,0.10513,0.15731,0.08490,0.07785,0.18219,0.56913,0.07287,0.28856,0.53712,0.15862,0.14575,0.20513,0.20189,0.04661,0.91531,0.00000,0.67789,0.71078,0.08522,0.13277,0.14879,0.37951,0.02573,0.65432,0.00184,0.25213,0.19961,0.03230,0.09888,0.10833,0.18114,0.04427,0.07658,0.23606,0.38340,0.04750,0.01248,0.14116,0.10543,0.03475,0.10448,0.10000,0.07321,0.06567,0.08789,0.26886,0.04557,0.30175,0.19302,0.10677,0.05708,0.05675,0.17209,0.16009,0.27174,0.05610,0.48068,0.01352,0.05609,0.70619,0.04123,0.08062,0.23513,0.14471,0.06335,0.41914
literal_numeric,0.01566,0.02678,0.25000,0.00658,0.66844,0.01046,0.01207,0.26902,0.65000,0.04167,0.01789,0.65000,0.00701,0.28513,0.01091,0.01076,0.26253,0.00362,0.01517,0.26886,0.05110,0.04167,0.06377,0.01665,0.01555,0.06663,0.01253,0.01644,0.04945,0.05668,0.02411,0.01784,0.01867,0.02803,0.00846,0.01362,0.07488,0.51445,0.04167,0.02348,0.47131,0.01334,0.03079,0.03803,0.01724,0.06597,0.67337,0.67789,0.00000,0.70686,0.02906,0.00943,0.02345,0.27840,0.00000,0.65000,0.00000,0.02276,0.01244,0.00604,0.01695,0.01368,0.01613,0.02313,0.03475,0.01153,0.26920,0.00000,0.05171,0.02562,0.00869,0.00794,0.01389,0.02494,0.00976,0.04167,0.02028,0.26406,0.00000,0.27561,0.02942,0.01692,0.07303,0.01335,0.04693,0.02349,0.07119,0.00826,0.26255,0.00000,0.03528,0.65000,0.02499,0.00990,0.02734,0.01725,0.04167,0.27468
literal_string,0.04361,0.03818,0.31492,0.01056,0.73972,0.02351,0.06667,0.34313,0.71881,0.04167,0.04128,0.65000,0.06079,0.32939,0.01392,0.06123,0.31469,0.02078,0.02266,0.34201,0.12747,0.04167,0.10045,0.01759,0.06346,0.10487,0.04988,0.03163,0.11365,0.11732,0.06655,0.06177,0.03122,0.07526,0.07720,0.05839,0.07042,0.53446,0.07174,0.05858,0.54178,0.03057,0.04800,0.06925,0.05517,0.04223,0.71112,0.71078,0.70686,0.00000,0.01939,0.03439,0.02867,0.32706,0.01240,0.65000,0.00000,0.05497,0.05710,0.00823,0.02843,0.04615,0.05997,0.04918,0.02528,0.06397,0.32951,0.01347,0.02804,0.07324,0.01310,0.02812,0.03054,0.03089,0.05544,0.11984,0.05015,0.30824,0.04174,0.31248,0.04120,0.01654,0.06053,0.03887,0.07408,0.03853,0.11372,0.01655,0.31126,0.01527,0.00311,0.72797,0.01878,0.03462,0.05181,0.03856,0.08928,0.33139
lock_mutex,0.07943,0.11694,0.00000,0.03519,0.04003,0.76445,0.07868,0.03548,0.02681,0.00000,0.09638,0.00000,0.04000,0.07325,0.67985,0.06206,0.06090,0.03879,0.02877,0.02653,0.07867,0.00000,0.07503,0.01439,0.08743,0.08446,0.09752,0.05152,0.00184,0.08025,0.08818,0.04988,0.09152,0.07328,0.03030,0.04865,0.07871,0.06795,0.02555,0.08070,0.04758,0.06652,0.05876,0.08814,0.09240,0.03130,0.07827,0.08522,0.02906,0.01939,0.00000,0.07429,0.10166,0.06438,0.01162,0.00000,0.65656,0.08412,0.09511,0.01303,0.04836,0.07412,0.07108,0.02897,0.10278,0.07624,0.05149,0.04934,0.00432,0.06768,0.10015,0.01296,0.05136,0.08730,0.03836,0.01245,0.04667,0.00399,0.02413,0.02256,0.09257,0.05429,0.02114,0.02741,0.53974,0.77704,0.06093,0.04307,0.08199,0.00000,0.05378,0.00000,0.03664,0.05277,0.09467,0.08071,0.00981,0.06041
macro,0.12193,0.12910,0.00000,0.03286,0.06328,0.08581,0.11831,0.04293,0.05583,0.00510,0.74566,0.00821,0.04790,0.08700,0.03296,0.08923,0.07396,0.69756,0.69581,0.06434,0.12386,0.00594,0.08356,0.02195,0.10165,0.12205,0.11625,0.05731,0.02609,0.10634,0.13392,0.08451,0.08579,0.10397,0.07741,0.05281,0.07649,0.09415,0.03398,0.12252,0.07204,0.09659,0.06144,0.76794,0.10551,0.03281,0.11666,0.13277,0.00943,0.03439,0.07429,0.00000,0.11605,0.09275,0.01584,0.00000,0.00433,0.11286,0.12240,0.02748,0.06827,0.74695,0.10290,0.04122,0.06180,0.12364,0.07882,0.03611,0.01025,0.09959,0.09196,0.04880,0.05924,0.10075,0.05596,0.01223,0.07475,0.01974,0.02674,0.03876,0.12069,0.09752,0.03620,0.06386,0.10824,0.10117,0.09218,0.05359,0.12254,0.01167,0.06029,0.04522,0.02261,0.07670,0.13374,0.11773,0.02870,0.10656
manual_memory,0.77574,0.25375,0.00000,0.05671,0.06751,0.13096,0.11436,0.04474,0.04723,0.02259,0.08710,0.00766,0.06530,0.08965,0.02555,0.08508,0.08443,0.03746,0.03659,0.07737,0.12464,0.00554,0.10647,0.03673,0.11706,0.12446,0.77872,0.05465,0.00736,0.10897,0.13811,0.07246,0.78267,0.14119,0.06203,0.07303,0.16423,0.08561,0.01310,0.13187,0.08380,0.08789,0.07200,0.12037,0.82648,0.04212,0.11414,0.14879,0.02345,0.02867,0.10166,0.11605,0.00000,0.08895,0.01286,0.00000,0.00404,0.12235,0.14403,0.01593,0.04570,0.11094,0.09490,0.02572,0.76484,0.12782,0.06400,0.42709,0.00319,0.09002,0.13884,0.04159,0.07587,0.54033,0.04544,0.01311,0.08112,0.00982,0.03513,0.03554,0.16835,0.07558,0.02122,0.09096,0.11291,0.14377,0.07749,0.05725,0.13189,0.00363,0.07182,0.04075,0.04217,0.71453,0.18664,0.11895,0.00226,0.07610
map_dict,0.11087,0.10646,0.65389,0.04415,0.35938,0.07217,0.15366,0.32001,0.29968,0.04712,0.07252,0.25878,0.07528,0.36292,0.05074,0.12936,0.36850,0.03882,0.05231,0.74740,0.12320,0.04802,0.16439,0.04151,0.10922,0.18081,0.12066,0.08715,0.07178,0.18955,0.14047,0.11211,0.10651,0.12861,0.12024,0.08469,0.10120,0.34657,0.06344,0.11486,0.53750,0.14004,0.08471,0.15318,0.11230,0.04445,0.37864,0.37951,0.27840,0.32706,0.06438,0.09275,0.08895,0.00000,0.06465,0.25000,0.00000,0.12723,0.14664,0.02394,0.09152,0.09110,0.14358,0.07016,0.05324,0.14791,0.36072,0.02666,0.01766,0.08062,0.05165,0.04914,0.08056,0.08346,0.07514,0.06314,0.09133,0.68987,0.05679,0.71505,0.10034,0.09881,0.06600,0.04975,0.12606,0.10729,0.17200,0.03954,0.79642,0.02565,0.07296,0.30263,0.04210,0.07157,0.12170,0.12158,0.06804,0.36038
map_type,0.02651,0.01391,0.00000,0.65000,0.03559,0.04163,0.08120,0.00707,0.00000,0.00000,0.01155,0.00000,0.00491,0.45879,0.00645,0.07915,0.03669,0.00000,0.00000,0.01051,0.06368,0.00000,0.03989,0.01968,0.10648,0.03030,0.02451,0.04301,0.00000,0.04193,0.07926,0.67036,0.00775,0.47949,0.68614,0.00385,0.00810,0.01781,0.03659,0.07167,0.01887,0.49570,0.00389,0.03723,0.02539,0.00000,0.02837,0.02573,0.00000,0.01240,0.01162,0.01584,0.01286,0.06465,0.00000,0.00000,0.00000,0.06735,0.04057,0.00000,0.00807,0.01716,0.69504,0.66199,0.01367,0.08221,0.04902,0.25000,0.65000,0.65549,0.66167,0.69805,0.00774,0.26376,0.01493,0.00000,0.00911,0.01524,0.00000,0.01148,0.06391,0.67751,0.06374,0.00511,0.02867,0.01545,0.03250,0.00448,0.02333,0.66876,0.65459,0.00000,0.65677,0.05335,0.08122,0.06759,0.00000,0.01075
member_access,0.00000,0.00000,0.25000,0.00000,0.65000,0.00000,0.00000,0.25000,0.65000,0.04167,0.00000,0.65000,0.00000,0.25000,0.00000,0.00000,0.25000,0.00000,0.00000,0.25000,0.00000,0.04167,0.04167,0.00000,0.00000,0.04167,0.00000,0.00000,0.04167,0.04167,0.00000,0.00000,0.00000,0.00000,0.00000,0.00000,0.04167,0.45000,0.04167,0.00364,0.45000,0.00000,0.00000,0.00000,0.00000,0.00000,0.65000,0.65432,0.65000,0.65000,0.00000,0.00000,0.00000,0.25000,0.00000,0.00000,0.00000,0.00464,0.00000,0.00000,0.00000,0.00000,0.00000,0.00000,0.00000,0.00000,0.25000,0.00000,0.00000,0.00000,0.01220,0.00000,0.00000,0.00000,0.00000,0.04167,0.00000,0.25000,0.00000,0.25000,0.00674,0.00000,0.04167,0.00000,0.00000,0.00736,0.04167,0.00000,0.25000,0.00000,0.00000,0.65000,0.00000,0.00000,0.00000,0.00000,0.04167,0.25000
memory_model,0.00332,0.00380,0.00000,0.00000,0.00000,0.68442,0.00256,0.00000,0.00000,0.00000,0.00000,0.00000,0.00000,0.00000,0.65000,0.00209,0.00000,0.00000,0.00000,0.00000,0.00000,0.00000,0.00000,0.00000,0.00455,0.00000,0.00292,0.00000,0.00000,0.00000,0.01152,0.00000,0.00000,0.00377,0.00000,0.00815,0.00000,0.00000,0.00000,0.00853,0.00000,0.00000,0.00000,0.00266,0.00279,0.00000,0.00203,0.00184,0.00000,0.00000,0.65656,0.00433,0.00404,0.00000,0.00000,0.00000,0.00000,0.00198,0.01306,0.00000,0.00000,0.00000,0.00000,0.00000,0.00000,0.00244,0.00000,0.00000,0.00000,0.01744,0.02340,0.00000,0.00000,0.00000,0.00000,0.00000,0.00000,0.00000,0.00000,0.00000,0.00287,0.00000,0.00000,0.00000,0.45000,0.66727,0.00000,0.00000,0.00000,0.00000,0.00000,0.00000,0.00000,0.00000,0.01302,0.00403,0.00000,0.00000
module,0.14441,0.12391,0.00166,0.09102,0.08845,0.07099,0.85484,0.07860,0.06800,0.00233,0.09149,0.00688,0.14468,0.10767,0.04803,0.87595,0.15277,0.04880,0.03586,0.08692,0.80521,0.00950,0.17577,0.02155,0.36057,0.22595,0.15602,0.09492,0.03044,0.16076,0.89132,0.15850,0.09904,0.39241,0.14116,0.06802,0.11676,0.11188,0.02515,0.90896,0.08365,0.40869,0.14036,0.19144,0.16578,0.09868,0.22781,0.25213,0.02276,0.05497,0.08412,0.11286,0.12235,0.12723,0.06735,0.00464,0.00198,0.00000,0.17584,0.08323,0.10056,0.09547,0.22236,0.09580,0.05825,0.86245,0.11556,0.09514,0.05911,0.17421,0.12981,0.07666,0.09787,0.13500,0.07506,0.01368,0.13904,0.02024,0.09156,0.04751,0.41230,0.14146,0.01677,0.11068,0.16842,0.15621,0.18979,0.04977,0.20107,0.06451,0.10583,0.05611,0.09025,0.07406,0.84501,0.78453,0.01127,0.13591
mutation,0.14958,0.80619,0.00000,0.04645,0.10483,0.12549,0.18062,0.07055,0.08646,0.00342,0.12164,0.01010,0.10263,0.12496,0.04069,0.16872,0.14802,0.05651,0.04781,0.09821,0.16724,0.01395,0.16691,0.69050,0.13125,0.20258,0.15951,0.74575,0.04634,0.17987,0.19856,0.12847,0.12661,0.15548,0.10799,0.72535,0.10240,0.11592,0.03506,0.18218,0.10238,0.15260,0.78340,0.18217,0.16278,0.04775,0.19433,0.19961,0.01244,0.05710,0.09511,0.12240,0.14403,0.14664,0.04057,0.00000,0.01306,0.17584,0.00000,0.03407,0.74704,0.13161,0.15579,0.05299,0.08379,0.19787,0.12875,0.03935,0.01108,0.11421,0.11012,0.04023,0.75978,0.11650,0.73813,0.02168,0.08576,0.02973,0.04714,0.05957,0.15243,0.12253,0.02660,0.05474,0.16317,0.15583,0.16870,0.70192,0.19060,0.02131,0.05642,0.07160,0.04624,0.09138,0.17939,0.14431,0.01926,0.14714
name_resolution,0.02653,0.02692,0.00000,0.00474,0.03448,0.01112,0.08402,0.03344,0.02315,0.00000,0.05247,0.00000,0.69167,0.01084,0.02713,0.07994,0.02638,0.01096,0.01588,0.02966,0.08378,0.00000,0.02919,0.01198,0.07536,0.03566,0.03179,0.02569,0.00000,0.03151,0.08574,0.03182,0.01601,0.08277,0.03170,0.03558,0.01374,0.23261,0.00000,0.08214,0.03198,0.08696,0.03496,0.03092,0.03073,0.66630,0.03815,0.03230,0.00604,0.00823,0.01303,0.02748,0.01593,0.02394,0.00000,0.00000,0.00000,0.08323,0.03407,0.00000,0.04256,0.01294,0.04401,0.01592,0.03530,0.09041,0.02799,0.00000,0.01095,0.01783,0.00544,0.00571,0.01999,0.02196,0.03222,0.00000,0.70072,0.00000,0.65000,0.01843,0.07621,0.02465,0.01129,0.68306,0.02940,0.02240,0.02740,0.01684,0.03537,0.00000,0.00813,0.02800,0.00450,0.00831,0.07568,0.09325,0.00000,0.03232
network,0.08609,0.72398,0.00479,0.01460,0.05114,0.04423,0.10619,0.07222,0.00467,0.00671,0.07488,0.01080,0.06360,0.06305,0.08015,0.09734,0.07084,0.03196,0.04144,0.05554,0.09068,0.01433,0.10248,0.66268,0.07017,0.11113,0.09127,0.75568,0.00192,0.10194,0.10147,0.06676,0.06891,0.06902,0.05645,0.70593,0.00818,0.06177,0.00370,0.08975,0.03425,0.12857,0.74515,0.11953,0.06236,0.04936,0.09928,0.09888,0.01695,0.02843,0.04836,0.06827,0.04570,0.09152,0.00807,0.00000,0.00000,0.10056,0.74704,0.04256,0.00000,0.07174,0.09475,0.03976,0.03625,0.10214,0.07796,0.00981,0.01723,0.06307,0.02354,0.02314,0.75739,0.02595,0.71043,0.00480,0.06596,0.02078,0.02800,0.03970,0.06225,0.05240,0.01159,0.03230,0.11916,0.10874,0.11248,0.72374,0.08676,0.00512,0.00626,0.00202,0.02103,0.05670,0.07799,0.10210,0.00319,0.09019
optimizer,0.11309,0.12912,0.00000,0.02734,0.07941,0.11688,0.09706,0.05695,0.07041,0.00634,0.80479,0.01021,0.07222,0.08065,0.02587,0.09206,0.07315,0.72015,0.68468,0.07252,0.13247,0.01355,0.10848,0.05357,0.09072,0.11563,0.10523,0.06464,0.04152,0.12461,0.11330,0.08057,0.11071,0.10531,0.05986,0.06184,0.08708,0.07480,0.01747,0.10036,0.09592,0.08705,0.08257,0.75428,0.10090,0.04185,0.11073,0.10833,0.01368,0.04615,0.07412,0.74695,0.11094,0.09110,0.01716,0.00000,0.00000,0.09547,0.13161,0.01294,0.07174,0.00000,0.08689,0.04461,0.09385,0.10842,0.09522,0.02328,0.01204,0.07480,0.09281,0.02142,0.08332,0.11052,0.07290,0.03565,0.07227,0.05512,0.04826,0.07146,0.10424,0.07237,0.03835,0.05367,0.11907,0.11531,0.09706,0.04664,0.11552,0.00968,0.04437,0.04358,0.02788,0.08307,0.11011,0.09772,0.00805,0.11146
optional_nullable,0.12687,0.10142,0.00287,0.68405,0.08643,0.07021,0.21229,0.05991,0.08871,0.01912,0.07584,0.01188,0.06983,0.52115,0.04508,0.19088,0.10954,0.05844,0.04626,0.09754,0.20393,0.00469,0.13392,0.03847,0.15811,0.16077,0.13348,0.10247,0.03995,0.15575,0.23594,0.77343,0.08429,0.59561,0.76370,0.06904,0.13330,0.12006,0.03681,0.20729,0.10054,0.59800,0.10612,0.15103,0.12242,0.04620,0.16209,0.18114,0.01613,0.05997,0.07108,0.10290,0.09490,0.14358,0.69504,0.00000,0.00000,0.22236,0.15579,0.04401,0.09475,0.08689,0.00000,0.70558,0.05886,0.24885,0.10655,0.27563,0.66034,0.74540,0.71228,0.68980,0.07575,0.33758,0.08689,0.01902,0.08302,0.02563,0.05516,0.06107,0.18355,0.74459,0.02221,0.05315,0.13493,0.10192,0.14408,0.04689,0.20043,0.66689,0.71481,0.08000,0.68500,0.06796,0.22229,0.18249,0.02106,0.12625
overload_resolution,0.05398,0.05085,0.00000,0.66183,0.05767,0.04521,0.10869,0.05583,0.01521,0.00000,0.04880,0.00000,0.04382,0.43654,0.01367,0.10069,0.05053,0.01932,0.06113,0.03276,0.10784,0.00000,0.04280,0.04669,0.09420,0.04860,0.04490,0.03559,0.00466,0.06102,0.10021,0.71059,0.06665,0.50398,0.69501,0.05161,0.01661,0.04337,0.00000,0.08879,0.05215,0.51672,0.04244,0.05571,0.04526,0.05574,0.04686,0.04427,0.02313,0.04918,0.02897,0.04122,0.02572,0.07016,0.66199,0.00000,0.00000,0.09580,0.05299,0.01592,0.03976,0.04461,0.70558,0.00000,0.04332,0.10436,0.05293,0.27833,0.68098,0.68761,0.67455,0.66268,0.04600,0.29643,0.05449,0.00000,0.04873,0.00000,0.04610,0.05052,0.09625,0.71737,0.00000,0.01858,0.05421,0.05040,0.04984,0.02103,0.05037,0.70601,0.68530,0.00000,0.67682,0.04959,0.10027,0.12147,0.00000,0.04176
ownership,0.70897,0.12693,0.00000,0.00843,0.04424,0.11438,0.05839,0.03874,0.03380,0.00000,0.08428,0.00000,0.04108,0.05459,0.01292,0.05517,0.04103,0.01888,0.00783,0.02959,0.07516,0.00000,0.07332,0.01642,0.08263,0.07953,0.71516,0.03622,0.00476,0.07763,0.08543,0.04467,0.73916,0.07758,0.04844,0.05229,0.09725,0.04919,0.02755,0.07010,0.06586,0.05039,0.04901,0.07177,0.73385,0.06543,0.07467,0.07658,0.03475,0.02528,0.10278,0.06180,0.76484,0.05324,0.01367,0.00000,0.00000,0.05825,0.08379,0.03530,0.03625,0.09385,0.05886,0.04332,0.00000,0.06576,0.04727,0.41690,0.00000,0.06768,0.09587,0.02740,0.04201,0.54523,0.02865,0.02116,0.04665,0.01643,0.02200,0.02801,0.09943,0.03410,0.03011,0.02871,0.08035,0.11230,0.05736,0.02953,0.07382,0.00694,0.03735,0.01436,0.00626,0.71144,0.09716,0.07694,0.00361,0.05939
parameter,0.15249,0.13395,0.01917,0.09546,0.11112,0.08583,0.85992,0.08429,0.08419,0.01368,0.09695,0.00850,0.15288,0.13871,0.04645,0.85177,0.16011,0.04938,0.04358,0.11004,0.82343,0.01174,0.17609,0.03463,0.38492,0.22390,0.15854,0.10634,0.03816,0.18978,0.89075,0.17971,0.10782,0.42466,0.15979,0.07644,0.12900,0.12509,0.02791,0.86153,0.10563,0.41848,0.14106,0.20815,0.17979,0.10255,0.22023,0.23606,0.01153,0.06397,0.07624,0.12364,0.12782,0.14791,0.08221,0.00000,0.00244,0.86245,0.19787,0.09041,0.10214,0.10842,0.24885,0.10436,0.06576,0.00000,0.13816,0.10270,0.06849,0.17830,0.12720,0.09224,0.11524,0.14462,0.08819,0.02875,0.14868,0.02378,0.10338,0.06010,0.40738,0.17539,0.02072,0.12104,0.17218,0.13865,0.19832,0.05648,0.21314,0.06793,0.11227,0.07409,0.08818,0.08205,0.84626,0.79630,0.01392,0.15715
pattern,0.09069,0.07463,0.28140,0.02531,0.37031,0.05843,0.13376,0.35709,0.34884,0.04695,0.08664,0.25850,0.10390,0.36088,0.03019,0.12704,0.38614,0.04307,0.02874,0.37069,0.13129,0.04782,0.15489,0.03726,0.10166,0.18238,0.10058,0.07047,0.09407,0.18984,0.12806,0.10551,0.06878,0.11850,0.09319,0.06135,0.08309,0.36420,0.05795,0.11684,0.36945,0.09908,0.10287,0.12729,0.10066,0.04028,0.38236,0.38340,0.26920,0.32951,0.05149,0.07882,0.06400,0.36072,0.04902,0.25000,0.00000,0.11556,0.12875,0.02799,0.07796,0.09522,0.10655,0.05293,0.04727,0.13816,0.00000,0.01745,0.01356,0.08216,0.04757,0.04784,0.09140,0.05176,0.06013,0.08325,0.07315,0.28634,0.04447,0.31222,0.08349,0.07216,0.46523,0.04833,0.12159,0.08500,0.17821,0.05090,0.37700,0.02886,0.01785,0.35637,0.01746,0.06339,0.10685,0.09821,0.06720,0.38614
pointer,0.44752,0.03759,0.00000,0.35413,0.02913,0.03707,0.10324,0.01088,0.00753,0.00000,0.01731,0.00000,0.00917,0.01622,0.01177,0.10261,0.02154,0.02598,0.00818,0.01278,0.07120,0.00000,0.02850,0.03366,0.09685,0.03542,0.44135,0.00952,0.00000,0.01884,0.10402,0.30093,0.43751,0.08062,0.26402,0.01668,0.02175,0.02730,0.00000,0.09751,0.02813,0.08110,0.01071,0.03171,0.46521,0.00876,0.03808,0.04750,0.00000,0.01347,0.04934,0.03611,0.42709,0.02666,0.25000,0.00000,0.00000,0.09514,0.03935,0.00000,0.00981,0.02328,0.27563,0.27833,0.41690,0.10270,0.01745,0.00000,0.25000,0.29717,0.30060,0.25785,0.01383,0.68225,0.01475,0.00000,0.01027,0.00000,0.02312,0.05106,0.08373,0.28121,0.00000,0.00931,0.02826,0.03054,0.02790,0.01769,0.03603,0.26027,0.29307,0.00000,0.32565,0.41835,0.08634,0.07963,0.00640,0.01515
primitive_bool,0.01266,0.01150,0.00000,0.67386,0.01875,0.01400,0.06178,0.01083,0.00000,0.00000,0.01173,0.00000,0.00373,0.41189,0.00899,0.06414,0.01111,0.00657,0.01249,0.01074,0.06288,0.00000,0.00702,0.03017,0.05659,0.00999,0.01116,0.01447,0.00000,0.01214,0.06750,0.66169,0.01656,0.45842,0.66533,0.01180,0.00000,0.01112,0.00000,0.06173,0.02166,0.46323,0.01571,0.01017,0.01452,0.00892,0.01536,0.01248,0.05171,0.02804,0.00432,0.01025,0.00319,0.01766,0.65000,0.00000,0.00000,0.05911,0.01108,0.01095,0.01723,0.01204,0.66034,0.68098,0.00000,0.06849,0.01356,0.25000,0.00000,0.66173,0.66164,0.66439,0.01222,0.25484,0.01768,0.00000,0.00986,0.00000,0.00000,0.03680,0.06720,0.68851,0.00000,0.02419,0.02345,0.01198,0.01178,0.00000,0.01802,0.65000,0.65000,0.00000,0.66132,0.00598,0.06792,0.06219,0.00000,0.01060
primitive_float,0.09587,0.10692,0.03042,0.69251,0.08982,0.07029,0.17319,0.06024,0.05229,0.02170,0.05388,0.00613,0.06970,0.50074,0.03793,0.18395,0.09974,0.04753,0.02104,0.05421,0.17548,0.01863,0.10890,0.01866,0.14529,0.13290,0.11724,0.07139,0.03338,0.10680,0.18720,0.72622,0.07300,0.54276,0.70654,0.05501,0.07828,0.08150,0.01912,0.18584,0.06576,0.54584,0.08272,0.13592,0.13976,0.05424,0.13400,0.14116,0.02562,0.07324,0.06768,0.09959,0.09002,0.08062,0.65549,0.00000,0.01744,0.17421,0.11421,0.01783,0.06307,0.07480,0.74540,0.68761,0.06768,0.17830,0.08216,0.29717,0.66173,0.00000,0.74712,0.66676,0.08739,0.31207,0.06804,0.02535,0.05449,0.00865,0.02455,0.04724,0.17241,0.72744,0.00526,0.03187,0.09754,0.09632,0.12046,0.06498,0.12036,0.66626,0.68574,0.02506,0.68894,0.05987,0.17685,0.14815,0.02209,0.09707
primitive_integer,0.10947,0.14621,0.00000,0.69420,0.03645,0.12711,0.13596,0.02354,0.02758,0.00000,0.08811,0.00000,0.02574,0.46533,0.02422,0.10834,0.04486,0.03059,0.02358,0.02558,0.13496,0.00000,0.07939,0.02912,0.14277,0.09016,0.11528,0.03313,0.00438,0.07785,0.15535,0.70206,0.07815,0.52943,0.67985,0.03444,0.09861,0.05704,0.01688,0.15182,0.04181,0.50631,0.04595,0.09140,0.13313,0.01950,0.09103,0.10543,0.00869,0.01310,0.10015,0.09196,0.13884,0.05165,0.66167,0.01220,0.02340,0.12981,0.11012,0.00544,0.02354,0.09281,0.71228,0.67455,0.09587,0.12720,0.04757,0.30060,0.66164,0.74712,0.00000,0.67516,0.05894,0.35490,0.03313,0.01207,0.03795,0.00000,0.01766,0.02077,0.18360,0.70628,0.01323,0.01979,0.06798,0.10765,0.06172,0.06133,0.07973,0.65000,0.69319,0.00276,0.68585,0.05669,0.17626,0.13140,0.00486,0.05915
primitive_string,0.05147,0.04439,0.00000,0.66557,0.01419,0.02419,0.07797,0.00000,0.05658,0.00000,0.01080,0.00000,0.00942,0.46026,0.01408,0.07192,0.03404,0.00629,0.00000,0.05522,0.09366,0.00000,0.02632,0.00716,0.08247,0.03471,0.03406,0.02962,0.00000,0.02886,0.08501,0.69832,0.01832,0.50315,0.69001,0.01074,0.03338,0.05607,0.02661,0.07925,0.06863,0.47619,0.01650,0.02510,0.03958,0.01320,0.02552,0.03475,0.00794,0.02812,0.01296,0.04880,0.04159,0.04914,0.69805,0.00000,0.00000,0.07666,0.04023,0.00571,0.02314,0.02142,0.68980,0.66268,0.02740,0.09224,0.04784,0.25785,0.66439,0.66676,0.67516,0.00000,0.01502,0.27897,0.01629,0.00769,0.00663,0.00000,0.00952,0.02506,0.08989,0.69359,0.04636,0.00743,0.03700,0.01645,0.02291,0.01628,0.04011,0.68003,0.65278,0.06456,0.65985,0.02190,0.08518,0.08365,0.01021,0.03049
random,0.09607,0.74505,0.00000,0.01401,0.06684,0.06658,0.10769,0.04933,0.01008,0.00644,0.06917,0.00000,0.05695,0.07502,0.04995,0.09881,0.09795,0.03548,0.03390,0.04999,0.09557,0.02001,0.11025,0.67272,0.07521,0.11205,0.09596,0.73682,0.01533,0.10562,0.11547,0.06909,0.07618,0.07322,0.04576,0.69514,0.02516,0.06492,0.00355,0.09816,0.04466,0.10444,0.75188,0.11968,0.08854,0.04062,0.10964,0.10448,0.01389,0.03054,0.05136,0.05924,0.07587,0.08056,0.00774,0.00000,0.00000,0.09787,0.75978,0.01999,0.75739,0.08332,0.07575,0.04600,0.04201,0.11524,0.09140,0.01383,0.01222,0.08739,0.05894,0.01502,0.00000,0.03196,0.72537,0.00000,0.04951,0.01994,0.02902,0.04707,0.07570,0.07478,0.01112,0.02339,0.10092,0.10174,0.10725,0.73119,0.08748,0.01801,0.00767,0.00194,0.01821,0.07659,0.08533,0.10020,0.00306,0.09146
reference,0.49289,0.13898,0.00000,0.27941,0.05604,0.10150,0.14324,0.03749,0.05884,0.00000,0.09253,0.00000,0.04418,0.06520,0.01211,0.12458,0.06336,0.03914,0.05452,0.05761,0.15915,0.00000,0.08362,0.04899,0.15166,0.09745,0.48843,0.03801,0.01290,0.09457,0.15764,0.31848,0.51845,0.15990,0.30803,0.04697,0.13090,0.05801,0.02190,0.13684,0.09584,0.11121,0.04728,0.08348,0.49975,0.04990,0.08976,0.10000,0.02494,0.03089,0.08730,0.10075,0.54033,0.08346,0.26376,0.00000,0.00000,0.13500,0.11650,0.02196,0.02595,0.11052,0.33758,0.29643,0.54523,0.14462,0.05176,0.68225,0.25484,0.31207,0.35490,0.27897,0.03196,0.00000,0.03936,0.00517,0.05885,0.00933,0.04391,0.04557,0.16807,0.32720,0.01977,0.04865,0.09613,0.10769,0.06474,0.02401,0.11484,0.25551,0.33519,0.04455,0.28439,0.44780,0.16873,0.13453,0.00573,0.07889
reflection,0.08752,0.72328,0.00000,0.01125,0.05383,0.03629,0.08083,0.04663,0.03692,0.00931,0.06455,0.01499,0.06939,0.07200,0.05562,0.07218,0.07973,0.05056,0.02876,0.05452,0.08814,0.03797,0.07907,0.66811,0.06130,0.08175,0.07774,0.71687,0.03657,0.08236,0.08328,0.06611,0.06853,0.06648,0.08234,0.70546,0.02254,0.05604,0.00513,0.06769,0.05677,0.07512,0.73534,0.09144,0.06241,0.07843,0.07569,0.07321,0.00976,0.05544,0.03836,0.05596,0.04544,0.07514,0.01493,0.00000,0.00000,0.07506,0.73813,0.03222,0.71043,0.07290,0.08689,0.05449,0.02865,0.08819,0.06013,0.01475,0.01768,0.06804,0.03313,0.01629,0.72537,0.03936,0.00000,0.03333,0.06517,0.04486,0.04557,0.05781,0.06916,0.05714,0.02010,0.03342,0.07868,0.07136,0.07666,0.69517,0.08449,0.01421,0.00289,0.02310,0.03239,0.04344,0.07405,0.08092,0.00000,0.06437
return,0.01539,0.01235,0.22981,0.00000,0.09393,0.01452,0.01769,0.07323,0.08100,0.65000,0.01260,0.04167,0.05505,0.07911,0.00000,0.02420,0.07216,0.00926,0.00000,0.07672,0.03943,0.65000,0.27608,0.00000,0.04266,0.27827,0.03540,0.00273,0.72531,0.67241,0.02730,0.03417,0.00000,0.02844,0.04480,0.04196,0.28414,0.07459,0.66743,0.02021,0.07487,0.00468,0.02257,0.01844,0.02085,0.01144,0.05854,0.06567,0.04167,0.11984,0.01245,0.01223,0.01311,0.06314,0.00000,0.04167,0.00000,0.01368,0.02168,0.00000,0.00480,0.03565,0.01902,0.00000,0.02116,0.02875,0.08325,0.00000,0.00000,0.02535,0.01207,0.00769,0.00000,0.00517,0.03333,0.00000,0.00689,0.17777,0.00000,0.09296,0.03357,0.00000,0.25000,0.00547,0.02210,0.02450,0.27848,0.00000,0.06017,0.00000,0.00410,0.08924,0.00000,0.01438,0.03086,0.01868,0.65000,0.06783
scope,0.06850,0.06315,0.00000,0.00582,0.10609,0.03207,0.15475,0.07420,0.02633,0.00803,0.08641,0.00000,0.73607,0.05994,0.04325,0.12925,0.09508,0.05254,0.05057,0.14872,0.14541,0.00935,0.08643,0.01560,0.12690,0.09067,0.07863,0.05790,0.01471,0.09489,0.14598,0.06043,0.05519,0.15659,0.08950,0.10151,0.04261,0.28100,0.00994,0.12891,0.07556,0.13123,0.07746,0.08498,0.06400,0.70250,0.08666,0.08789,0.02028,0.05015,0.04667,0.07475,0.08112,0.09133,0.00911,0.00000,0.00000,0.13904,0.08576,0.70072,0.06596,0.07227,0.08302,0.04873,0.04665,0.14868,0.07315,0.01027,0.00986,0.05449,0.03795,0.00663,0.04951,0.05885,0.06517,0.00689,0.00000,0.02002,0.71150,0.03759,0.12472,0.04316,0.04042,0.81631,0.10822,0.06012,0.07661,0.03568,0.09678,0.02142,0.01393,0.02316,0.02132,0.07065,0.13746,0.14200,0.00382,0.10059
set,0.02893,0.01310,0.65000,0.00000,0.29270,0.01523,0.02619,0.29703,0.30671,0.04167,0.02073,0.25000,0.03797,0.28988,0.00000,0.02136,0.27679,0.00000,0.00000,0.71318,0.03661,0.04167,0.06998,0.03380,0.03879,0.06388,0.02697,0.00787,0.13216,0.07262,0.02145,0.03815,0.01331,0.02978,0.04724,0.00413,0.04167,0.26210,0.04167,0.01588,0.50224,0.01054,0.03297,0.02729,0.00991,0.00000,0.26956,0.26886,0.26406,0.30824,0.00399,0.01974,0.00982,0.68987,0.01524,0.25000,0.00000,0.02024,0.02973,0.00000,0.02078,0.05512,0.02563,0.00000,0.01643,0.02378,0.28634,0.00000,0.00000,0.00865,0.00000,0.00000,0.01994,0.00933,0.04486,0.17777,0.02002,0.00000,0.00000,0.71903,0.02767,0.00691,0.06356,0.01973,0.03016,0.01623,0.06785,0.00576,0.67884,0.00000,0.00000,0.30716,0.01744,0.01382,0.02425,0.03021,0.04167,0.28587
shadowing,0.04433,0.03152,0.00000,0.00000,0.05689,0.01567,0.09864,0.05699,0.05519,0.01633,0.04689,0.00000,0.67779,0.04882,0.02497,0.09922,0.06301,0.05061,0.00826,0.07733,0.10163,0.01902,0.05354,0.00000,0.09838,0.04612,0.04798,0.02420,0.02525,0.06292,0.09895,0.05732,0.04143,0.10630,0.02759,0.03194,0.02637,0.23094,0.00000,0.08918,0.05981,0.09066,0.04201,0.05388,0.04340,0.67006,0.05077,0.04557,0.00000,0.04174,0.02413,0.02674,0.03513,0.05679,0.00000,0.00000,0.00000,0.09156,0.04714,0.65000,0.02800,0.04826,0.05516,0.04610,0.02200,0.10338,0.04447,0.02312,0.00000,0.02455,0.01766,0.00952,0.02902,0.04391,0.04557,0.00000,0.71150,0.00000,0.00000,0.00582,0.08001,0.03364,0.00000,0.69070,0.05679,0.03232,0.05425,0.02557,0.04785,0.03320,0.01586,0.04295,0.01061,0.02967,0.08762,0.09661,0.00776,0.05512
slice,0.05488,0.05242,0.65000,0.05483,0.33709,0.04280,0.05525,0.28330,0.27974,0.04167,0.04105,0.25000,0.03870,0.31204,0.01513,0.05384,0.30657,0.01716,0.02974,0.70172,0.05550,0.04167,0.08704,0.06369,0.05352,0.09627,0.05216,0.04978,0.07986,0.09926,0.05493,0.04692,0.05758,0.04812,0.05432,0.02819,0.06787,0.29853,0.04167,0.04464,0.54637,0.05416,0.05528,0.06205,0.04145,0.04066,0.30391,0.30175,0.27561,0.31248,0.02256,0.03876,0.03554,0.71505,0.01148,0.25000,0.00000,0.04751,0.05957,0.01843,0.03970,0.07146,0.06107,0.05052,0.02801,0.06010,0.31222,0.05106,0.03680,0.04724,0.02077,0.02506,0.04707,0.04557,0.05781,0.09296,0.03759,0.71903,0.00582,0.00000,0.04292,0.03158,0.04167,0.01941,0.04831,0.02993,0.09925,0.02100,0.71709,0.01093,0.02691,0.27154,0.03122,0.02763,0.05206,0.06007,0.04848,0.30996
struct,0.14371,0.15339,0.02013,0.10319,0.07552,0.10214,0.39541,0.05688,0.06287,0.01609,0.09088,0.00999,0.11757,0.09732,0.03114,0.37569,0.10310,0.04033,0.03265,0.06741,0.39139,0.00395,0.12835,0.03659,0.37490,0.15280,0.14789,0.05811,0.02393,0.13229,0.42478,0.14717,0.10562,0.37788,0.12646,0.06808,0.16643,0.09316,0.02052,0.43465,0.08351,0.35175,0.08739,0.14460,0.17046,0.08794,0.15199,0.19302,0.02942,0.04120,0.09257,0.12069,0.16835,0.10034,0.06391,0.00674,0.00287,0.41230,0.15243,0.07621,0.06225,0.10424,0.18355,0.09625,0.09943,0.40738,0.08349,0.08373,0.06720,0.17241,0.18360,0.08989,0.07570,0.16807,0.06916,0.03357,0.12472,0.02767,0.08001,0.04292,0.00000,0.13516,0.02047,0.11286,0.12736,0.12847,0.12569,0.05929,0.17036,0.06679,0.12701,0.04683,0.10824,0.06266,0.46268,0.37035,0.00564,0.10543
subtyping,0.08743,0.09229,0.00000,0.69747,0.07061,0.06331,0.16922,0.04375,0.03387,0.00670,0.05508,0.01078,0.02705,0.48243,0.03853,0.15193,0.08390,0.01586,0.05763,0.03894,0.13784,0.00780,0.08440,0.02325,0.13512,0.10587,0.08738,0.05403,0.00191,0.10082,0.16057,0.73453,0.09294,0.55172,0.71453,0.03035,0.05588,0.05894,0.01660,0.14397,0.07270,0.55529,0.05332,0.11631,0.10112,0.03704,0.10788,0.10677,0.01692,0.01654,0.05429,0.09752,0.07558,0.09881,0.67751,0.00000,0.00000,0.14146,0.12253,0.02465,0.05240,0.07237,0.74459,0.71737,0.03410,0.17539,0.07216,0.28121,0.68851,0.72744,0.70628,0.69359,0.07478,0.32720,0.05714,0.00000,0.04316,0.00691,0.03364,0.03158,0.13516,0.00000,0.02217,0.03918,0.10425,0.07735,0.09792,0.04356,0.11150,0.68660,0.71149,0.02013,0.70925,0.04699,0.13950,0.14129,0.00000,0.07925
switch_match,0.02814,0.02966,0.04167,0.00000,0.06268,0.01593,0.01663,0.04674,0.04167,0.25000,0.03408,0.04167,0.01155,0.06241,0.00000,0.01357,0.04914,0.03217,0.01288,0.05173,0.03053,0.25000,0.27661,0.00000,0.02705,0.27109,0.02480,0.02084,0.26009,0.27877,0.01918,0.02748,0.01114,0.02938,0.00930,0.03734,0.26784,0.06387,0.31424,0.01508,0.06959,0.01822,0.00838,0.02441,0.01958,0.03450,0.06004,0.05708,0.07303,0.06053,0.02114,0.03620,0.02122,0.06600,0.06374,0.04167,0.00000,0.01677,0.02660,0.01129,0.01159,0.03835,0.02221,0.00000,0.03011,0.02072,0.46523,0.00000,0.00000,0.00526,0.01323,0.04636,0.01112,0.01977,0.02010,0.25000,0.04042,0.06356,0.00000,0.04167,0.02047,0.02217,0.00000,0.01467,0.02418,0.02450,0.27313,0.00643,0.05895,0.00000,0.00659,0.04167,0.01945,0.04368,0.02142,0.01844,0.26681,0.06445
symbol_table,0.04063,0.04919,0.00000,0.00616,0.09038,0.03487,0.11620,0.07537,0.02724,0.01274,0.07577,0.00000,0.71882,0.03783,0.02645,0.09865,0.07330,0.03611,0.02128,0.13583,0.11161,0.01484,0.05825,0.02796,0.10525,0.05404,0.04286,0.03701,0.01971,0.05786,0.11503,0.04128,0.03615,0.13277,0.07064,0.09153,0.03743,0.26646,0.01579,0.09925,0.06916,0.08932,0.04726,0.04459,0.03596,0.66520,0.04849,0.05675,0.01335,0.03887,0.02741,0.06386,0.09096,0.04975,0.00511,0.00000,0.00000,0.11068,0.05474,0.68306,0.03230,0.05367,0.05315,0.01858,0.02871,0.12104,0.04833,0.00931,0.02419,0.03187,0.01979,0.00743,0.02339,0.04865,0.03342,0.00547,0.81631,0.01973,0.69070,0.01941,0.11286,0.03918,0.01467,0.00000,0.07781,0.03765,0.04373,0.02060,0.06268,0.00000,0.00743,0.03064,0.01753,0.02123,0.11781,0.10820,0.00606,0.07075
task_async,0.12352,0.12700,0.00000,0.02369,0.11480,0.54089,0.17956,0.34024,0.10319,0.00365,0.11233,0.00588,0.09425,0.12127,0.49869,0.16176,0.14401,0.05201,0.04595,0.12914,0.16095,0.00780,0.16058,0.02293,0.11302,0.18298,0.12863,0.08294,0.04599,0.16426,0.17821,0.12159,0.10408,0.16101,0.10096,0.07320,0.07526,0.11986,0.03541,0.16825,0.12294,0.13373,0.11649,0.16846,0.13270,0.06074,0.17638,0.17209,0.04693,0.07408,0.53974,0.10824,0.11291,0.12606,0.02867,0.00000,0.45000,0.16842,0.16317,0.02940,0.11916,0.11907,0.13493,0.05421,0.08035,0.17218,0.12159,0.02826,0.02345,0.09754,0.06798,0.03700,0.10092,0.09613,0.07868,0.02210,0.10822,0.03016,0.05679,0.04831,0.12736,0.10425,0.02418,0.07781,0.00000,0.59567,0.15467,0.06446,0.16248,0.01718,0.05053,0.08632,0.03309,0.07472,0.14383,0.12563,0.01766,0.34935
thread,0.12953,0.16256,0.02200,0.03458,0.06101,0.78702,0.13549,0.06717,0.03362,0.01758,0.11984,0.00596,0.08864,0.07483,0.69494,0.14126,0.10813,0.03550,0.04551,0.04856,0.12152,0.01509,0.14853,0.03053,0.10767,0.16893,0.14181,0.07757,0.00264,0.12207,0.16360,0.08463,0.13250,0.10595,0.05938,0.07700,0.08643,0.06940,0.01528,0.16410,0.06685,0.11582,0.11148,0.14337,0.13398,0.05691,0.16116,0.16009,0.02349,0.03853,0.77704,0.10117,0.14377,0.10729,0.01545,0.00736,0.66727,0.15621,0.15583,0.02240,0.10874,0.11531,0.10192,0.05040,0.11230,0.13865,0.08500,0.03054,0.01198,0.09632,0.10765,0.01645,0.10174,0.10769,0.07136,0.02450,0.06012,0.01623,0.03232,0.02993,0.12847,0.07735,0.02450,0.03765,0.59567,0.00000,0.13299,0.07689,0.12968,0.01129,0.05252,0.02030,0.03359,0.09664,0.14792,0.12438,0.00323,0.09794
throw_raise,0.10933,0.09908,0.06173,0.02379,0.14642,0.06615,0.19477,0.14302,0.10601,0.25301,0.08235,0.05056,0.12154,0.15407,0.05130,0.22742,0.19890,0.05682,0.03089,0.12284,0.15320,0.26229,0.83723,0.02059,0.10261,0.89971,0.14171,0.09624,0.29927,0.43409,0.21162,0.11639,0.08455,0.13648,0.08015,0.06383,0.31877,0.15906,0.28153,0.21033,0.12193,0.14850,0.14685,0.18937,0.15625,0.04956,0.27483,0.27174,0.07119,0.11372,0.06093,0.09218,0.07749,0.17200,0.03250,0.04167,0.00000,0.18979,0.16870,0.02740,0.11248,0.09706,0.14408,0.04984,0.05736,0.19832,0.17821,0.02790,0.01178,0.12046,0.06172,0.02291,0.10725,0.06474,0.07666,0.27848,0.07661,0.06785,0.05425,0.09925,0.12569,0.09792,0.27313,0.04373,0.15467,0.13299,0.00000,0.05192,0.22464,0.01647,0.03583,0.09136,0.03340,0.07201,0.14480,0.12910,0.28010,0.21484
time,0.06149,0.71581,0.00000,0.01350,0.02287,0.06784,0.05738,0.03654,0.01027,0.00000,0.03715,0.00000,0.02720,0.04922,0.03294,0.04572,0.04720,0.03002,0.01979,0.03004,0.06239,0.00000,0.05512,0.65745,0.05154,0.05612,0.05841,0.69101,0.00000,0.05455,0.05765,0.03952,0.04537,0.04064,0.02122,0.67330,0.01259,0.03035,0.00000,0.05525,0.02855,0.06032,0.69719,0.07304,0.06154,0.03229,0.05722,0.05610,0.00826,0.01655,0.04307,0.05359,0.05725,0.03954,0.00448,0.00000,0.00000,0.04977,0.70192,0.01684,0.72374,0.04664,0.04689,0.02103,0.02953,0.05648,0.05090,0.01769,0.00000,0.06498,0.06133,0.01628,0.73119,0.02401,0.69517,0.00000,0.03568,0.00576,0.02557,0.02100,0.05929,0.04356,0.00643,0.02060,0.06446,0.07689,0.05192,0.00000,0.05193,0.00852,0.00145,0.00000,0.00512,0.05649,0.06084,0.05748,0.00531,0.04819
tuple,0.13788,0.13047,0.65224,0.04190,0.36449,0.08554,0.19095,0.33007,0.34338,0.04480,0.10139,0.25925,0.09369,0.37294,0.03977,0.18399,0.40892,0.05141,0.04266,0.76177,0.17887,0.05444,0.20168,0.02855,0.11749,0.24355,0.14410,0.08805,0.08245,0.23267,0.22218,0.12377,0.10811,0.17286,0.10621,0.07147,0.18596,0.37221,0.07532,0.20199,0.57091,0.14709,0.12602,0.17233,0.17634,0.04468,0.45326,0.48068,0.26255,0.31126,0.08199,0.12254,0.13189,0.79642,0.02333,0.25000,0.00000,0.20107,0.19060,0.03537,0.08676,0.11552,0.20043,0.05037,0.07382,0.21314,0.37700,0.03603,0.01802,0.12036,0.07973,0.04011,0.08748,0.11484,0.08449,0.06017,0.09678,0.67884,0.04785,0.71709,0.17036,0.11150,0.05895,0.06268,0.16248,0.12968,0.22464,0.05193,0.00000,0.01952,0.06189,0.32969,0.06287,0.06896,0.20327,0.13727,0.06054,0.41396
tuple_type,0.01839,0.00683,0.00000,0.65000,0.02506,0.01125,0.06877,0.02242,0.00000,0.00000,0.00471,0.00000,0.01785,0.42548,0.00000,0.06344,0.02034,0.00000,0.00000,0.00667,0.06668,0.00000,0.02021,0.00000,0.07935,0.01592,0.01489,0.00000,0.00000,0.02049,0.06537,0.67584,0.00492,0.47426,0.67156,0.02687,0.00411,0.02011,0.00000,0.06138,0.04610,0.47544,0.00000,0.01717,0.01548,0.01219,0.01490,0.01352,0.00000,0.01527,0.00000,0.01167,0.00363,0.02565,0.66876,0.00000,0.00000,0.06451,0.02131,0.00000,0.00512,0.00968,0.66689,0.70601,0.00694,0.06793,0.02886,0.26027,0.65000,0.66626,0.65000,0.68003,0.01801,0.25551,0.01421,0.00000,0.02142,0.00000,0.03320,0.01093,0.06679,0.68660,0.00000,0.00000,0.01718,0.01129,0.01647,0.00852,0.01952,0.00000,0.66456,0.00000,0.66289,0.02610,0.06738,0.06990,0.00000,0.01942
type_inference,0.07459,0.07299,0.00000,0.69889,0.03035,0.05207,0.10329,0.00994,0.02277,0.00000,0.02376,0.00000,0.01741,0.43708,0.00876,0.09086,0.03512,0.00609,0.04202,0.01019,0.09739,0.00000,0.04617,0.04294,0.10514,0.04271,0.05695,0.00809,0.00000,0.04806,0.11218,0.70249,0.06823,0.52087,0.68577,0.01991,0.08759,0.02838,0.00315,0.10326,0.04817,0.50634,0.01345,0.05044,0.06015,0.02690,0.04395,0.05609,0.03528,0.00311,0.05378,0.06029,0.07182,0.07296,0.65459,0.00000,0.00000,0.10583,0.05642,0.00813,0.00626,0.04437,0.71481,0.68530,0.03735,0.11227,0.01785,0.29307,0.65000,0.68574,0.69319,0.65278,0.00767,0.33519,0.00289,0.00410,0.01393,0.00000,0.01586,0.02691,0.12701,0.71149,0.00659,0.00743,0.05053,0.05252,0.03583,0.00145,0.06189,0.66456,0.00000,0.01721,0.69464,0.01144,0.12301,0.08952,0.00000,0.03305
unary_op,0.04097,0.03973,0.25000,0.00000,0.74986,0.00000,0.07757,0.36665,0.91955,0.04167,0.03064,0.65000,0.06132,0.36273,0.00000,0.05182,0.33790,0.01503,0.00000,0.44057,0.10115,0.04167,0.10209,0.00000,0.06392,0.10438,0.03714,0.00000,0.16343,0.09362,0.06426,0.12054,0.00194,0.10487,0.08279,0.02816,0.08136,0.56362,0.12218,0.04813,0.63535,0.01842,0.03026,0.04235,0.05650,0.00240,0.70547,0.70619,0.65000,0.72797,0.00000,0.04522,0.04075,0.30263,0.00000,0.65000,0.00000,0.05611,0.07160,0.02800,0.00202,0.04358,0.08000,0.00000,0.01436,0.07409,0.35637,0.00000,0.00000,0.02506,0.00276,0.06456,0.00194,0.04455,0.02310,0.08924,0.02316,0.30716,0.04295,0.27154,0.04683,0.02013,0.04167,0.03064,0.08632,0.02030,0.09136,0.00000,0.32969,0.00000,0.01721,0.00000,0.00254,0.00832,0.05210,0.01997,0.09434,0.35377
union_sum,0.03736,0.04589,0.00000,0.78067,0.04855,0.03835,0.10409,0.01517,0.00210,0.00000,0.01936,0.00000,0.02198,0.41700,0.01723,0.09624,0.04719,0.00540,0.02951,0.01805,0.07417,0.00000,0.02191,0.04224,0.08232,0.03708,0.02911,0.01165,0.00000,0.03188,0.08840,0.70320,0.03093,0.50004,0.67978,0.00661,0.02781,0.01680,0.00000,0.08786,0.05254,0.48965,0.01150,0.04514,0.06391,0.00000,0.04390,0.04123,0.02499,0.01878,0.03664,0.02261,0.04217,0.04210,0.65677,0.00000,0.00000,0.09025,0.04624,0.00450,0.02103,0.02788,0.68500,0.67682,0.00626,0.08818,0.01746,0.32565,0.66132,0.68894,0.68585,0.65985,0.01821,0.28439,0.03239,0.00000,0.02132,0.01744,0.01061,0.03122,0.10824,0.70925,0.01945,0.01753,0.03309,0.03359,0.03340,0.00512,0.06287,0.66289,0.69464,0.00254,0.00000,0.02763,0.09021,0.07176,0.00000,0.02067
unsafe,0.71979,0.07182,0.00000,0.00863,0.05270,0.07641,0.07595,0.04594,0.02074,0.00000,0.07584,0.01437,0.04335,0.06875,0.02633,0.07740,0.06663,0.04810,0.02914,0.04316,0.07067,0.00000,0.07161,0.02207,0.07084,0.08300,0.72963,0.07294,0.00212,0.08027,0.08717,0.05945,0.71672,0.06811,0.06498,0.04617,0.03776,0.05992,0.01352,0.07167,0.05467,0.07147,0.06553,0.08561,0.72081,0.03581,0.08154,0.08062,0.00990,0.03462,0.05277,0.07670,0.71453,0.07157,0.05335,0.00000,0.00000,0.07406,0.09138,0.00831,0.05670,0.08307,0.06796,0.04959,0.71144,0.08205,0.06339,0.41835,0.00598,0.05987,0.05669,0.02190,0.07659,0.44780,0.04344,0.01438,0.07065,0.01382,0.02967,0.02763,0.06266,0.04699,0.04368,0.02123,0.07472,0.09664,0.07201,0.05649,0.06896,0.02610,0.01144,0.00832,0.02763,0.00000,0.07266,0.08259,0.00778,0.06490
variable,0.15712,0.17655,0.01858,0.09249,0.09153,0.11873,0.81046,0.06310,0.06791,0.01326,0.10304,0.00824,0.13866,0.11119,0.03277,0.78630,0.11801,0.04905,0.04139,0.08445,0.80647,0.00325,0.14146,0.03651,0.38825,0.18218,0.17015,0.08470,0.02969,0.16234,0.87203,0.15088,0.11690,0.39961,0.13567,0.10038,0.17845,0.11485,0.02859,0.86826,0.08721,0.38126,0.11426,0.16823,0.18604,0.09943,0.17669,0.23513,0.02734,0.05181,0.09467,0.13374,0.18664,0.12170,0.08122,0.00000,0.01302,0.84501,0.17939,0.07568,0.07799,0.11011,0.22229,0.10027,0.09716,0.84626,0.10685,0.08634,0.06792,0.17685,0.17626,0.08518,0.08533,0.16873,0.07405,0.03086,0.13746,0.02425,0.08762,0.05206,0.46268,0.13950,0.02142,0.11781,0.14383,0.14792,0.14480,0.06084,0.20327,0.06738,0.12301,0.05210,0.09021,0.07266,0.00000,0.79560,0.01681,0.12464
visibility,0.14297,0.13416,0.00339,0.06013,0.08150,0.09269,0.79299,0.05367,0.02559,0.00475,0.08564,0.01400,0.12487,0.09438,0.05849,0.77900,0.10056,0.04357,0.04516,0.07170,0.77318,0.01014,0.10988,0.01925,0.36725,0.14606,0.14299,0.10111,0.02134,0.14441,0.79599,0.16246,0.10939,0.36808,0.12498,0.07936,0.05533,0.09192,0.01176,0.78224,0.07121,0.38410,0.10449,0.15303,0.12644,0.09399,0.13550,0.14471,0.01725,0.03856,0.08071,0.11773,0.11895,0.12158,0.06759,0.00000,0.00403,0.78453,0.14431,0.09325,0.10210,0.09772,0.18249,0.12147,0.07694,0.79630,0.09821,0.07963,0.06219,0.14815,0.13140,0.08365,0.10020,0.13453,0.08092,0.01868,0.14200,0.03021,0.09661,0.06007,0.37035,0.14129,0.01844,0.10820,0.12563,0.12438,0.12910,0.05748,0.13727,0.06990,0.08952,0.01997,0.07176,0.08259,0.79560,0.00000,0.00414,0.10872
while,0.00341,0.00213,0.04167,0.00000,0.07697,0.00643,0.01696,0.07662,0.08522,0.65000,0.03722,0.04167,0.02651,0.06898,0.00766,0.01481,0.06258,0.01026,0.00000,0.08394,0.02081,0.65000,0.26935,0.00000,0.00255,0.26540,0.01666,0.00362,0.84180,0.67258,0.01389,0.03222,0.00307,0.02146,0.03201,0.00000,0.25000,0.07464,0.87195,0.01825,0.07911,0.00194,0.00231,0.01519,0.00287,0.00000,0.06557,0.06335,0.04167,0.08928,0.00981,0.02870,0.00226,0.06804,0.00000,0.04167,0.00000,0.01127,0.01926,0.00000,0.00319,0.00805,0.02106,0.00000,0.00361,0.01392,0.06720,0.00640,0.00000,0.02209,0.00486,0.01021,0.00306,0.00573,0.00000,0.65000,0.00382,0.04167,0.00776,0.04848,0.00564,0.00000,0.26681,0.00606,0.01766,0.00323,0.28010,0.00531,0.06054,0.00000,0.00000,0.09434,0.00000,0.00778,0.01681,0.00414,0.00000,0.06654
yield,0.09210,0.09059,0.25295,0.01231,0.36152,0.05533,0.15526,0.76692,0.36818,0.06128,0.10914,0.26219,0.10887,0.36162,0.02842,0.14610,0.39442,0.05670,0.02529,0.39291,0.15408,0.05449,0.17911,0.01675,0.10629,0.21604,0.12142,0.08453,0.09935,0.21186,0.16417,0.12363,0.06435,0.13290,0.08452,0.07292,0.09107,0.37150,0.07464,0.15246,0.35777,0.10854,0.11188,0.14307,0.10851,0.04298,0.41905,0.41914,0.27468,0.33139,0.06041,0.10656,0.07610,0.36038,0.01075,0.25000,0.00000,0.13591,0.14714,0.03232,0.09019,0.11146,0.12625,0.04176,0.05939,0.15715,0.38614,0.01515,0.01060,0.09707,0.05915,0.03049,0.09146,0.07889,0.06437,0.06783,0.10059,0.28587,0.05512,0.30996,0.10543,0.07925,0.06445,0.07075,0.34935,0.09794,0.21484,0.04819,0.41396,0.01942,0.03305,0.35377,0.02067,0.06490,0.12464,0.10872,0.06654,0.00000
